[
  {
    "name": "Application Start",
    "start": 1576003190894,
    "end": 1576003191121,
    "duration": 227,
    "pid": 4081,
    "index": 0
  },
  {
    "name": "Load Plugin",
    "start": 1576003190897,
    "end": 1576003190903,
    "duration": 6,
    "pid": 4081,
    "index": 1
  },
  {
    "name": "Load Config",
    "start": 1576003190903,
    "end": 1576003190914,
    "duration": 11,
    "pid": 4081,
    "index": 2
  },
  {
    "name": "Require(0) config/config.default.js",
    "start": 1576003190903,
    "end": 1576003190904,
    "duration": 1,
    "pid": 4081,
    "index": 3
  },
  {
    "name": "Require(1) node_modules/egg-session/config/config.default.js",
    "start": 1576003190905,
    "end": 1576003190905,
    "duration": 0,
    "pid": 4081,
    "index": 4
  },
  {
    "name": "Require(2) node_modules/egg-security/config/config.default.js",
    "start": 1576003190905,
    "end": 1576003190905,
    "duration": 0,
    "pid": 4081,
    "index": 5
  },
  {
    "name": "Require(3) node_modules/egg-jsonp/config/config.default.js",
    "start": 1576003190905,
    "end": 1576003190905,
    "duration": 0,
    "pid": 4081,
    "index": 6
  },
  {
    "name": "Require(4) node_modules/egg-onerror/config/config.default.js",
    "start": 1576003190906,
    "end": 1576003190906,
    "duration": 0,
    "pid": 4081,
    "index": 7
  },
  {
    "name": "Require(5) node_modules/egg-i18n/config/config.default.js",
    "start": 1576003190906,
    "end": 1576003190906,
    "duration": 0,
    "pid": 4081,
    "index": 8
  },
  {
    "name": "Require(6) node_modules/egg-watcher/config/config.default.js",
    "start": 1576003190906,
    "end": 1576003190906,
    "duration": 0,
    "pid": 4081,
    "index": 9
  },
  {
    "name": "Require(7) node_modules/egg-schedule/config/config.default.js",
    "start": 1576003190907,
    "end": 1576003190907,
    "duration": 0,
    "pid": 4081,
    "index": 10
  },
  {
    "name": "Require(8) node_modules/egg-multipart/config/config.default.js",
    "start": 1576003190907,
    "end": 1576003190907,
    "duration": 0,
    "pid": 4081,
    "index": 11
  },
  {
    "name": "Require(9) node_modules/egg-development/config/config.default.js",
    "start": 1576003190907,
    "end": 1576003190907,
    "duration": 0,
    "pid": 4081,
    "index": 12
  },
  {
    "name": "Require(10) node_modules/egg-logrotator/config/config.default.js",
    "start": 1576003190907,
    "end": 1576003190908,
    "duration": 1,
    "pid": 4081,
    "index": 13
  },
  {
    "name": "Require(11) node_modules/egg-static/config/config.default.js",
    "start": 1576003190908,
    "end": 1576003190908,
    "duration": 0,
    "pid": 4081,
    "index": 14
  },
  {
    "name": "Require(12) node_modules/egg-view/config/config.default.js",
    "start": 1576003190908,
    "end": 1576003190908,
    "duration": 0,
    "pid": 4081,
    "index": 15
  },
  {
    "name": "Require(13) node_modules/egg-view-ejs/config/config.default.js",
    "start": 1576003190908,
    "end": 1576003190908,
    "duration": 0,
    "pid": 4081,
    "index": 16
  },
  {
    "name": "Require(14) node_modules/egg-mysql/config/config.default.js",
    "start": 1576003190909,
    "end": 1576003190909,
    "duration": 0,
    "pid": 4081,
    "index": 17
  },
  {
    "name": "Require(15) node_modules/egg-validate/config/config.default.js",
    "start": 1576003190909,
    "end": 1576003190909,
    "duration": 0,
    "pid": 4081,
    "index": 18
  },
  {
    "name": "Require(16) node_modules/egg-jwt/config/config.default.js",
    "start": 1576003190909,
    "end": 1576003190909,
    "duration": 0,
    "pid": 4081,
    "index": 19
  },
  {
    "name": "Require(17) node_modules/egg/config/config.default.js",
    "start": 1576003190909,
    "end": 1576003190909,
    "duration": 0,
    "pid": 4081,
    "index": 20
  },
  {
    "name": "Require(18) config/config.default.js",
    "start": 1576003190912,
    "end": 1576003190912,
    "duration": 0,
    "pid": 4081,
    "index": 21
  },
  {
    "name": "Require(19) node_modules/egg-security/config/config.local.js",
    "start": 1576003190913,
    "end": 1576003190913,
    "duration": 0,
    "pid": 4081,
    "index": 22
  },
  {
    "name": "Require(20) node_modules/egg-watcher/config/config.local.js",
    "start": 1576003190913,
    "end": 1576003190913,
    "duration": 0,
    "pid": 4081,
    "index": 23
  },
  {
    "name": "Require(21) node_modules/egg-view/config/config.local.js",
    "start": 1576003190913,
    "end": 1576003190913,
    "duration": 0,
    "pid": 4081,
    "index": 24
  },
  {
    "name": "Require(22) node_modules/egg-view-ejs/config/config.local.js",
    "start": 1576003190913,
    "end": 1576003190914,
    "duration": 1,
    "pid": 4081,
    "index": 25
  },
  {
    "name": "Require(23) node_modules/egg/config/config.local.js",
    "start": 1576003190914,
    "end": 1576003190914,
    "duration": 0,
    "pid": 4081,
    "index": 26
  },
  {
    "name": "Load extend/application.js",
    "start": 1576003190915,
    "end": 1576003190933,
    "duration": 18,
    "pid": 4081,
    "index": 27
  },
  {
    "name": "Require(24) node_modules/egg-session/app/extend/application.js",
    "start": 1576003190915,
    "end": 1576003190915,
    "duration": 0,
    "pid": 4081,
    "index": 28
  },
  {
    "name": "Require(25) node_modules/egg-security/app/extend/application.js",
    "start": 1576003190915,
    "end": 1576003190916,
    "duration": 1,
    "pid": 4081,
    "index": 29
  },
  {
    "name": "Require(26) node_modules/egg-jsonp/app/extend/application.js",
    "start": 1576003190916,
    "end": 1576003190916,
    "duration": 0,
    "pid": 4081,
    "index": 30
  },
  {
    "name": "Require(27) node_modules/egg-logrotator/app/extend/application.js",
    "start": 1576003190916,
    "end": 1576003190917,
    "duration": 1,
    "pid": 4081,
    "index": 31
  },
  {
    "name": "Require(28) node_modules/egg-view/app/extend/application.js",
    "start": 1576003190917,
    "end": 1576003190917,
    "duration": 0,
    "pid": 4081,
    "index": 32
  },
  {
    "name": "Require(29) node_modules/egg-jwt/app/extend/application.js",
    "start": 1576003190918,
    "end": 1576003190933,
    "duration": 15,
    "pid": 4081,
    "index": 33
  },
  {
    "name": "Load extend/request.js",
    "start": 1576003190933,
    "end": 1576003190934,
    "duration": 1,
    "pid": 4081,
    "index": 34
  },
  {
    "name": "Require(30) node_modules/egg/app/extend/request.js",
    "start": 1576003190934,
    "end": 1576003190934,
    "duration": 0,
    "pid": 4081,
    "index": 35
  },
  {
    "name": "Load extend/response.js",
    "start": 1576003190934,
    "end": 1576003190936,
    "duration": 2,
    "pid": 4081,
    "index": 36
  },
  {
    "name": "Require(31) node_modules/egg/app/extend/response.js",
    "start": 1576003190935,
    "end": 1576003190935,
    "duration": 0,
    "pid": 4081,
    "index": 37
  },
  {
    "name": "Load extend/context.js",
    "start": 1576003190936,
    "end": 1576003190967,
    "duration": 31,
    "pid": 4081,
    "index": 38
  },
  {
    "name": "Require(32) node_modules/egg-security/app/extend/context.js",
    "start": 1576003190936,
    "end": 1576003190939,
    "duration": 3,
    "pid": 4081,
    "index": 39
  },
  {
    "name": "Require(33) node_modules/egg-jsonp/app/extend/context.js",
    "start": 1576003190939,
    "end": 1576003190940,
    "duration": 1,
    "pid": 4081,
    "index": 40
  },
  {
    "name": "Require(34) node_modules/egg-i18n/app/extend/context.js",
    "start": 1576003190940,
    "end": 1576003190940,
    "duration": 0,
    "pid": 4081,
    "index": 41
  },
  {
    "name": "Require(35) node_modules/egg-multipart/app/extend/context.js",
    "start": 1576003190940,
    "end": 1576003190965,
    "duration": 25,
    "pid": 4081,
    "index": 42
  },
  {
    "name": "Require(36) node_modules/egg-view/app/extend/context.js",
    "start": 1576003190965,
    "end": 1576003190966,
    "duration": 1,
    "pid": 4081,
    "index": 43
  },
  {
    "name": "Require(37) node_modules/egg-validate/app/extend/context.js",
    "start": 1576003190966,
    "end": 1576003190966,
    "duration": 0,
    "pid": 4081,
    "index": 44
  },
  {
    "name": "Require(38) node_modules/egg/app/extend/context.js",
    "start": 1576003190966,
    "end": 1576003190967,
    "duration": 1,
    "pid": 4081,
    "index": 45
  },
  {
    "name": "Load extend/helper.js",
    "start": 1576003190967,
    "end": 1576003190975,
    "duration": 8,
    "pid": 4081,
    "index": 46
  },
  {
    "name": "Require(39) node_modules/egg-security/app/extend/helper.js",
    "start": 1576003190968,
    "end": 1576003190974,
    "duration": 6,
    "pid": 4081,
    "index": 47
  },
  {
    "name": "Require(40) node_modules/egg/app/extend/helper.js",
    "start": 1576003190974,
    "end": 1576003190975,
    "duration": 1,
    "pid": 4081,
    "index": 48
  },
  {
    "name": "Load app.js",
    "start": 1576003190975,
    "end": 1576003190995,
    "duration": 20,
    "pid": 4081,
    "index": 49
  },
  {
    "name": "Require(41) node_modules/egg-session/app.js",
    "start": 1576003190975,
    "end": 1576003190975,
    "duration": 0,
    "pid": 4081,
    "index": 50
  },
  {
    "name": "Require(42) node_modules/egg-security/app.js",
    "start": 1576003190976,
    "end": 1576003190976,
    "duration": 0,
    "pid": 4081,
    "index": 51
  },
  {
    "name": "Require(43) node_modules/egg-onerror/app.js",
    "start": 1576003190976,
    "end": 1576003190980,
    "duration": 4,
    "pid": 4081,
    "index": 52
  },
  {
    "name": "Require(44) node_modules/egg-i18n/app.js",
    "start": 1576003190980,
    "end": 1576003190985,
    "duration": 5,
    "pid": 4081,
    "index": 53
  },
  {
    "name": "Require(45) node_modules/egg-watcher/app.js",
    "start": 1576003190985,
    "end": 1576003190986,
    "duration": 1,
    "pid": 4081,
    "index": 54
  },
  {
    "name": "Require(46) node_modules/egg-schedule/app.js",
    "start": 1576003190986,
    "end": 1576003190986,
    "duration": 0,
    "pid": 4081,
    "index": 55
  },
  {
    "name": "Require(47) node_modules/egg-multipart/app.js",
    "start": 1576003190987,
    "end": 1576003190987,
    "duration": 0,
    "pid": 4081,
    "index": 56
  },
  {
    "name": "Require(48) node_modules/egg-development/app.js",
    "start": 1576003190987,
    "end": 1576003190987,
    "duration": 0,
    "pid": 4081,
    "index": 57
  },
  {
    "name": "Require(49) node_modules/egg-logrotator/app.js",
    "start": 1576003190988,
    "end": 1576003190988,
    "duration": 0,
    "pid": 4081,
    "index": 58
  },
  {
    "name": "Require(50) node_modules/egg-static/app.js",
    "start": 1576003190988,
    "end": 1576003190988,
    "duration": 0,
    "pid": 4081,
    "index": 59
  },
  {
    "name": "Require(51) node_modules/egg-view-ejs/app.js",
    "start": 1576003190988,
    "end": 1576003190988,
    "duration": 0,
    "pid": 4081,
    "index": 60
  },
  {
    "name": "Require(52) node_modules/egg-mysql/app.js",
    "start": 1576003190988,
    "end": 1576003190994,
    "duration": 6,
    "pid": 4081,
    "index": 61
  },
  {
    "name": "Require(53) node_modules/egg-validate/app.js",
    "start": 1576003190994,
    "end": 1576003190995,
    "duration": 1,
    "pid": 4081,
    "index": 62
  },
  {
    "name": "Require(54) node_modules/egg-jwt/app.js",
    "start": 1576003190995,
    "end": 1576003190995,
    "duration": 0,
    "pid": 4081,
    "index": 63
  },
  {
    "name": "Before Start in node_modules/egg-watcher/lib/init.js:15:14",
    "start": 1576003191003,
    "end": 1576003191118,
    "duration": 115,
    "pid": 4081,
    "index": 64
  },
  {
    "name": "Before Start in node_modules/egg-mysql/lib/mysql.js:20:7",
    "start": 1576003191051,
    "end": 1576003191120,
    "duration": 69,
    "pid": 4081,
    "index": 65
  },
  {
    "name": "Load Service",
    "start": 1576003191051,
    "end": 1576003191057,
    "duration": 6,
    "pid": 4081,
    "index": 66
  },
  {
    "name": "Load \"service\" to Context",
    "start": 1576003191051,
    "end": 1576003191057,
    "duration": 6,
    "pid": 4081,
    "index": 67
  },
  {
    "name": "Load Middleware",
    "start": 1576003191057,
    "end": 1576003191090,
    "duration": 33,
    "pid": 4081,
    "index": 68
  },
  {
    "name": "Load \"middlewares\" to Application",
    "start": 1576003191057,
    "end": 1576003191082,
    "duration": 25,
    "pid": 4081,
    "index": 69
  },
  {
    "name": "Load Controller",
    "start": 1576003191090,
    "end": 1576003191097,
    "duration": 7,
    "pid": 4081,
    "index": 70
  },
  {
    "name": "Load \"controller\" to Application",
    "start": 1576003191091,
    "end": 1576003191097,
    "duration": 6,
    "pid": 4081,
    "index": 71
  },
  {
    "name": "Load Router",
    "start": 1576003191097,
    "end": 1576003191099,
    "duration": 2,
    "pid": 4081,
    "index": 72
  },
  {
    "name": "Require(55) app/router.js",
    "start": 1576003191097,
    "end": 1576003191098,
    "duration": 1,
    "pid": 4081,
    "index": 73
  },
  {
    "name": "Before Start in node_modules/egg-core/lib/egg.js:303:10",
    "start": 1576003191098,
    "end": 1576003191108,
    "duration": 10,
    "pid": 4081,
    "index": 74
  }
]