[
  {
    "name": "Application Start",
    "start": 1576001999676,
    "end": 1576001999887,
    "duration": 211,
    "pid": 3606,
    "index": 0
  },
  {
    "name": "Load Plugin",
    "start": 1576001999679,
    "end": 1576001999684,
    "duration": 5,
    "pid": 3606,
    "index": 1
  },
  {
    "name": "Load Config",
    "start": 1576001999684,
    "end": 1576001999694,
    "duration": 10,
    "pid": 3606,
    "index": 2
  },
  {
    "name": "Require(0) config/config.default.js",
    "start": 1576001999685,
    "end": 1576001999685,
    "duration": 0,
    "pid": 3606,
    "index": 3
  },
  {
    "name": "Require(1) node_modules/egg-session/config/config.default.js",
    "start": 1576001999686,
    "end": 1576001999686,
    "duration": 0,
    "pid": 3606,
    "index": 4
  },
  {
    "name": "Require(2) node_modules/egg-security/config/config.default.js",
    "start": 1576001999686,
    "end": 1576001999686,
    "duration": 0,
    "pid": 3606,
    "index": 5
  },
  {
    "name": "Require(3) node_modules/egg-jsonp/config/config.default.js",
    "start": 1576001999687,
    "end": 1576001999687,
    "duration": 0,
    "pid": 3606,
    "index": 6
  },
  {
    "name": "Require(4) node_modules/egg-onerror/config/config.default.js",
    "start": 1576001999687,
    "end": 1576001999687,
    "duration": 0,
    "pid": 3606,
    "index": 7
  },
  {
    "name": "Require(5) node_modules/egg-i18n/config/config.default.js",
    "start": 1576001999687,
    "end": 1576001999687,
    "duration": 0,
    "pid": 3606,
    "index": 8
  },
  {
    "name": "Require(6) node_modules/egg-watcher/config/config.default.js",
    "start": 1576001999688,
    "end": 1576001999688,
    "duration": 0,
    "pid": 3606,
    "index": 9
  },
  {
    "name": "Require(7) node_modules/egg-schedule/config/config.default.js",
    "start": 1576001999688,
    "end": 1576001999688,
    "duration": 0,
    "pid": 3606,
    "index": 10
  },
  {
    "name": "Require(8) node_modules/egg-multipart/config/config.default.js",
    "start": 1576001999688,
    "end": 1576001999688,
    "duration": 0,
    "pid": 3606,
    "index": 11
  },
  {
    "name": "Require(9) node_modules/egg-development/config/config.default.js",
    "start": 1576001999689,
    "end": 1576001999689,
    "duration": 0,
    "pid": 3606,
    "index": 12
  },
  {
    "name": "Require(10) node_modules/egg-logrotator/config/config.default.js",
    "start": 1576001999689,
    "end": 1576001999689,
    "duration": 0,
    "pid": 3606,
    "index": 13
  },
  {
    "name": "Require(11) node_modules/egg-static/config/config.default.js",
    "start": 1576001999689,
    "end": 1576001999689,
    "duration": 0,
    "pid": 3606,
    "index": 14
  },
  {
    "name": "Require(12) node_modules/egg-view/config/config.default.js",
    "start": 1576001999689,
    "end": 1576001999690,
    "duration": 1,
    "pid": 3606,
    "index": 15
  },
  {
    "name": "Require(13) node_modules/egg-view-ejs/config/config.default.js",
    "start": 1576001999690,
    "end": 1576001999690,
    "duration": 0,
    "pid": 3606,
    "index": 16
  },
  {
    "name": "Require(14) node_modules/egg-mysql/config/config.default.js",
    "start": 1576001999690,
    "end": 1576001999690,
    "duration": 0,
    "pid": 3606,
    "index": 17
  },
  {
    "name": "Require(15) node_modules/egg-validate/config/config.default.js",
    "start": 1576001999690,
    "end": 1576001999690,
    "duration": 0,
    "pid": 3606,
    "index": 18
  },
  {
    "name": "Require(16) node_modules/egg-jwt/config/config.default.js",
    "start": 1576001999691,
    "end": 1576001999691,
    "duration": 0,
    "pid": 3606,
    "index": 19
  },
  {
    "name": "Require(17) node_modules/egg/config/config.default.js",
    "start": 1576001999691,
    "end": 1576001999691,
    "duration": 0,
    "pid": 3606,
    "index": 20
  },
  {
    "name": "Require(18) config/config.default.js",
    "start": 1576001999693,
    "end": 1576001999693,
    "duration": 0,
    "pid": 3606,
    "index": 21
  },
  {
    "name": "Require(19) node_modules/egg-security/config/config.local.js",
    "start": 1576001999693,
    "end": 1576001999693,
    "duration": 0,
    "pid": 3606,
    "index": 22
  },
  {
    "name": "Require(20) node_modules/egg-watcher/config/config.local.js",
    "start": 1576001999694,
    "end": 1576001999694,
    "duration": 0,
    "pid": 3606,
    "index": 23
  },
  {
    "name": "Require(21) node_modules/egg-view/config/config.local.js",
    "start": 1576001999694,
    "end": 1576001999694,
    "duration": 0,
    "pid": 3606,
    "index": 24
  },
  {
    "name": "Require(22) node_modules/egg-view-ejs/config/config.local.js",
    "start": 1576001999694,
    "end": 1576001999694,
    "duration": 0,
    "pid": 3606,
    "index": 25
  },
  {
    "name": "Require(23) node_modules/egg/config/config.local.js",
    "start": 1576001999694,
    "end": 1576001999694,
    "duration": 0,
    "pid": 3606,
    "index": 26
  },
  {
    "name": "Load extend/application.js",
    "start": 1576001999695,
    "end": 1576001999713,
    "duration": 18,
    "pid": 3606,
    "index": 27
  },
  {
    "name": "Require(24) node_modules/egg-session/app/extend/application.js",
    "start": 1576001999696,
    "end": 1576001999696,
    "duration": 0,
    "pid": 3606,
    "index": 28
  },
  {
    "name": "Require(25) node_modules/egg-security/app/extend/application.js",
    "start": 1576001999696,
    "end": 1576001999696,
    "duration": 0,
    "pid": 3606,
    "index": 29
  },
  {
    "name": "Require(26) node_modules/egg-jsonp/app/extend/application.js",
    "start": 1576001999696,
    "end": 1576001999697,
    "duration": 1,
    "pid": 3606,
    "index": 30
  },
  {
    "name": "Require(27) node_modules/egg-logrotator/app/extend/application.js",
    "start": 1576001999697,
    "end": 1576001999697,
    "duration": 0,
    "pid": 3606,
    "index": 31
  },
  {
    "name": "Require(28) node_modules/egg-view/app/extend/application.js",
    "start": 1576001999698,
    "end": 1576001999698,
    "duration": 0,
    "pid": 3606,
    "index": 32
  },
  {
    "name": "Require(29) node_modules/egg-jwt/app/extend/application.js",
    "start": 1576001999698,
    "end": 1576001999712,
    "duration": 14,
    "pid": 3606,
    "index": 33
  },
  {
    "name": "Load extend/request.js",
    "start": 1576001999713,
    "end": 1576001999714,
    "duration": 1,
    "pid": 3606,
    "index": 34
  },
  {
    "name": "Require(30) node_modules/egg/app/extend/request.js",
    "start": 1576001999713,
    "end": 1576001999714,
    "duration": 1,
    "pid": 3606,
    "index": 35
  },
  {
    "name": "Load extend/response.js",
    "start": 1576001999714,
    "end": 1576001999715,
    "duration": 1,
    "pid": 3606,
    "index": 36
  },
  {
    "name": "Require(31) node_modules/egg/app/extend/response.js",
    "start": 1576001999715,
    "end": 1576001999715,
    "duration": 0,
    "pid": 3606,
    "index": 37
  },
  {
    "name": "Load extend/context.js",
    "start": 1576001999715,
    "end": 1576001999744,
    "duration": 29,
    "pid": 3606,
    "index": 38
  },
  {
    "name": "Require(32) node_modules/egg-security/app/extend/context.js",
    "start": 1576001999716,
    "end": 1576001999718,
    "duration": 2,
    "pid": 3606,
    "index": 39
  },
  {
    "name": "Require(33) node_modules/egg-jsonp/app/extend/context.js",
    "start": 1576001999718,
    "end": 1576001999719,
    "duration": 1,
    "pid": 3606,
    "index": 40
  },
  {
    "name": "Require(34) node_modules/egg-i18n/app/extend/context.js",
    "start": 1576001999719,
    "end": 1576001999719,
    "duration": 0,
    "pid": 3606,
    "index": 41
  },
  {
    "name": "Require(35) node_modules/egg-multipart/app/extend/context.js",
    "start": 1576001999719,
    "end": 1576001999742,
    "duration": 23,
    "pid": 3606,
    "index": 42
  },
  {
    "name": "Require(36) node_modules/egg-view/app/extend/context.js",
    "start": 1576001999742,
    "end": 1576001999743,
    "duration": 1,
    "pid": 3606,
    "index": 43
  },
  {
    "name": "Require(37) node_modules/egg-validate/app/extend/context.js",
    "start": 1576001999743,
    "end": 1576001999743,
    "duration": 0,
    "pid": 3606,
    "index": 44
  },
  {
    "name": "Require(38) node_modules/egg/app/extend/context.js",
    "start": 1576001999743,
    "end": 1576001999743,
    "duration": 0,
    "pid": 3606,
    "index": 45
  },
  {
    "name": "Load extend/helper.js",
    "start": 1576001999744,
    "end": 1576001999751,
    "duration": 7,
    "pid": 3606,
    "index": 46
  },
  {
    "name": "Require(39) node_modules/egg-security/app/extend/helper.js",
    "start": 1576001999744,
    "end": 1576001999750,
    "duration": 6,
    "pid": 3606,
    "index": 47
  },
  {
    "name": "Require(40) node_modules/egg/app/extend/helper.js",
    "start": 1576001999750,
    "end": 1576001999751,
    "duration": 1,
    "pid": 3606,
    "index": 48
  },
  {
    "name": "Load app.js",
    "start": 1576001999751,
    "end": 1576001999770,
    "duration": 19,
    "pid": 3606,
    "index": 49
  },
  {
    "name": "Require(41) node_modules/egg-session/app.js",
    "start": 1576001999751,
    "end": 1576001999751,
    "duration": 0,
    "pid": 3606,
    "index": 50
  },
  {
    "name": "Require(42) node_modules/egg-security/app.js",
    "start": 1576001999751,
    "end": 1576001999752,
    "duration": 1,
    "pid": 3606,
    "index": 51
  },
  {
    "name": "Require(43) node_modules/egg-onerror/app.js",
    "start": 1576001999752,
    "end": 1576001999755,
    "duration": 3,
    "pid": 3606,
    "index": 52
  },
  {
    "name": "Require(44) node_modules/egg-i18n/app.js",
    "start": 1576001999755,
    "end": 1576001999760,
    "duration": 5,
    "pid": 3606,
    "index": 53
  },
  {
    "name": "Require(45) node_modules/egg-watcher/app.js",
    "start": 1576001999760,
    "end": 1576001999761,
    "duration": 1,
    "pid": 3606,
    "index": 54
  },
  {
    "name": "Require(46) node_modules/egg-schedule/app.js",
    "start": 1576001999761,
    "end": 1576001999762,
    "duration": 1,
    "pid": 3606,
    "index": 55
  },
  {
    "name": "Require(47) node_modules/egg-multipart/app.js",
    "start": 1576001999762,
    "end": 1576001999762,
    "duration": 0,
    "pid": 3606,
    "index": 56
  },
  {
    "name": "Require(48) node_modules/egg-development/app.js",
    "start": 1576001999762,
    "end": 1576001999763,
    "duration": 1,
    "pid": 3606,
    "index": 57
  },
  {
    "name": "Require(49) node_modules/egg-logrotator/app.js",
    "start": 1576001999763,
    "end": 1576001999763,
    "duration": 0,
    "pid": 3606,
    "index": 58
  },
  {
    "name": "Require(50) node_modules/egg-static/app.js",
    "start": 1576001999763,
    "end": 1576001999763,
    "duration": 0,
    "pid": 3606,
    "index": 59
  },
  {
    "name": "Require(51) node_modules/egg-view-ejs/app.js",
    "start": 1576001999763,
    "end": 1576001999763,
    "duration": 0,
    "pid": 3606,
    "index": 60
  },
  {
    "name": "Require(52) node_modules/egg-mysql/app.js",
    "start": 1576001999763,
    "end": 1576001999768,
    "duration": 5,
    "pid": 3606,
    "index": 61
  },
  {
    "name": "Require(53) node_modules/egg-validate/app.js",
    "start": 1576001999768,
    "end": 1576001999769,
    "duration": 1,
    "pid": 3606,
    "index": 62
  },
  {
    "name": "Require(54) node_modules/egg-jwt/app.js",
    "start": 1576001999769,
    "end": 1576001999769,
    "duration": 0,
    "pid": 3606,
    "index": 63
  },
  {
    "name": "Before Start in node_modules/egg-watcher/lib/init.js:15:14",
    "start": 1576001999777,
    "end": 1576001999884,
    "duration": 107,
    "pid": 3606,
    "index": 64
  },
  {
    "name": "Before Start in node_modules/egg-mysql/lib/mysql.js:20:7",
    "start": 1576001999824,
    "end": 1576001999887,
    "duration": 63,
    "pid": 3606,
    "index": 65
  },
  {
    "name": "Load Service",
    "start": 1576001999825,
    "end": 1576001999830,
    "duration": 5,
    "pid": 3606,
    "index": 66
  },
  {
    "name": "Load \"service\" to Context",
    "start": 1576001999825,
    "end": 1576001999830,
    "duration": 5,
    "pid": 3606,
    "index": 67
  },
  {
    "name": "Load Middleware",
    "start": 1576001999831,
    "end": 1576001999859,
    "duration": 28,
    "pid": 3606,
    "index": 68
  },
  {
    "name": "Load \"middlewares\" to Application",
    "start": 1576001999831,
    "end": 1576001999853,
    "duration": 22,
    "pid": 3606,
    "index": 69
  },
  {
    "name": "Load Controller",
    "start": 1576001999859,
    "end": 1576001999863,
    "duration": 4,
    "pid": 3606,
    "index": 70
  },
  {
    "name": "Load \"controller\" to Application",
    "start": 1576001999859,
    "end": 1576001999863,
    "duration": 4,
    "pid": 3606,
    "index": 71
  },
  {
    "name": "Load Router",
    "start": 1576001999863,
    "end": 1576001999865,
    "duration": 2,
    "pid": 3606,
    "index": 72
  },
  {
    "name": "Require(55) app/router.js",
    "start": 1576001999863,
    "end": 1576001999864,
    "duration": 1,
    "pid": 3606,
    "index": 73
  },
  {
    "name": "Before Start in node_modules/egg-core/lib/egg.js:303:10",
    "start": 1576001999864,
    "end": 1576001999875,
    "duration": 11,
    "pid": 3606,
    "index": 74
  }
]