[
  {
    "name": "Application Start",
    "start": 1576004219902,
    "end": 1576004220108,
    "duration": 206,
    "pid": 4513,
    "index": 0
  },
  {
    "name": "Load Plugin",
    "start": 1576004219905,
    "end": 1576004219910,
    "duration": 5,
    "pid": 4513,
    "index": 1
  },
  {
    "name": "Load Config",
    "start": 1576004219910,
    "end": 1576004219919,
    "duration": 9,
    "pid": 4513,
    "index": 2
  },
  {
    "name": "Require(0) config/config.default.js",
    "start": 1576004219911,
    "end": 1576004219911,
    "duration": 0,
    "pid": 4513,
    "index": 3
  },
  {
    "name": "Require(1) node_modules/egg-session/config/config.default.js",
    "start": 1576004219912,
    "end": 1576004219912,
    "duration": 0,
    "pid": 4513,
    "index": 4
  },
  {
    "name": "Require(2) node_modules/egg-security/config/config.default.js",
    "start": 1576004219912,
    "end": 1576004219912,
    "duration": 0,
    "pid": 4513,
    "index": 5
  },
  {
    "name": "Require(3) node_modules/egg-jsonp/config/config.default.js",
    "start": 1576004219913,
    "end": 1576004219913,
    "duration": 0,
    "pid": 4513,
    "index": 6
  },
  {
    "name": "Require(4) node_modules/egg-onerror/config/config.default.js",
    "start": 1576004219913,
    "end": 1576004219913,
    "duration": 0,
    "pid": 4513,
    "index": 7
  },
  {
    "name": "Require(5) node_modules/egg-i18n/config/config.default.js",
    "start": 1576004219913,
    "end": 1576004219913,
    "duration": 0,
    "pid": 4513,
    "index": 8
  },
  {
    "name": "Require(6) node_modules/egg-watcher/config/config.default.js",
    "start": 1576004219913,
    "end": 1576004219914,
    "duration": 1,
    "pid": 4513,
    "index": 9
  },
  {
    "name": "Require(7) node_modules/egg-schedule/config/config.default.js",
    "start": 1576004219914,
    "end": 1576004219914,
    "duration": 0,
    "pid": 4513,
    "index": 10
  },
  {
    "name": "Require(8) node_modules/egg-multipart/config/config.default.js",
    "start": 1576004219914,
    "end": 1576004219914,
    "duration": 0,
    "pid": 4513,
    "index": 11
  },
  {
    "name": "Require(9) node_modules/egg-development/config/config.default.js",
    "start": 1576004219914,
    "end": 1576004219914,
    "duration": 0,
    "pid": 4513,
    "index": 12
  },
  {
    "name": "Require(10) node_modules/egg-logrotator/config/config.default.js",
    "start": 1576004219915,
    "end": 1576004219915,
    "duration": 0,
    "pid": 4513,
    "index": 13
  },
  {
    "name": "Require(11) node_modules/egg-static/config/config.default.js",
    "start": 1576004219915,
    "end": 1576004219915,
    "duration": 0,
    "pid": 4513,
    "index": 14
  },
  {
    "name": "Require(12) node_modules/egg-view/config/config.default.js",
    "start": 1576004219915,
    "end": 1576004219915,
    "duration": 0,
    "pid": 4513,
    "index": 15
  },
  {
    "name": "Require(13) node_modules/egg-view-ejs/config/config.default.js",
    "start": 1576004219915,
    "end": 1576004219916,
    "duration": 1,
    "pid": 4513,
    "index": 16
  },
  {
    "name": "Require(14) node_modules/egg-mysql/config/config.default.js",
    "start": 1576004219916,
    "end": 1576004219916,
    "duration": 0,
    "pid": 4513,
    "index": 17
  },
  {
    "name": "Require(15) node_modules/egg-validate/config/config.default.js",
    "start": 1576004219916,
    "end": 1576004219916,
    "duration": 0,
    "pid": 4513,
    "index": 18
  },
  {
    "name": "Require(16) node_modules/egg-jwt/config/config.default.js",
    "start": 1576004219916,
    "end": 1576004219916,
    "duration": 0,
    "pid": 4513,
    "index": 19
  },
  {
    "name": "Require(17) node_modules/egg/config/config.default.js",
    "start": 1576004219916,
    "end": 1576004219917,
    "duration": 1,
    "pid": 4513,
    "index": 20
  },
  {
    "name": "Require(18) config/config.default.js",
    "start": 1576004219917,
    "end": 1576004219917,
    "duration": 0,
    "pid": 4513,
    "index": 21
  },
  {
    "name": "Require(19) node_modules/egg-security/config/config.local.js",
    "start": 1576004219918,
    "end": 1576004219918,
    "duration": 0,
    "pid": 4513,
    "index": 22
  },
  {
    "name": "Require(20) node_modules/egg-watcher/config/config.local.js",
    "start": 1576004219918,
    "end": 1576004219918,
    "duration": 0,
    "pid": 4513,
    "index": 23
  },
  {
    "name": "Require(21) node_modules/egg-view/config/config.local.js",
    "start": 1576004219918,
    "end": 1576004219918,
    "duration": 0,
    "pid": 4513,
    "index": 24
  },
  {
    "name": "Require(22) node_modules/egg-view-ejs/config/config.local.js",
    "start": 1576004219918,
    "end": 1576004219918,
    "duration": 0,
    "pid": 4513,
    "index": 25
  },
  {
    "name": "Require(23) node_modules/egg/config/config.local.js",
    "start": 1576004219919,
    "end": 1576004219919,
    "duration": 0,
    "pid": 4513,
    "index": 26
  },
  {
    "name": "Load extend/application.js",
    "start": 1576004219920,
    "end": 1576004219938,
    "duration": 18,
    "pid": 4513,
    "index": 27
  },
  {
    "name": "Require(24) node_modules/egg-session/app/extend/application.js",
    "start": 1576004219920,
    "end": 1576004219921,
    "duration": 1,
    "pid": 4513,
    "index": 28
  },
  {
    "name": "Require(25) node_modules/egg-security/app/extend/application.js",
    "start": 1576004219921,
    "end": 1576004219921,
    "duration": 0,
    "pid": 4513,
    "index": 29
  },
  {
    "name": "Require(26) node_modules/egg-jsonp/app/extend/application.js",
    "start": 1576004219921,
    "end": 1576004219922,
    "duration": 1,
    "pid": 4513,
    "index": 30
  },
  {
    "name": "Require(27) node_modules/egg-logrotator/app/extend/application.js",
    "start": 1576004219922,
    "end": 1576004219923,
    "duration": 1,
    "pid": 4513,
    "index": 31
  },
  {
    "name": "Require(28) node_modules/egg-view/app/extend/application.js",
    "start": 1576004219923,
    "end": 1576004219923,
    "duration": 0,
    "pid": 4513,
    "index": 32
  },
  {
    "name": "Require(29) node_modules/egg-jwt/app/extend/application.js",
    "start": 1576004219923,
    "end": 1576004219937,
    "duration": 14,
    "pid": 4513,
    "index": 33
  },
  {
    "name": "Load extend/request.js",
    "start": 1576004219938,
    "end": 1576004219939,
    "duration": 1,
    "pid": 4513,
    "index": 34
  },
  {
    "name": "Require(30) node_modules/egg/app/extend/request.js",
    "start": 1576004219938,
    "end": 1576004219939,
    "duration": 1,
    "pid": 4513,
    "index": 35
  },
  {
    "name": "Load extend/response.js",
    "start": 1576004219939,
    "end": 1576004219942,
    "duration": 3,
    "pid": 4513,
    "index": 36
  },
  {
    "name": "Require(31) node_modules/egg/app/extend/response.js",
    "start": 1576004219940,
    "end": 1576004219940,
    "duration": 0,
    "pid": 4513,
    "index": 37
  },
  {
    "name": "Load extend/context.js",
    "start": 1576004219942,
    "end": 1576004219971,
    "duration": 29,
    "pid": 4513,
    "index": 38
  },
  {
    "name": "Require(32) node_modules/egg-security/app/extend/context.js",
    "start": 1576004219942,
    "end": 1576004219945,
    "duration": 3,
    "pid": 4513,
    "index": 39
  },
  {
    "name": "Require(33) node_modules/egg-jsonp/app/extend/context.js",
    "start": 1576004219945,
    "end": 1576004219945,
    "duration": 0,
    "pid": 4513,
    "index": 40
  },
  {
    "name": "Require(34) node_modules/egg-i18n/app/extend/context.js",
    "start": 1576004219946,
    "end": 1576004219946,
    "duration": 0,
    "pid": 4513,
    "index": 41
  },
  {
    "name": "Require(35) node_modules/egg-multipart/app/extend/context.js",
    "start": 1576004219946,
    "end": 1576004219969,
    "duration": 23,
    "pid": 4513,
    "index": 42
  },
  {
    "name": "Require(36) node_modules/egg-view/app/extend/context.js",
    "start": 1576004219970,
    "end": 1576004219970,
    "duration": 0,
    "pid": 4513,
    "index": 43
  },
  {
    "name": "Require(37) node_modules/egg-validate/app/extend/context.js",
    "start": 1576004219970,
    "end": 1576004219970,
    "duration": 0,
    "pid": 4513,
    "index": 44
  },
  {
    "name": "Require(38) node_modules/egg/app/extend/context.js",
    "start": 1576004219970,
    "end": 1576004219971,
    "duration": 1,
    "pid": 4513,
    "index": 45
  },
  {
    "name": "Load extend/helper.js",
    "start": 1576004219971,
    "end": 1576004219979,
    "duration": 8,
    "pid": 4513,
    "index": 46
  },
  {
    "name": "Require(39) node_modules/egg-security/app/extend/helper.js",
    "start": 1576004219972,
    "end": 1576004219977,
    "duration": 5,
    "pid": 4513,
    "index": 47
  },
  {
    "name": "Require(40) node_modules/egg/app/extend/helper.js",
    "start": 1576004219978,
    "end": 1576004219978,
    "duration": 0,
    "pid": 4513,
    "index": 48
  },
  {
    "name": "Load app.js",
    "start": 1576004219979,
    "end": 1576004219997,
    "duration": 18,
    "pid": 4513,
    "index": 49
  },
  {
    "name": "Require(41) node_modules/egg-session/app.js",
    "start": 1576004219979,
    "end": 1576004219979,
    "duration": 0,
    "pid": 4513,
    "index": 50
  },
  {
    "name": "Require(42) node_modules/egg-security/app.js",
    "start": 1576004219979,
    "end": 1576004219980,
    "duration": 1,
    "pid": 4513,
    "index": 51
  },
  {
    "name": "Require(43) node_modules/egg-onerror/app.js",
    "start": 1576004219980,
    "end": 1576004219983,
    "duration": 3,
    "pid": 4513,
    "index": 52
  },
  {
    "name": "Require(44) node_modules/egg-i18n/app.js",
    "start": 1576004219983,
    "end": 1576004219987,
    "duration": 4,
    "pid": 4513,
    "index": 53
  },
  {
    "name": "Require(45) node_modules/egg-watcher/app.js",
    "start": 1576004219987,
    "end": 1576004219988,
    "duration": 1,
    "pid": 4513,
    "index": 54
  },
  {
    "name": "Require(46) node_modules/egg-schedule/app.js",
    "start": 1576004219988,
    "end": 1576004219989,
    "duration": 1,
    "pid": 4513,
    "index": 55
  },
  {
    "name": "Require(47) node_modules/egg-multipart/app.js",
    "start": 1576004219989,
    "end": 1576004219990,
    "duration": 1,
    "pid": 4513,
    "index": 56
  },
  {
    "name": "Require(48) node_modules/egg-development/app.js",
    "start": 1576004219990,
    "end": 1576004219990,
    "duration": 0,
    "pid": 4513,
    "index": 57
  },
  {
    "name": "Require(49) node_modules/egg-logrotator/app.js",
    "start": 1576004219990,
    "end": 1576004219990,
    "duration": 0,
    "pid": 4513,
    "index": 58
  },
  {
    "name": "Require(50) node_modules/egg-static/app.js",
    "start": 1576004219990,
    "end": 1576004219990,
    "duration": 0,
    "pid": 4513,
    "index": 59
  },
  {
    "name": "Require(51) node_modules/egg-view-ejs/app.js",
    "start": 1576004219990,
    "end": 1576004219991,
    "duration": 1,
    "pid": 4513,
    "index": 60
  },
  {
    "name": "Require(52) node_modules/egg-mysql/app.js",
    "start": 1576004219991,
    "end": 1576004219996,
    "duration": 5,
    "pid": 4513,
    "index": 61
  },
  {
    "name": "Require(53) node_modules/egg-validate/app.js",
    "start": 1576004219996,
    "end": 1576004219997,
    "duration": 1,
    "pid": 4513,
    "index": 62
  },
  {
    "name": "Require(54) node_modules/egg-jwt/app.js",
    "start": 1576004219997,
    "end": 1576004219997,
    "duration": 0,
    "pid": 4513,
    "index": 63
  },
  {
    "name": "Before Start in node_modules/egg-watcher/lib/init.js:15:14",
    "start": 1576004220005,
    "end": 1576004220107,
    "duration": 102,
    "pid": 4513,
    "index": 64
  },
  {
    "name": "Before Start in node_modules/egg-mysql/lib/mysql.js:20:7",
    "start": 1576004220052,
    "end": 1576004220108,
    "duration": 56,
    "pid": 4513,
    "index": 65
  },
  {
    "name": "Load Service",
    "start": 1576004220052,
    "end": 1576004220057,
    "duration": 5,
    "pid": 4513,
    "index": 66
  },
  {
    "name": "Load \"service\" to Context",
    "start": 1576004220052,
    "end": 1576004220057,
    "duration": 5,
    "pid": 4513,
    "index": 67
  },
  {
    "name": "Load Middleware",
    "start": 1576004220057,
    "end": 1576004220083,
    "duration": 26,
    "pid": 4513,
    "index": 68
  },
  {
    "name": "Load \"middlewares\" to Application",
    "start": 1576004220057,
    "end": 1576004220078,
    "duration": 21,
    "pid": 4513,
    "index": 69
  },
  {
    "name": "Load Controller",
    "start": 1576004220083,
    "end": 1576004220087,
    "duration": 4,
    "pid": 4513,
    "index": 70
  },
  {
    "name": "Load \"controller\" to Application",
    "start": 1576004220083,
    "end": 1576004220087,
    "duration": 4,
    "pid": 4513,
    "index": 71
  },
  {
    "name": "Load Router",
    "start": 1576004220087,
    "end": 1576004220089,
    "duration": 2,
    "pid": 4513,
    "index": 72
  },
  {
    "name": "Require(55) app/router.js",
    "start": 1576004220087,
    "end": 1576004220087,
    "duration": 0,
    "pid": 4513,
    "index": 73
  },
  {
    "name": "Before Start in node_modules/egg-core/lib/egg.js:303:10",
    "start": 1576004220088,
    "end": 1576004220096,
    "duration": 8,
    "pid": 4513,
    "index": 74
  }
]