[
  {
    "name": "Application Start",
    "start": 1576004407863,
    "end": 1576004408100,
    "duration": 237,
    "pid": 4640,
    "index": 0
  },
  {
    "name": "Load Plugin",
    "start": 1576004407866,
    "end": 1576004407872,
    "duration": 6,
    "pid": 4640,
    "index": 1
  },
  {
    "name": "Load Config",
    "start": 1576004407872,
    "end": 1576004407882,
    "duration": 10,
    "pid": 4640,
    "index": 2
  },
  {
    "name": "Require(0) config/config.default.js",
    "start": 1576004407872,
    "end": 1576004407872,
    "duration": 0,
    "pid": 4640,
    "index": 3
  },
  {
    "name": "Require(1) node_modules/egg-session/config/config.default.js",
    "start": 1576004407873,
    "end": 1576004407873,
    "duration": 0,
    "pid": 4640,
    "index": 4
  },
  {
    "name": "Require(2) node_modules/egg-security/config/config.default.js",
    "start": 1576004407873,
    "end": 1576004407874,
    "duration": 1,
    "pid": 4640,
    "index": 5
  },
  {
    "name": "Require(3) node_modules/egg-jsonp/config/config.default.js",
    "start": 1576004407874,
    "end": 1576004407874,
    "duration": 0,
    "pid": 4640,
    "index": 6
  },
  {
    "name": "Require(4) node_modules/egg-onerror/config/config.default.js",
    "start": 1576004407874,
    "end": 1576004407874,
    "duration": 0,
    "pid": 4640,
    "index": 7
  },
  {
    "name": "Require(5) node_modules/egg-i18n/config/config.default.js",
    "start": 1576004407874,
    "end": 1576004407874,
    "duration": 0,
    "pid": 4640,
    "index": 8
  },
  {
    "name": "Require(6) node_modules/egg-watcher/config/config.default.js",
    "start": 1576004407875,
    "end": 1576004407875,
    "duration": 0,
    "pid": 4640,
    "index": 9
  },
  {
    "name": "Require(7) node_modules/egg-schedule/config/config.default.js",
    "start": 1576004407875,
    "end": 1576004407875,
    "duration": 0,
    "pid": 4640,
    "index": 10
  },
  {
    "name": "Require(8) node_modules/egg-multipart/config/config.default.js",
    "start": 1576004407875,
    "end": 1576004407875,
    "duration": 0,
    "pid": 4640,
    "index": 11
  },
  {
    "name": "Require(9) node_modules/egg-development/config/config.default.js",
    "start": 1576004407876,
    "end": 1576004407876,
    "duration": 0,
    "pid": 4640,
    "index": 12
  },
  {
    "name": "Require(10) node_modules/egg-logrotator/config/config.default.js",
    "start": 1576004407876,
    "end": 1576004407876,
    "duration": 0,
    "pid": 4640,
    "index": 13
  },
  {
    "name": "Require(11) node_modules/egg-static/config/config.default.js",
    "start": 1576004407876,
    "end": 1576004407876,
    "duration": 0,
    "pid": 4640,
    "index": 14
  },
  {
    "name": "Require(12) node_modules/egg-view/config/config.default.js",
    "start": 1576004407876,
    "end": 1576004407877,
    "duration": 1,
    "pid": 4640,
    "index": 15
  },
  {
    "name": "Require(13) node_modules/egg-view-ejs/config/config.default.js",
    "start": 1576004407877,
    "end": 1576004407877,
    "duration": 0,
    "pid": 4640,
    "index": 16
  },
  {
    "name": "Require(14) node_modules/egg-mysql/config/config.default.js",
    "start": 1576004407877,
    "end": 1576004407877,
    "duration": 0,
    "pid": 4640,
    "index": 17
  },
  {
    "name": "Require(15) node_modules/egg-validate/config/config.default.js",
    "start": 1576004407877,
    "end": 1576004407878,
    "duration": 1,
    "pid": 4640,
    "index": 18
  },
  {
    "name": "Require(16) node_modules/egg-jwt/config/config.default.js",
    "start": 1576004407878,
    "end": 1576004407878,
    "duration": 0,
    "pid": 4640,
    "index": 19
  },
  {
    "name": "Require(17) node_modules/egg/config/config.default.js",
    "start": 1576004407878,
    "end": 1576004407879,
    "duration": 1,
    "pid": 4640,
    "index": 20
  },
  {
    "name": "Require(18) config/config.default.js",
    "start": 1576004407880,
    "end": 1576004407880,
    "duration": 0,
    "pid": 4640,
    "index": 21
  },
  {
    "name": "Require(19) node_modules/egg-security/config/config.local.js",
    "start": 1576004407880,
    "end": 1576004407880,
    "duration": 0,
    "pid": 4640,
    "index": 22
  },
  {
    "name": "Require(20) node_modules/egg-watcher/config/config.local.js",
    "start": 1576004407881,
    "end": 1576004407881,
    "duration": 0,
    "pid": 4640,
    "index": 23
  },
  {
    "name": "Require(21) node_modules/egg-view/config/config.local.js",
    "start": 1576004407881,
    "end": 1576004407881,
    "duration": 0,
    "pid": 4640,
    "index": 24
  },
  {
    "name": "Require(22) node_modules/egg-view-ejs/config/config.local.js",
    "start": 1576004407881,
    "end": 1576004407881,
    "duration": 0,
    "pid": 4640,
    "index": 25
  },
  {
    "name": "Require(23) node_modules/egg/config/config.local.js",
    "start": 1576004407881,
    "end": 1576004407881,
    "duration": 0,
    "pid": 4640,
    "index": 26
  },
  {
    "name": "Load extend/application.js",
    "start": 1576004407882,
    "end": 1576004407900,
    "duration": 18,
    "pid": 4640,
    "index": 27
  },
  {
    "name": "Require(24) node_modules/egg-session/app/extend/application.js",
    "start": 1576004407883,
    "end": 1576004407883,
    "duration": 0,
    "pid": 4640,
    "index": 28
  },
  {
    "name": "Require(25) node_modules/egg-security/app/extend/application.js",
    "start": 1576004407883,
    "end": 1576004407883,
    "duration": 0,
    "pid": 4640,
    "index": 29
  },
  {
    "name": "Require(26) node_modules/egg-jsonp/app/extend/application.js",
    "start": 1576004407883,
    "end": 1576004407884,
    "duration": 1,
    "pid": 4640,
    "index": 30
  },
  {
    "name": "Require(27) node_modules/egg-logrotator/app/extend/application.js",
    "start": 1576004407884,
    "end": 1576004407884,
    "duration": 0,
    "pid": 4640,
    "index": 31
  },
  {
    "name": "Require(28) node_modules/egg-view/app/extend/application.js",
    "start": 1576004407885,
    "end": 1576004407885,
    "duration": 0,
    "pid": 4640,
    "index": 32
  },
  {
    "name": "Require(29) node_modules/egg-jwt/app/extend/application.js",
    "start": 1576004407885,
    "end": 1576004407899,
    "duration": 14,
    "pid": 4640,
    "index": 33
  },
  {
    "name": "Load extend/request.js",
    "start": 1576004407900,
    "end": 1576004407901,
    "duration": 1,
    "pid": 4640,
    "index": 34
  },
  {
    "name": "Require(30) node_modules/egg/app/extend/request.js",
    "start": 1576004407900,
    "end": 1576004407901,
    "duration": 1,
    "pid": 4640,
    "index": 35
  },
  {
    "name": "Load extend/response.js",
    "start": 1576004407901,
    "end": 1576004407903,
    "duration": 2,
    "pid": 4640,
    "index": 36
  },
  {
    "name": "Require(31) node_modules/egg/app/extend/response.js",
    "start": 1576004407902,
    "end": 1576004407902,
    "duration": 0,
    "pid": 4640,
    "index": 37
  },
  {
    "name": "Load extend/context.js",
    "start": 1576004407903,
    "end": 1576004407932,
    "duration": 29,
    "pid": 4640,
    "index": 38
  },
  {
    "name": "Require(32) node_modules/egg-security/app/extend/context.js",
    "start": 1576004407903,
    "end": 1576004407906,
    "duration": 3,
    "pid": 4640,
    "index": 39
  },
  {
    "name": "Require(33) node_modules/egg-jsonp/app/extend/context.js",
    "start": 1576004407906,
    "end": 1576004407906,
    "duration": 0,
    "pid": 4640,
    "index": 40
  },
  {
    "name": "Require(34) node_modules/egg-i18n/app/extend/context.js",
    "start": 1576004407906,
    "end": 1576004407906,
    "duration": 0,
    "pid": 4640,
    "index": 41
  },
  {
    "name": "Require(35) node_modules/egg-multipart/app/extend/context.js",
    "start": 1576004407907,
    "end": 1576004407930,
    "duration": 23,
    "pid": 4640,
    "index": 42
  },
  {
    "name": "Require(36) node_modules/egg-view/app/extend/context.js",
    "start": 1576004407930,
    "end": 1576004407931,
    "duration": 1,
    "pid": 4640,
    "index": 43
  },
  {
    "name": "Require(37) node_modules/egg-validate/app/extend/context.js",
    "start": 1576004407931,
    "end": 1576004407931,
    "duration": 0,
    "pid": 4640,
    "index": 44
  },
  {
    "name": "Require(38) node_modules/egg/app/extend/context.js",
    "start": 1576004407931,
    "end": 1576004407932,
    "duration": 1,
    "pid": 4640,
    "index": 45
  },
  {
    "name": "Load extend/helper.js",
    "start": 1576004407932,
    "end": 1576004407940,
    "duration": 8,
    "pid": 4640,
    "index": 46
  },
  {
    "name": "Require(39) node_modules/egg-security/app/extend/helper.js",
    "start": 1576004407932,
    "end": 1576004407938,
    "duration": 6,
    "pid": 4640,
    "index": 47
  },
  {
    "name": "Require(40) node_modules/egg/app/extend/helper.js",
    "start": 1576004407939,
    "end": 1576004407939,
    "duration": 0,
    "pid": 4640,
    "index": 48
  },
  {
    "name": "Load app.js",
    "start": 1576004407940,
    "end": 1576004407960,
    "duration": 20,
    "pid": 4640,
    "index": 49
  },
  {
    "name": "Require(41) node_modules/egg-session/app.js",
    "start": 1576004407940,
    "end": 1576004407940,
    "duration": 0,
    "pid": 4640,
    "index": 50
  },
  {
    "name": "Require(42) node_modules/egg-security/app.js",
    "start": 1576004407940,
    "end": 1576004407941,
    "duration": 1,
    "pid": 4640,
    "index": 51
  },
  {
    "name": "Require(43) node_modules/egg-onerror/app.js",
    "start": 1576004407941,
    "end": 1576004407944,
    "duration": 3,
    "pid": 4640,
    "index": 52
  },
  {
    "name": "Require(44) node_modules/egg-i18n/app.js",
    "start": 1576004407944,
    "end": 1576004407949,
    "duration": 5,
    "pid": 4640,
    "index": 53
  },
  {
    "name": "Require(45) node_modules/egg-watcher/app.js",
    "start": 1576004407949,
    "end": 1576004407950,
    "duration": 1,
    "pid": 4640,
    "index": 54
  },
  {
    "name": "Require(46) node_modules/egg-schedule/app.js",
    "start": 1576004407950,
    "end": 1576004407950,
    "duration": 0,
    "pid": 4640,
    "index": 55
  },
  {
    "name": "Require(47) node_modules/egg-multipart/app.js",
    "start": 1576004407950,
    "end": 1576004407951,
    "duration": 1,
    "pid": 4640,
    "index": 56
  },
  {
    "name": "Require(48) node_modules/egg-development/app.js",
    "start": 1576004407951,
    "end": 1576004407952,
    "duration": 1,
    "pid": 4640,
    "index": 57
  },
  {
    "name": "Require(49) node_modules/egg-logrotator/app.js",
    "start": 1576004407952,
    "end": 1576004407952,
    "duration": 0,
    "pid": 4640,
    "index": 58
  },
  {
    "name": "Require(50) node_modules/egg-static/app.js",
    "start": 1576004407952,
    "end": 1576004407952,
    "duration": 0,
    "pid": 4640,
    "index": 59
  },
  {
    "name": "Require(51) node_modules/egg-view-ejs/app.js",
    "start": 1576004407952,
    "end": 1576004407953,
    "duration": 1,
    "pid": 4640,
    "index": 60
  },
  {
    "name": "Require(52) node_modules/egg-mysql/app.js",
    "start": 1576004407953,
    "end": 1576004407959,
    "duration": 6,
    "pid": 4640,
    "index": 61
  },
  {
    "name": "Require(53) node_modules/egg-validate/app.js",
    "start": 1576004407959,
    "end": 1576004407960,
    "duration": 1,
    "pid": 4640,
    "index": 62
  },
  {
    "name": "Require(54) node_modules/egg-jwt/app.js",
    "start": 1576004407960,
    "end": 1576004407960,
    "duration": 0,
    "pid": 4640,
    "index": 63
  },
  {
    "name": "Before Start in node_modules/egg-watcher/lib/init.js:15:14",
    "start": 1576004407969,
    "end": 1576004408096,
    "duration": 127,
    "pid": 4640,
    "index": 64
  },
  {
    "name": "Before Start in node_modules/egg-mysql/lib/mysql.js:20:7",
    "start": 1576004408026,
    "end": 1576004408099,
    "duration": 73,
    "pid": 4640,
    "index": 65
  },
  {
    "name": "Load Service",
    "start": 1576004408026,
    "end": 1576004408033,
    "duration": 7,
    "pid": 4640,
    "index": 66
  },
  {
    "name": "Load \"service\" to Context",
    "start": 1576004408026,
    "end": 1576004408033,
    "duration": 7,
    "pid": 4640,
    "index": 67
  },
  {
    "name": "Load Middleware",
    "start": 1576004408033,
    "end": 1576004408067,
    "duration": 34,
    "pid": 4640,
    "index": 68
  },
  {
    "name": "Load \"middlewares\" to Application",
    "start": 1576004408033,
    "end": 1576004408061,
    "duration": 28,
    "pid": 4640,
    "index": 69
  },
  {
    "name": "Load Controller",
    "start": 1576004408067,
    "end": 1576004408073,
    "duration": 6,
    "pid": 4640,
    "index": 70
  },
  {
    "name": "Load \"controller\" to Application",
    "start": 1576004408067,
    "end": 1576004408073,
    "duration": 6,
    "pid": 4640,
    "index": 71
  },
  {
    "name": "Load Router",
    "start": 1576004408073,
    "end": 1576004408075,
    "duration": 2,
    "pid": 4640,
    "index": 72
  },
  {
    "name": "Require(55) app/router.js",
    "start": 1576004408073,
    "end": 1576004408074,
    "duration": 1,
    "pid": 4640,
    "index": 73
  },
  {
    "name": "Before Start in node_modules/egg-core/lib/egg.js:303:10",
    "start": 1576004408074,
    "end": 1576004408085,
    "duration": 11,
    "pid": 4640,
    "index": 74
  }
]