[
  {
    "name": "Application Start",
    "start": 1576004155685,
    "end": 1576004155905,
    "duration": 220,
    "pid": 4461,
    "index": 0
  },
  {
    "name": "Load Plugin",
    "start": 1576004155688,
    "end": 1576004155693,
    "duration": 5,
    "pid": 4461,
    "index": 1
  },
  {
    "name": "Load Config",
    "start": 1576004155693,
    "end": 1576004155703,
    "duration": 10,
    "pid": 4461,
    "index": 2
  },
  {
    "name": "Require(0) config/config.default.js",
    "start": 1576004155694,
    "end": 1576004155694,
    "duration": 0,
    "pid": 4461,
    "index": 3
  },
  {
    "name": "Require(1) node_modules/egg-session/config/config.default.js",
    "start": 1576004155695,
    "end": 1576004155695,
    "duration": 0,
    "pid": 4461,
    "index": 4
  },
  {
    "name": "Require(2) node_modules/egg-security/config/config.default.js",
    "start": 1576004155695,
    "end": 1576004155695,
    "duration": 0,
    "pid": 4461,
    "index": 5
  },
  {
    "name": "Require(3) node_modules/egg-jsonp/config/config.default.js",
    "start": 1576004155696,
    "end": 1576004155696,
    "duration": 0,
    "pid": 4461,
    "index": 6
  },
  {
    "name": "Require(4) node_modules/egg-onerror/config/config.default.js",
    "start": 1576004155696,
    "end": 1576004155696,
    "duration": 0,
    "pid": 4461,
    "index": 7
  },
  {
    "name": "Require(5) node_modules/egg-i18n/config/config.default.js",
    "start": 1576004155696,
    "end": 1576004155696,
    "duration": 0,
    "pid": 4461,
    "index": 8
  },
  {
    "name": "Require(6) node_modules/egg-watcher/config/config.default.js",
    "start": 1576004155697,
    "end": 1576004155697,
    "duration": 0,
    "pid": 4461,
    "index": 9
  },
  {
    "name": "Require(7) node_modules/egg-schedule/config/config.default.js",
    "start": 1576004155697,
    "end": 1576004155697,
    "duration": 0,
    "pid": 4461,
    "index": 10
  },
  {
    "name": "Require(8) node_modules/egg-multipart/config/config.default.js",
    "start": 1576004155698,
    "end": 1576004155698,
    "duration": 0,
    "pid": 4461,
    "index": 11
  },
  {
    "name": "Require(9) node_modules/egg-development/config/config.default.js",
    "start": 1576004155698,
    "end": 1576004155698,
    "duration": 0,
    "pid": 4461,
    "index": 12
  },
  {
    "name": "Require(10) node_modules/egg-logrotator/config/config.default.js",
    "start": 1576004155698,
    "end": 1576004155698,
    "duration": 0,
    "pid": 4461,
    "index": 13
  },
  {
    "name": "Require(11) node_modules/egg-static/config/config.default.js",
    "start": 1576004155699,
    "end": 1576004155699,
    "duration": 0,
    "pid": 4461,
    "index": 14
  },
  {
    "name": "Require(12) node_modules/egg-view/config/config.default.js",
    "start": 1576004155699,
    "end": 1576004155699,
    "duration": 0,
    "pid": 4461,
    "index": 15
  },
  {
    "name": "Require(13) node_modules/egg-view-ejs/config/config.default.js",
    "start": 1576004155699,
    "end": 1576004155699,
    "duration": 0,
    "pid": 4461,
    "index": 16
  },
  {
    "name": "Require(14) node_modules/egg-mysql/config/config.default.js",
    "start": 1576004155699,
    "end": 1576004155700,
    "duration": 1,
    "pid": 4461,
    "index": 17
  },
  {
    "name": "Require(15) node_modules/egg-validate/config/config.default.js",
    "start": 1576004155700,
    "end": 1576004155700,
    "duration": 0,
    "pid": 4461,
    "index": 18
  },
  {
    "name": "Require(16) node_modules/egg-jwt/config/config.default.js",
    "start": 1576004155700,
    "end": 1576004155700,
    "duration": 0,
    "pid": 4461,
    "index": 19
  },
  {
    "name": "Require(17) node_modules/egg/config/config.default.js",
    "start": 1576004155700,
    "end": 1576004155700,
    "duration": 0,
    "pid": 4461,
    "index": 20
  },
  {
    "name": "Require(18) config/config.default.js",
    "start": 1576004155701,
    "end": 1576004155701,
    "duration": 0,
    "pid": 4461,
    "index": 21
  },
  {
    "name": "Require(19) node_modules/egg-security/config/config.local.js",
    "start": 1576004155701,
    "end": 1576004155701,
    "duration": 0,
    "pid": 4461,
    "index": 22
  },
  {
    "name": "Require(20) node_modules/egg-watcher/config/config.local.js",
    "start": 1576004155702,
    "end": 1576004155702,
    "duration": 0,
    "pid": 4461,
    "index": 23
  },
  {
    "name": "Require(21) node_modules/egg-view/config/config.local.js",
    "start": 1576004155702,
    "end": 1576004155702,
    "duration": 0,
    "pid": 4461,
    "index": 24
  },
  {
    "name": "Require(22) node_modules/egg-view-ejs/config/config.local.js",
    "start": 1576004155702,
    "end": 1576004155702,
    "duration": 0,
    "pid": 4461,
    "index": 25
  },
  {
    "name": "Require(23) node_modules/egg/config/config.local.js",
    "start": 1576004155702,
    "end": 1576004155703,
    "duration": 1,
    "pid": 4461,
    "index": 26
  },
  {
    "name": "Load extend/application.js",
    "start": 1576004155704,
    "end": 1576004155726,
    "duration": 22,
    "pid": 4461,
    "index": 27
  },
  {
    "name": "Require(24) node_modules/egg-session/app/extend/application.js",
    "start": 1576004155704,
    "end": 1576004155704,
    "duration": 0,
    "pid": 4461,
    "index": 28
  },
  {
    "name": "Require(25) node_modules/egg-security/app/extend/application.js",
    "start": 1576004155704,
    "end": 1576004155704,
    "duration": 0,
    "pid": 4461,
    "index": 29
  },
  {
    "name": "Require(26) node_modules/egg-jsonp/app/extend/application.js",
    "start": 1576004155704,
    "end": 1576004155705,
    "duration": 1,
    "pid": 4461,
    "index": 30
  },
  {
    "name": "Require(27) node_modules/egg-logrotator/app/extend/application.js",
    "start": 1576004155705,
    "end": 1576004155706,
    "duration": 1,
    "pid": 4461,
    "index": 31
  },
  {
    "name": "Require(28) node_modules/egg-view/app/extend/application.js",
    "start": 1576004155706,
    "end": 1576004155707,
    "duration": 1,
    "pid": 4461,
    "index": 32
  },
  {
    "name": "Require(29) node_modules/egg-jwt/app/extend/application.js",
    "start": 1576004155707,
    "end": 1576004155725,
    "duration": 18,
    "pid": 4461,
    "index": 33
  },
  {
    "name": "Load extend/request.js",
    "start": 1576004155726,
    "end": 1576004155727,
    "duration": 1,
    "pid": 4461,
    "index": 34
  },
  {
    "name": "Require(30) node_modules/egg/app/extend/request.js",
    "start": 1576004155727,
    "end": 1576004155727,
    "duration": 0,
    "pid": 4461,
    "index": 35
  },
  {
    "name": "Load extend/response.js",
    "start": 1576004155727,
    "end": 1576004155730,
    "duration": 3,
    "pid": 4461,
    "index": 36
  },
  {
    "name": "Require(31) node_modules/egg/app/extend/response.js",
    "start": 1576004155728,
    "end": 1576004155728,
    "duration": 0,
    "pid": 4461,
    "index": 37
  },
  {
    "name": "Load extend/context.js",
    "start": 1576004155730,
    "end": 1576004155760,
    "duration": 30,
    "pid": 4461,
    "index": 38
  },
  {
    "name": "Require(32) node_modules/egg-security/app/extend/context.js",
    "start": 1576004155730,
    "end": 1576004155733,
    "duration": 3,
    "pid": 4461,
    "index": 39
  },
  {
    "name": "Require(33) node_modules/egg-jsonp/app/extend/context.js",
    "start": 1576004155733,
    "end": 1576004155734,
    "duration": 1,
    "pid": 4461,
    "index": 40
  },
  {
    "name": "Require(34) node_modules/egg-i18n/app/extend/context.js",
    "start": 1576004155734,
    "end": 1576004155734,
    "duration": 0,
    "pid": 4461,
    "index": 41
  },
  {
    "name": "Require(35) node_modules/egg-multipart/app/extend/context.js",
    "start": 1576004155734,
    "end": 1576004155758,
    "duration": 24,
    "pid": 4461,
    "index": 42
  },
  {
    "name": "Require(36) node_modules/egg-view/app/extend/context.js",
    "start": 1576004155758,
    "end": 1576004155758,
    "duration": 0,
    "pid": 4461,
    "index": 43
  },
  {
    "name": "Require(37) node_modules/egg-validate/app/extend/context.js",
    "start": 1576004155758,
    "end": 1576004155759,
    "duration": 1,
    "pid": 4461,
    "index": 44
  },
  {
    "name": "Require(38) node_modules/egg/app/extend/context.js",
    "start": 1576004155759,
    "end": 1576004155759,
    "duration": 0,
    "pid": 4461,
    "index": 45
  },
  {
    "name": "Load extend/helper.js",
    "start": 1576004155760,
    "end": 1576004155767,
    "duration": 7,
    "pid": 4461,
    "index": 46
  },
  {
    "name": "Require(39) node_modules/egg-security/app/extend/helper.js",
    "start": 1576004155760,
    "end": 1576004155766,
    "duration": 6,
    "pid": 4461,
    "index": 47
  },
  {
    "name": "Require(40) node_modules/egg/app/extend/helper.js",
    "start": 1576004155767,
    "end": 1576004155767,
    "duration": 0,
    "pid": 4461,
    "index": 48
  },
  {
    "name": "Load app.js",
    "start": 1576004155767,
    "end": 1576004155788,
    "duration": 21,
    "pid": 4461,
    "index": 49
  },
  {
    "name": "Require(41) node_modules/egg-session/app.js",
    "start": 1576004155768,
    "end": 1576004155768,
    "duration": 0,
    "pid": 4461,
    "index": 50
  },
  {
    "name": "Require(42) node_modules/egg-security/app.js",
    "start": 1576004155768,
    "end": 1576004155768,
    "duration": 0,
    "pid": 4461,
    "index": 51
  },
  {
    "name": "Require(43) node_modules/egg-onerror/app.js",
    "start": 1576004155769,
    "end": 1576004155772,
    "duration": 3,
    "pid": 4461,
    "index": 52
  },
  {
    "name": "Require(44) node_modules/egg-i18n/app.js",
    "start": 1576004155772,
    "end": 1576004155777,
    "duration": 5,
    "pid": 4461,
    "index": 53
  },
  {
    "name": "Require(45) node_modules/egg-watcher/app.js",
    "start": 1576004155777,
    "end": 1576004155779,
    "duration": 2,
    "pid": 4461,
    "index": 54
  },
  {
    "name": "Require(46) node_modules/egg-schedule/app.js",
    "start": 1576004155779,
    "end": 1576004155779,
    "duration": 0,
    "pid": 4461,
    "index": 55
  },
  {
    "name": "Require(47) node_modules/egg-multipart/app.js",
    "start": 1576004155779,
    "end": 1576004155780,
    "duration": 1,
    "pid": 4461,
    "index": 56
  },
  {
    "name": "Require(48) node_modules/egg-development/app.js",
    "start": 1576004155780,
    "end": 1576004155780,
    "duration": 0,
    "pid": 4461,
    "index": 57
  },
  {
    "name": "Require(49) node_modules/egg-logrotator/app.js",
    "start": 1576004155780,
    "end": 1576004155780,
    "duration": 0,
    "pid": 4461,
    "index": 58
  },
  {
    "name": "Require(50) node_modules/egg-static/app.js",
    "start": 1576004155780,
    "end": 1576004155781,
    "duration": 1,
    "pid": 4461,
    "index": 59
  },
  {
    "name": "Require(51) node_modules/egg-view-ejs/app.js",
    "start": 1576004155781,
    "end": 1576004155781,
    "duration": 0,
    "pid": 4461,
    "index": 60
  },
  {
    "name": "Require(52) node_modules/egg-mysql/app.js",
    "start": 1576004155781,
    "end": 1576004155786,
    "duration": 5,
    "pid": 4461,
    "index": 61
  },
  {
    "name": "Require(53) node_modules/egg-validate/app.js",
    "start": 1576004155787,
    "end": 1576004155787,
    "duration": 0,
    "pid": 4461,
    "index": 62
  },
  {
    "name": "Require(54) node_modules/egg-jwt/app.js",
    "start": 1576004155787,
    "end": 1576004155788,
    "duration": 1,
    "pid": 4461,
    "index": 63
  },
  {
    "name": "Before Start in node_modules/egg-watcher/lib/init.js:15:14",
    "start": 1576004155795,
    "end": 1576004155903,
    "duration": 108,
    "pid": 4461,
    "index": 64
  },
  {
    "name": "Before Start in node_modules/egg-mysql/lib/mysql.js:20:7",
    "start": 1576004155844,
    "end": 1576004155904,
    "duration": 60,
    "pid": 4461,
    "index": 65
  },
  {
    "name": "Load Service",
    "start": 1576004155844,
    "end": 1576004155850,
    "duration": 6,
    "pid": 4461,
    "index": 66
  },
  {
    "name": "Load \"service\" to Context",
    "start": 1576004155845,
    "end": 1576004155850,
    "duration": 5,
    "pid": 4461,
    "index": 67
  },
  {
    "name": "Load Middleware",
    "start": 1576004155850,
    "end": 1576004155878,
    "duration": 28,
    "pid": 4461,
    "index": 68
  },
  {
    "name": "Load \"middlewares\" to Application",
    "start": 1576004155850,
    "end": 1576004155872,
    "duration": 22,
    "pid": 4461,
    "index": 69
  },
  {
    "name": "Load Controller",
    "start": 1576004155878,
    "end": 1576004155883,
    "duration": 5,
    "pid": 4461,
    "index": 70
  },
  {
    "name": "Load \"controller\" to Application",
    "start": 1576004155878,
    "end": 1576004155883,
    "duration": 5,
    "pid": 4461,
    "index": 71
  },
  {
    "name": "Load Router",
    "start": 1576004155883,
    "end": 1576004155884,
    "duration": 1,
    "pid": 4461,
    "index": 72
  },
  {
    "name": "Require(55) app/router.js",
    "start": 1576004155883,
    "end": 1576004155883,
    "duration": 0,
    "pid": 4461,
    "index": 73
  },
  {
    "name": "Before Start in node_modules/egg-core/lib/egg.js:303:10",
    "start": 1576004155883,
    "end": 1576004155892,
    "duration": 9,
    "pid": 4461,
    "index": 74
  }
]