[
  {
    "name": "Application Start",
    "start": 1576002485758,
    "end": 1576002486003,
    "duration": 245,
    "pid": 3840,
    "index": 0
  },
  {
    "name": "Load Plugin",
    "start": 1576002485760,
    "end": 1576002485767,
    "duration": 7,
    "pid": 3840,
    "index": 1
  },
  {
    "name": "Load Config",
    "start": 1576002485767,
    "end": 1576002485777,
    "duration": 10,
    "pid": 3840,
    "index": 2
  },
  {
    "name": "Require(0) config/config.default.js",
    "start": 1576002485767,
    "end": 1576002485768,
    "duration": 1,
    "pid": 3840,
    "index": 3
  },
  {
    "name": "Require(1) node_modules/egg-session/config/config.default.js",
    "start": 1576002485769,
    "end": 1576002485769,
    "duration": 0,
    "pid": 3840,
    "index": 4
  },
  {
    "name": "Require(2) node_modules/egg-security/config/config.default.js",
    "start": 1576002485769,
    "end": 1576002485769,
    "duration": 0,
    "pid": 3840,
    "index": 5
  },
  {
    "name": "Require(3) node_modules/egg-jsonp/config/config.default.js",
    "start": 1576002485770,
    "end": 1576002485770,
    "duration": 0,
    "pid": 3840,
    "index": 6
  },
  {
    "name": "Require(4) node_modules/egg-onerror/config/config.default.js",
    "start": 1576002485770,
    "end": 1576002485770,
    "duration": 0,
    "pid": 3840,
    "index": 7
  },
  {
    "name": "Require(5) node_modules/egg-i18n/config/config.default.js",
    "start": 1576002485770,
    "end": 1576002485770,
    "duration": 0,
    "pid": 3840,
    "index": 8
  },
  {
    "name": "Require(6) node_modules/egg-watcher/config/config.default.js",
    "start": 1576002485771,
    "end": 1576002485771,
    "duration": 0,
    "pid": 3840,
    "index": 9
  },
  {
    "name": "Require(7) node_modules/egg-schedule/config/config.default.js",
    "start": 1576002485771,
    "end": 1576002485771,
    "duration": 0,
    "pid": 3840,
    "index": 10
  },
  {
    "name": "Require(8) node_modules/egg-multipart/config/config.default.js",
    "start": 1576002485771,
    "end": 1576002485771,
    "duration": 0,
    "pid": 3840,
    "index": 11
  },
  {
    "name": "Require(9) node_modules/egg-development/config/config.default.js",
    "start": 1576002485772,
    "end": 1576002485772,
    "duration": 0,
    "pid": 3840,
    "index": 12
  },
  {
    "name": "Require(10) node_modules/egg-logrotator/config/config.default.js",
    "start": 1576002485772,
    "end": 1576002485772,
    "duration": 0,
    "pid": 3840,
    "index": 13
  },
  {
    "name": "Require(11) node_modules/egg-static/config/config.default.js",
    "start": 1576002485772,
    "end": 1576002485772,
    "duration": 0,
    "pid": 3840,
    "index": 14
  },
  {
    "name": "Require(12) node_modules/egg-view/config/config.default.js",
    "start": 1576002485773,
    "end": 1576002485773,
    "duration": 0,
    "pid": 3840,
    "index": 15
  },
  {
    "name": "Require(13) node_modules/egg-view-ejs/config/config.default.js",
    "start": 1576002485773,
    "end": 1576002485773,
    "duration": 0,
    "pid": 3840,
    "index": 16
  },
  {
    "name": "Require(14) node_modules/egg-mysql/config/config.default.js",
    "start": 1576002485773,
    "end": 1576002485773,
    "duration": 0,
    "pid": 3840,
    "index": 17
  },
  {
    "name": "Require(15) node_modules/egg-validate/config/config.default.js",
    "start": 1576002485774,
    "end": 1576002485774,
    "duration": 0,
    "pid": 3840,
    "index": 18
  },
  {
    "name": "Require(16) node_modules/egg-jwt/config/config.default.js",
    "start": 1576002485774,
    "end": 1576002485774,
    "duration": 0,
    "pid": 3840,
    "index": 19
  },
  {
    "name": "Require(17) node_modules/egg/config/config.default.js",
    "start": 1576002485774,
    "end": 1576002485774,
    "duration": 0,
    "pid": 3840,
    "index": 20
  },
  {
    "name": "Require(18) config/config.default.js",
    "start": 1576002485775,
    "end": 1576002485775,
    "duration": 0,
    "pid": 3840,
    "index": 21
  },
  {
    "name": "Require(19) node_modules/egg-security/config/config.local.js",
    "start": 1576002485775,
    "end": 1576002485776,
    "duration": 1,
    "pid": 3840,
    "index": 22
  },
  {
    "name": "Require(20) node_modules/egg-watcher/config/config.local.js",
    "start": 1576002485776,
    "end": 1576002485776,
    "duration": 0,
    "pid": 3840,
    "index": 23
  },
  {
    "name": "Require(21) node_modules/egg-view/config/config.local.js",
    "start": 1576002485776,
    "end": 1576002485776,
    "duration": 0,
    "pid": 3840,
    "index": 24
  },
  {
    "name": "Require(22) node_modules/egg-view-ejs/config/config.local.js",
    "start": 1576002485777,
    "end": 1576002485777,
    "duration": 0,
    "pid": 3840,
    "index": 25
  },
  {
    "name": "Require(23) node_modules/egg/config/config.local.js",
    "start": 1576002485777,
    "end": 1576002485777,
    "duration": 0,
    "pid": 3840,
    "index": 26
  },
  {
    "name": "Load extend/application.js",
    "start": 1576002485778,
    "end": 1576002485797,
    "duration": 19,
    "pid": 3840,
    "index": 27
  },
  {
    "name": "Require(24) node_modules/egg-session/app/extend/application.js",
    "start": 1576002485778,
    "end": 1576002485779,
    "duration": 1,
    "pid": 3840,
    "index": 28
  },
  {
    "name": "Require(25) node_modules/egg-security/app/extend/application.js",
    "start": 1576002485779,
    "end": 1576002485779,
    "duration": 0,
    "pid": 3840,
    "index": 29
  },
  {
    "name": "Require(26) node_modules/egg-jsonp/app/extend/application.js",
    "start": 1576002485779,
    "end": 1576002485780,
    "duration": 1,
    "pid": 3840,
    "index": 30
  },
  {
    "name": "Require(27) node_modules/egg-logrotator/app/extend/application.js",
    "start": 1576002485780,
    "end": 1576002485781,
    "duration": 1,
    "pid": 3840,
    "index": 31
  },
  {
    "name": "Require(28) node_modules/egg-view/app/extend/application.js",
    "start": 1576002485781,
    "end": 1576002485781,
    "duration": 0,
    "pid": 3840,
    "index": 32
  },
  {
    "name": "Require(29) node_modules/egg-jwt/app/extend/application.js",
    "start": 1576002485781,
    "end": 1576002485796,
    "duration": 15,
    "pid": 3840,
    "index": 33
  },
  {
    "name": "Load extend/request.js",
    "start": 1576002485797,
    "end": 1576002485799,
    "duration": 2,
    "pid": 3840,
    "index": 34
  },
  {
    "name": "Require(30) node_modules/egg/app/extend/request.js",
    "start": 1576002485798,
    "end": 1576002485798,
    "duration": 0,
    "pid": 3840,
    "index": 35
  },
  {
    "name": "Load extend/response.js",
    "start": 1576002485799,
    "end": 1576002485803,
    "duration": 4,
    "pid": 3840,
    "index": 36
  },
  {
    "name": "Require(31) node_modules/egg/app/extend/response.js",
    "start": 1576002485802,
    "end": 1576002485802,
    "duration": 0,
    "pid": 3840,
    "index": 37
  },
  {
    "name": "Load extend/context.js",
    "start": 1576002485803,
    "end": 1576002485846,
    "duration": 43,
    "pid": 3840,
    "index": 38
  },
  {
    "name": "Require(32) node_modules/egg-security/app/extend/context.js",
    "start": 1576002485803,
    "end": 1576002485808,
    "duration": 5,
    "pid": 3840,
    "index": 39
  },
  {
    "name": "Require(33) node_modules/egg-jsonp/app/extend/context.js",
    "start": 1576002485808,
    "end": 1576002485809,
    "duration": 1,
    "pid": 3840,
    "index": 40
  },
  {
    "name": "Require(34) node_modules/egg-i18n/app/extend/context.js",
    "start": 1576002485809,
    "end": 1576002485809,
    "duration": 0,
    "pid": 3840,
    "index": 41
  },
  {
    "name": "Require(35) node_modules/egg-multipart/app/extend/context.js",
    "start": 1576002485809,
    "end": 1576002485843,
    "duration": 34,
    "pid": 3840,
    "index": 42
  },
  {
    "name": "Require(36) node_modules/egg-view/app/extend/context.js",
    "start": 1576002485843,
    "end": 1576002485844,
    "duration": 1,
    "pid": 3840,
    "index": 43
  },
  {
    "name": "Require(37) node_modules/egg-validate/app/extend/context.js",
    "start": 1576002485844,
    "end": 1576002485844,
    "duration": 0,
    "pid": 3840,
    "index": 44
  },
  {
    "name": "Require(38) node_modules/egg/app/extend/context.js",
    "start": 1576002485844,
    "end": 1576002485845,
    "duration": 1,
    "pid": 3840,
    "index": 45
  },
  {
    "name": "Load extend/helper.js",
    "start": 1576002485846,
    "end": 1576002485854,
    "duration": 8,
    "pid": 3840,
    "index": 46
  },
  {
    "name": "Require(39) node_modules/egg-security/app/extend/helper.js",
    "start": 1576002485846,
    "end": 1576002485853,
    "duration": 7,
    "pid": 3840,
    "index": 47
  },
  {
    "name": "Require(40) node_modules/egg/app/extend/helper.js",
    "start": 1576002485854,
    "end": 1576002485854,
    "duration": 0,
    "pid": 3840,
    "index": 48
  },
  {
    "name": "Load app.js",
    "start": 1576002485855,
    "end": 1576002485878,
    "duration": 23,
    "pid": 3840,
    "index": 49
  },
  {
    "name": "Require(41) node_modules/egg-session/app.js",
    "start": 1576002485855,
    "end": 1576002485855,
    "duration": 0,
    "pid": 3840,
    "index": 50
  },
  {
    "name": "Require(42) node_modules/egg-security/app.js",
    "start": 1576002485855,
    "end": 1576002485856,
    "duration": 1,
    "pid": 3840,
    "index": 51
  },
  {
    "name": "Require(43) node_modules/egg-onerror/app.js",
    "start": 1576002485856,
    "end": 1576002485859,
    "duration": 3,
    "pid": 3840,
    "index": 52
  },
  {
    "name": "Require(44) node_modules/egg-i18n/app.js",
    "start": 1576002485859,
    "end": 1576002485867,
    "duration": 8,
    "pid": 3840,
    "index": 53
  },
  {
    "name": "Require(45) node_modules/egg-watcher/app.js",
    "start": 1576002485867,
    "end": 1576002485868,
    "duration": 1,
    "pid": 3840,
    "index": 54
  },
  {
    "name": "Require(46) node_modules/egg-schedule/app.js",
    "start": 1576002485868,
    "end": 1576002485868,
    "duration": 0,
    "pid": 3840,
    "index": 55
  },
  {
    "name": "Require(47) node_modules/egg-multipart/app.js",
    "start": 1576002485869,
    "end": 1576002485869,
    "duration": 0,
    "pid": 3840,
    "index": 56
  },
  {
    "name": "Require(48) node_modules/egg-development/app.js",
    "start": 1576002485869,
    "end": 1576002485870,
    "duration": 1,
    "pid": 3840,
    "index": 57
  },
  {
    "name": "Require(49) node_modules/egg-logrotator/app.js",
    "start": 1576002485870,
    "end": 1576002485870,
    "duration": 0,
    "pid": 3840,
    "index": 58
  },
  {
    "name": "Require(50) node_modules/egg-static/app.js",
    "start": 1576002485870,
    "end": 1576002485870,
    "duration": 0,
    "pid": 3840,
    "index": 59
  },
  {
    "name": "Require(51) node_modules/egg-view-ejs/app.js",
    "start": 1576002485870,
    "end": 1576002485870,
    "duration": 0,
    "pid": 3840,
    "index": 60
  },
  {
    "name": "Require(52) node_modules/egg-mysql/app.js",
    "start": 1576002485870,
    "end": 1576002485876,
    "duration": 6,
    "pid": 3840,
    "index": 61
  },
  {
    "name": "Require(53) node_modules/egg-validate/app.js",
    "start": 1576002485876,
    "end": 1576002485877,
    "duration": 1,
    "pid": 3840,
    "index": 62
  },
  {
    "name": "Require(54) node_modules/egg-jwt/app.js",
    "start": 1576002485877,
    "end": 1576002485877,
    "duration": 0,
    "pid": 3840,
    "index": 63
  },
  {
    "name": "Before Start in node_modules/egg-watcher/lib/init.js:15:14",
    "start": 1576002485885,
    "end": 1576002486000,
    "duration": 115,
    "pid": 3840,
    "index": 64
  },
  {
    "name": "Before Start in node_modules/egg-mysql/lib/mysql.js:20:7",
    "start": 1576002485932,
    "end": 1576002486002,
    "duration": 70,
    "pid": 3840,
    "index": 65
  },
  {
    "name": "Load Service",
    "start": 1576002485933,
    "end": 1576002485938,
    "duration": 5,
    "pid": 3840,
    "index": 66
  },
  {
    "name": "Load \"service\" to Context",
    "start": 1576002485933,
    "end": 1576002485938,
    "duration": 5,
    "pid": 3840,
    "index": 67
  },
  {
    "name": "Load Middleware",
    "start": 1576002485938,
    "end": 1576002485971,
    "duration": 33,
    "pid": 3840,
    "index": 68
  },
  {
    "name": "Load \"middlewares\" to Application",
    "start": 1576002485939,
    "end": 1576002485965,
    "duration": 26,
    "pid": 3840,
    "index": 69
  },
  {
    "name": "Load Controller",
    "start": 1576002485971,
    "end": 1576002485978,
    "duration": 7,
    "pid": 3840,
    "index": 70
  },
  {
    "name": "Load \"controller\" to Application",
    "start": 1576002485971,
    "end": 1576002485978,
    "duration": 7,
    "pid": 3840,
    "index": 71
  },
  {
    "name": "Load Router",
    "start": 1576002485978,
    "end": 1576002485980,
    "duration": 2,
    "pid": 3840,
    "index": 72
  },
  {
    "name": "Require(55) app/router.js",
    "start": 1576002485978,
    "end": 1576002485978,
    "duration": 0,
    "pid": 3840,
    "index": 73
  },
  {
    "name": "Before Start in node_modules/egg-core/lib/egg.js:303:10",
    "start": 1576002485978,
    "end": 1576002485989,
    "duration": 11,
    "pid": 3840,
    "index": 74
  }
]