[
  {
    "name": "Application Start",
    "start": 1576004254683,
    "end": 1576004254938,
    "duration": 255,
    "pid": 4552,
    "index": 0
  },
  {
    "name": "Load Plugin",
    "start": 1576004254687,
    "end": 1576004254694,
    "duration": 7,
    "pid": 4552,
    "index": 1
  },
  {
    "name": "Load Config",
    "start": 1576004254694,
    "end": 1576004254705,
    "duration": 11,
    "pid": 4552,
    "index": 2
  },
  {
    "name": "Require(0) config/config.default.js",
    "start": 1576004254695,
    "end": 1576004254695,
    "duration": 0,
    "pid": 4552,
    "index": 3
  },
  {
    "name": "Require(1) node_modules/egg-session/config/config.default.js",
    "start": 1576004254696,
    "end": 1576004254696,
    "duration": 0,
    "pid": 4552,
    "index": 4
  },
  {
    "name": "Require(2) node_modules/egg-security/config/config.default.js",
    "start": 1576004254696,
    "end": 1576004254696,
    "duration": 0,
    "pid": 4552,
    "index": 5
  },
  {
    "name": "Require(3) node_modules/egg-jsonp/config/config.default.js",
    "start": 1576004254697,
    "end": 1576004254697,
    "duration": 0,
    "pid": 4552,
    "index": 6
  },
  {
    "name": "Require(4) node_modules/egg-onerror/config/config.default.js",
    "start": 1576004254697,
    "end": 1576004254697,
    "duration": 0,
    "pid": 4552,
    "index": 7
  },
  {
    "name": "Require(5) node_modules/egg-i18n/config/config.default.js",
    "start": 1576004254697,
    "end": 1576004254698,
    "duration": 1,
    "pid": 4552,
    "index": 8
  },
  {
    "name": "Require(6) node_modules/egg-watcher/config/config.default.js",
    "start": 1576004254698,
    "end": 1576004254698,
    "duration": 0,
    "pid": 4552,
    "index": 9
  },
  {
    "name": "Require(7) node_modules/egg-schedule/config/config.default.js",
    "start": 1576004254698,
    "end": 1576004254698,
    "duration": 0,
    "pid": 4552,
    "index": 10
  },
  {
    "name": "Require(8) node_modules/egg-multipart/config/config.default.js",
    "start": 1576004254699,
    "end": 1576004254699,
    "duration": 0,
    "pid": 4552,
    "index": 11
  },
  {
    "name": "Require(9) node_modules/egg-development/config/config.default.js",
    "start": 1576004254699,
    "end": 1576004254699,
    "duration": 0,
    "pid": 4552,
    "index": 12
  },
  {
    "name": "Require(10) node_modules/egg-logrotator/config/config.default.js",
    "start": 1576004254699,
    "end": 1576004254700,
    "duration": 1,
    "pid": 4552,
    "index": 13
  },
  {
    "name": "Require(11) node_modules/egg-static/config/config.default.js",
    "start": 1576004254700,
    "end": 1576004254700,
    "duration": 0,
    "pid": 4552,
    "index": 14
  },
  {
    "name": "Require(12) node_modules/egg-view/config/config.default.js",
    "start": 1576004254700,
    "end": 1576004254700,
    "duration": 0,
    "pid": 4552,
    "index": 15
  },
  {
    "name": "Require(13) node_modules/egg-view-ejs/config/config.default.js",
    "start": 1576004254700,
    "end": 1576004254701,
    "duration": 1,
    "pid": 4552,
    "index": 16
  },
  {
    "name": "Require(14) node_modules/egg-mysql/config/config.default.js",
    "start": 1576004254701,
    "end": 1576004254701,
    "duration": 0,
    "pid": 4552,
    "index": 17
  },
  {
    "name": "Require(15) node_modules/egg-validate/config/config.default.js",
    "start": 1576004254701,
    "end": 1576004254701,
    "duration": 0,
    "pid": 4552,
    "index": 18
  },
  {
    "name": "Require(16) node_modules/egg-jwt/config/config.default.js",
    "start": 1576004254701,
    "end": 1576004254702,
    "duration": 1,
    "pid": 4552,
    "index": 19
  },
  {
    "name": "Require(17) node_modules/egg/config/config.default.js",
    "start": 1576004254702,
    "end": 1576004254702,
    "duration": 0,
    "pid": 4552,
    "index": 20
  },
  {
    "name": "Require(18) config/config.default.js",
    "start": 1576004254703,
    "end": 1576004254703,
    "duration": 0,
    "pid": 4552,
    "index": 21
  },
  {
    "name": "Require(19) node_modules/egg-security/config/config.local.js",
    "start": 1576004254703,
    "end": 1576004254703,
    "duration": 0,
    "pid": 4552,
    "index": 22
  },
  {
    "name": "Require(20) node_modules/egg-watcher/config/config.local.js",
    "start": 1576004254703,
    "end": 1576004254704,
    "duration": 1,
    "pid": 4552,
    "index": 23
  },
  {
    "name": "Require(21) node_modules/egg-view/config/config.local.js",
    "start": 1576004254704,
    "end": 1576004254704,
    "duration": 0,
    "pid": 4552,
    "index": 24
  },
  {
    "name": "Require(22) node_modules/egg-view-ejs/config/config.local.js",
    "start": 1576004254704,
    "end": 1576004254704,
    "duration": 0,
    "pid": 4552,
    "index": 25
  },
  {
    "name": "Require(23) node_modules/egg/config/config.local.js",
    "start": 1576004254704,
    "end": 1576004254705,
    "duration": 1,
    "pid": 4552,
    "index": 26
  },
  {
    "name": "Load extend/application.js",
    "start": 1576004254706,
    "end": 1576004254728,
    "duration": 22,
    "pid": 4552,
    "index": 27
  },
  {
    "name": "Require(24) node_modules/egg-session/app/extend/application.js",
    "start": 1576004254706,
    "end": 1576004254706,
    "duration": 0,
    "pid": 4552,
    "index": 28
  },
  {
    "name": "Require(25) node_modules/egg-security/app/extend/application.js",
    "start": 1576004254706,
    "end": 1576004254707,
    "duration": 1,
    "pid": 4552,
    "index": 29
  },
  {
    "name": "Require(26) node_modules/egg-jsonp/app/extend/application.js",
    "start": 1576004254707,
    "end": 1576004254707,
    "duration": 0,
    "pid": 4552,
    "index": 30
  },
  {
    "name": "Require(27) node_modules/egg-logrotator/app/extend/application.js",
    "start": 1576004254708,
    "end": 1576004254708,
    "duration": 0,
    "pid": 4552,
    "index": 31
  },
  {
    "name": "Require(28) node_modules/egg-view/app/extend/application.js",
    "start": 1576004254708,
    "end": 1576004254709,
    "duration": 1,
    "pid": 4552,
    "index": 32
  },
  {
    "name": "Require(29) node_modules/egg-jwt/app/extend/application.js",
    "start": 1576004254709,
    "end": 1576004254728,
    "duration": 19,
    "pid": 4552,
    "index": 33
  },
  {
    "name": "Load extend/request.js",
    "start": 1576004254728,
    "end": 1576004254730,
    "duration": 2,
    "pid": 4552,
    "index": 34
  },
  {
    "name": "Require(30) node_modules/egg/app/extend/request.js",
    "start": 1576004254729,
    "end": 1576004254729,
    "duration": 0,
    "pid": 4552,
    "index": 35
  },
  {
    "name": "Load extend/response.js",
    "start": 1576004254730,
    "end": 1576004254733,
    "duration": 3,
    "pid": 4552,
    "index": 36
  },
  {
    "name": "Require(31) node_modules/egg/app/extend/response.js",
    "start": 1576004254731,
    "end": 1576004254731,
    "duration": 0,
    "pid": 4552,
    "index": 37
  },
  {
    "name": "Load extend/context.js",
    "start": 1576004254734,
    "end": 1576004254767,
    "duration": 33,
    "pid": 4552,
    "index": 38
  },
  {
    "name": "Require(32) node_modules/egg-security/app/extend/context.js",
    "start": 1576004254734,
    "end": 1576004254737,
    "duration": 3,
    "pid": 4552,
    "index": 39
  },
  {
    "name": "Require(33) node_modules/egg-jsonp/app/extend/context.js",
    "start": 1576004254737,
    "end": 1576004254738,
    "duration": 1,
    "pid": 4552,
    "index": 40
  },
  {
    "name": "Require(34) node_modules/egg-i18n/app/extend/context.js",
    "start": 1576004254738,
    "end": 1576004254738,
    "duration": 0,
    "pid": 4552,
    "index": 41
  },
  {
    "name": "Require(35) node_modules/egg-multipart/app/extend/context.js",
    "start": 1576004254738,
    "end": 1576004254765,
    "duration": 27,
    "pid": 4552,
    "index": 42
  },
  {
    "name": "Require(36) node_modules/egg-view/app/extend/context.js",
    "start": 1576004254765,
    "end": 1576004254765,
    "duration": 0,
    "pid": 4552,
    "index": 43
  },
  {
    "name": "Require(37) node_modules/egg-validate/app/extend/context.js",
    "start": 1576004254766,
    "end": 1576004254766,
    "duration": 0,
    "pid": 4552,
    "index": 44
  },
  {
    "name": "Require(38) node_modules/egg/app/extend/context.js",
    "start": 1576004254766,
    "end": 1576004254767,
    "duration": 1,
    "pid": 4552,
    "index": 45
  },
  {
    "name": "Load extend/helper.js",
    "start": 1576004254767,
    "end": 1576004254776,
    "duration": 9,
    "pid": 4552,
    "index": 46
  },
  {
    "name": "Require(39) node_modules/egg-security/app/extend/helper.js",
    "start": 1576004254767,
    "end": 1576004254774,
    "duration": 7,
    "pid": 4552,
    "index": 47
  },
  {
    "name": "Require(40) node_modules/egg/app/extend/helper.js",
    "start": 1576004254775,
    "end": 1576004254775,
    "duration": 0,
    "pid": 4552,
    "index": 48
  },
  {
    "name": "Load app.js",
    "start": 1576004254776,
    "end": 1576004254798,
    "duration": 22,
    "pid": 4552,
    "index": 49
  },
  {
    "name": "Require(41) node_modules/egg-session/app.js",
    "start": 1576004254776,
    "end": 1576004254776,
    "duration": 0,
    "pid": 4552,
    "index": 50
  },
  {
    "name": "Require(42) node_modules/egg-security/app.js",
    "start": 1576004254776,
    "end": 1576004254777,
    "duration": 1,
    "pid": 4552,
    "index": 51
  },
  {
    "name": "Require(43) node_modules/egg-onerror/app.js",
    "start": 1576004254777,
    "end": 1576004254781,
    "duration": 4,
    "pid": 4552,
    "index": 52
  },
  {
    "name": "Require(44) node_modules/egg-i18n/app.js",
    "start": 1576004254781,
    "end": 1576004254786,
    "duration": 5,
    "pid": 4552,
    "index": 53
  },
  {
    "name": "Require(45) node_modules/egg-watcher/app.js",
    "start": 1576004254787,
    "end": 1576004254788,
    "duration": 1,
    "pid": 4552,
    "index": 54
  },
  {
    "name": "Require(46) node_modules/egg-schedule/app.js",
    "start": 1576004254788,
    "end": 1576004254788,
    "duration": 0,
    "pid": 4552,
    "index": 55
  },
  {
    "name": "Require(47) node_modules/egg-multipart/app.js",
    "start": 1576004254788,
    "end": 1576004254789,
    "duration": 1,
    "pid": 4552,
    "index": 56
  },
  {
    "name": "Require(48) node_modules/egg-development/app.js",
    "start": 1576004254789,
    "end": 1576004254790,
    "duration": 1,
    "pid": 4552,
    "index": 57
  },
  {
    "name": "Require(49) node_modules/egg-logrotator/app.js",
    "start": 1576004254790,
    "end": 1576004254790,
    "duration": 0,
    "pid": 4552,
    "index": 58
  },
  {
    "name": "Require(50) node_modules/egg-static/app.js",
    "start": 1576004254790,
    "end": 1576004254790,
    "duration": 0,
    "pid": 4552,
    "index": 59
  },
  {
    "name": "Require(51) node_modules/egg-view-ejs/app.js",
    "start": 1576004254790,
    "end": 1576004254790,
    "duration": 0,
    "pid": 4552,
    "index": 60
  },
  {
    "name": "Require(52) node_modules/egg-mysql/app.js",
    "start": 1576004254790,
    "end": 1576004254796,
    "duration": 6,
    "pid": 4552,
    "index": 61
  },
  {
    "name": "Require(53) node_modules/egg-validate/app.js",
    "start": 1576004254797,
    "end": 1576004254797,
    "duration": 0,
    "pid": 4552,
    "index": 62
  },
  {
    "name": "Require(54) node_modules/egg-jwt/app.js",
    "start": 1576004254798,
    "end": 1576004254798,
    "duration": 0,
    "pid": 4552,
    "index": 63
  },
  {
    "name": "Before Start in node_modules/egg-watcher/lib/init.js:15:14",
    "start": 1576004254807,
    "end": 1576004254936,
    "duration": 129,
    "pid": 4552,
    "index": 64
  },
  {
    "name": "Before Start in node_modules/egg-mysql/lib/mysql.js:20:7",
    "start": 1576004254865,
    "end": 1576004254938,
    "duration": 73,
    "pid": 4552,
    "index": 65
  },
  {
    "name": "Load Service",
    "start": 1576004254865,
    "end": 1576004254873,
    "duration": 8,
    "pid": 4552,
    "index": 66
  },
  {
    "name": "Load \"service\" to Context",
    "start": 1576004254866,
    "end": 1576004254873,
    "duration": 7,
    "pid": 4552,
    "index": 67
  },
  {
    "name": "Load Middleware",
    "start": 1576004254873,
    "end": 1576004254908,
    "duration": 35,
    "pid": 4552,
    "index": 68
  },
  {
    "name": "Load \"middlewares\" to Application",
    "start": 1576004254873,
    "end": 1576004254901,
    "duration": 28,
    "pid": 4552,
    "index": 69
  },
  {
    "name": "Load Controller",
    "start": 1576004254908,
    "end": 1576004254914,
    "duration": 6,
    "pid": 4552,
    "index": 70
  },
  {
    "name": "Load \"controller\" to Application",
    "start": 1576004254908,
    "end": 1576004254914,
    "duration": 6,
    "pid": 4552,
    "index": 71
  },
  {
    "name": "Load Router",
    "start": 1576004254914,
    "end": 1576004254915,
    "duration": 1,
    "pid": 4552,
    "index": 72
  },
  {
    "name": "Require(55) app/router.js",
    "start": 1576004254914,
    "end": 1576004254914,
    "duration": 0,
    "pid": 4552,
    "index": 73
  },
  {
    "name": "Before Start in node_modules/egg-core/lib/egg.js:303:10",
    "start": 1576004254914,
    "end": 1576004254925,
    "duration": 11,
    "pid": 4552,
    "index": 74
  }
]