[
  {
    "name": "Application Start",
    "start": 1576004966443,
    "end": 1576004966667,
    "duration": 224,
    "pid": 4745,
    "index": 0
  },
  {
    "name": "Load Plugin",
    "start": 1576004966446,
    "end": 1576004966452,
    "duration": 6,
    "pid": 4745,
    "index": 1
  },
  {
    "name": "Load Config",
    "start": 1576004966452,
    "end": 1576004966462,
    "duration": 10,
    "pid": 4745,
    "index": 2
  },
  {
    "name": "Require(0) config/config.default.js",
    "start": 1576004966452,
    "end": 1576004966453,
    "duration": 1,
    "pid": 4745,
    "index": 3
  },
  {
    "name": "Require(1) node_modules/egg-session/config/config.default.js",
    "start": 1576004966454,
    "end": 1576004966454,
    "duration": 0,
    "pid": 4745,
    "index": 4
  },
  {
    "name": "Require(2) node_modules/egg-security/config/config.default.js",
    "start": 1576004966454,
    "end": 1576004966454,
    "duration": 0,
    "pid": 4745,
    "index": 5
  },
  {
    "name": "Require(3) node_modules/egg-jsonp/config/config.default.js",
    "start": 1576004966454,
    "end": 1576004966454,
    "duration": 0,
    "pid": 4745,
    "index": 6
  },
  {
    "name": "Require(4) node_modules/egg-onerror/config/config.default.js",
    "start": 1576004966455,
    "end": 1576004966455,
    "duration": 0,
    "pid": 4745,
    "index": 7
  },
  {
    "name": "Require(5) node_modules/egg-i18n/config/config.default.js",
    "start": 1576004966455,
    "end": 1576004966455,
    "duration": 0,
    "pid": 4745,
    "index": 8
  },
  {
    "name": "Require(6) node_modules/egg-watcher/config/config.default.js",
    "start": 1576004966455,
    "end": 1576004966455,
    "duration": 0,
    "pid": 4745,
    "index": 9
  },
  {
    "name": "Require(7) node_modules/egg-schedule/config/config.default.js",
    "start": 1576004966456,
    "end": 1576004966456,
    "duration": 0,
    "pid": 4745,
    "index": 10
  },
  {
    "name": "Require(8) node_modules/egg-multipart/config/config.default.js",
    "start": 1576004966456,
    "end": 1576004966456,
    "duration": 0,
    "pid": 4745,
    "index": 11
  },
  {
    "name": "Require(9) node_modules/egg-development/config/config.default.js",
    "start": 1576004966456,
    "end": 1576004966456,
    "duration": 0,
    "pid": 4745,
    "index": 12
  },
  {
    "name": "Require(10) node_modules/egg-logrotator/config/config.default.js",
    "start": 1576004966457,
    "end": 1576004966457,
    "duration": 0,
    "pid": 4745,
    "index": 13
  },
  {
    "name": "Require(11) node_modules/egg-static/config/config.default.js",
    "start": 1576004966457,
    "end": 1576004966457,
    "duration": 0,
    "pid": 4745,
    "index": 14
  },
  {
    "name": "Require(12) node_modules/egg-view/config/config.default.js",
    "start": 1576004966457,
    "end": 1576004966457,
    "duration": 0,
    "pid": 4745,
    "index": 15
  },
  {
    "name": "Require(13) node_modules/egg-view-ejs/config/config.default.js",
    "start": 1576004966457,
    "end": 1576004966458,
    "duration": 1,
    "pid": 4745,
    "index": 16
  },
  {
    "name": "Require(14) node_modules/egg-mysql/config/config.default.js",
    "start": 1576004966458,
    "end": 1576004966458,
    "duration": 0,
    "pid": 4745,
    "index": 17
  },
  {
    "name": "Require(15) node_modules/egg-validate/config/config.default.js",
    "start": 1576004966458,
    "end": 1576004966458,
    "duration": 0,
    "pid": 4745,
    "index": 18
  },
  {
    "name": "Require(16) node_modules/egg-jwt/config/config.default.js",
    "start": 1576004966458,
    "end": 1576004966458,
    "duration": 0,
    "pid": 4745,
    "index": 19
  },
  {
    "name": "Require(17) node_modules/egg/config/config.default.js",
    "start": 1576004966458,
    "end": 1576004966459,
    "duration": 1,
    "pid": 4745,
    "index": 20
  },
  {
    "name": "Require(18) config/config.default.js",
    "start": 1576004966461,
    "end": 1576004966461,
    "duration": 0,
    "pid": 4745,
    "index": 21
  },
  {
    "name": "Require(19) node_modules/egg-security/config/config.local.js",
    "start": 1576004966461,
    "end": 1576004966461,
    "duration": 0,
    "pid": 4745,
    "index": 22
  },
  {
    "name": "Require(20) node_modules/egg-watcher/config/config.local.js",
    "start": 1576004966461,
    "end": 1576004966461,
    "duration": 0,
    "pid": 4745,
    "index": 23
  },
  {
    "name": "Require(21) node_modules/egg-view/config/config.local.js",
    "start": 1576004966462,
    "end": 1576004966462,
    "duration": 0,
    "pid": 4745,
    "index": 24
  },
  {
    "name": "Require(22) node_modules/egg-view-ejs/config/config.local.js",
    "start": 1576004966462,
    "end": 1576004966462,
    "duration": 0,
    "pid": 4745,
    "index": 25
  },
  {
    "name": "Require(23) node_modules/egg/config/config.local.js",
    "start": 1576004966462,
    "end": 1576004966462,
    "duration": 0,
    "pid": 4745,
    "index": 26
  },
  {
    "name": "Load extend/application.js",
    "start": 1576004966463,
    "end": 1576004966480,
    "duration": 17,
    "pid": 4745,
    "index": 27
  },
  {
    "name": "Require(24) node_modules/egg-session/app/extend/application.js",
    "start": 1576004966464,
    "end": 1576004966464,
    "duration": 0,
    "pid": 4745,
    "index": 28
  },
  {
    "name": "Require(25) node_modules/egg-security/app/extend/application.js",
    "start": 1576004966464,
    "end": 1576004966464,
    "duration": 0,
    "pid": 4745,
    "index": 29
  },
  {
    "name": "Require(26) node_modules/egg-jsonp/app/extend/application.js",
    "start": 1576004966464,
    "end": 1576004966465,
    "duration": 1,
    "pid": 4745,
    "index": 30
  },
  {
    "name": "Require(27) node_modules/egg-logrotator/app/extend/application.js",
    "start": 1576004966465,
    "end": 1576004966465,
    "duration": 0,
    "pid": 4745,
    "index": 31
  },
  {
    "name": "Require(28) node_modules/egg-view/app/extend/application.js",
    "start": 1576004966465,
    "end": 1576004966466,
    "duration": 1,
    "pid": 4745,
    "index": 32
  },
  {
    "name": "Require(29) node_modules/egg-jwt/app/extend/application.js",
    "start": 1576004966466,
    "end": 1576004966480,
    "duration": 14,
    "pid": 4745,
    "index": 33
  },
  {
    "name": "Load extend/request.js",
    "start": 1576004966481,
    "end": 1576004966482,
    "duration": 1,
    "pid": 4745,
    "index": 34
  },
  {
    "name": "Require(30) node_modules/egg/app/extend/request.js",
    "start": 1576004966481,
    "end": 1576004966481,
    "duration": 0,
    "pid": 4745,
    "index": 35
  },
  {
    "name": "Load extend/response.js",
    "start": 1576004966482,
    "end": 1576004966483,
    "duration": 1,
    "pid": 4745,
    "index": 36
  },
  {
    "name": "Require(31) node_modules/egg/app/extend/response.js",
    "start": 1576004966482,
    "end": 1576004966483,
    "duration": 1,
    "pid": 4745,
    "index": 37
  },
  {
    "name": "Load extend/context.js",
    "start": 1576004966483,
    "end": 1576004966512,
    "duration": 29,
    "pid": 4745,
    "index": 38
  },
  {
    "name": "Require(32) node_modules/egg-security/app/extend/context.js",
    "start": 1576004966484,
    "end": 1576004966486,
    "duration": 2,
    "pid": 4745,
    "index": 39
  },
  {
    "name": "Require(33) node_modules/egg-jsonp/app/extend/context.js",
    "start": 1576004966486,
    "end": 1576004966487,
    "duration": 1,
    "pid": 4745,
    "index": 40
  },
  {
    "name": "Require(34) node_modules/egg-i18n/app/extend/context.js",
    "start": 1576004966487,
    "end": 1576004966487,
    "duration": 0,
    "pid": 4745,
    "index": 41
  },
  {
    "name": "Require(35) node_modules/egg-multipart/app/extend/context.js",
    "start": 1576004966487,
    "end": 1576004966510,
    "duration": 23,
    "pid": 4745,
    "index": 42
  },
  {
    "name": "Require(36) node_modules/egg-view/app/extend/context.js",
    "start": 1576004966510,
    "end": 1576004966511,
    "duration": 1,
    "pid": 4745,
    "index": 43
  },
  {
    "name": "Require(37) node_modules/egg-validate/app/extend/context.js",
    "start": 1576004966511,
    "end": 1576004966511,
    "duration": 0,
    "pid": 4745,
    "index": 44
  },
  {
    "name": "Require(38) node_modules/egg/app/extend/context.js",
    "start": 1576004966511,
    "end": 1576004966511,
    "duration": 0,
    "pid": 4745,
    "index": 45
  },
  {
    "name": "Load extend/helper.js",
    "start": 1576004966512,
    "end": 1576004966519,
    "duration": 7,
    "pid": 4745,
    "index": 46
  },
  {
    "name": "Require(39) node_modules/egg-security/app/extend/helper.js",
    "start": 1576004966512,
    "end": 1576004966518,
    "duration": 6,
    "pid": 4745,
    "index": 47
  },
  {
    "name": "Require(40) node_modules/egg/app/extend/helper.js",
    "start": 1576004966519,
    "end": 1576004966519,
    "duration": 0,
    "pid": 4745,
    "index": 48
  },
  {
    "name": "Load app.js",
    "start": 1576004966519,
    "end": 1576004966539,
    "duration": 20,
    "pid": 4745,
    "index": 49
  },
  {
    "name": "Require(41) node_modules/egg-session/app.js",
    "start": 1576004966519,
    "end": 1576004966520,
    "duration": 1,
    "pid": 4745,
    "index": 50
  },
  {
    "name": "Require(42) node_modules/egg-security/app.js",
    "start": 1576004966520,
    "end": 1576004966520,
    "duration": 0,
    "pid": 4745,
    "index": 51
  },
  {
    "name": "Require(43) node_modules/egg-onerror/app.js",
    "start": 1576004966520,
    "end": 1576004966523,
    "duration": 3,
    "pid": 4745,
    "index": 52
  },
  {
    "name": "Require(44) node_modules/egg-i18n/app.js",
    "start": 1576004966523,
    "end": 1576004966528,
    "duration": 5,
    "pid": 4745,
    "index": 53
  },
  {
    "name": "Require(45) node_modules/egg-watcher/app.js",
    "start": 1576004966528,
    "end": 1576004966529,
    "duration": 1,
    "pid": 4745,
    "index": 54
  },
  {
    "name": "Require(46) node_modules/egg-schedule/app.js",
    "start": 1576004966530,
    "end": 1576004966530,
    "duration": 0,
    "pid": 4745,
    "index": 55
  },
  {
    "name": "Require(47) node_modules/egg-multipart/app.js",
    "start": 1576004966530,
    "end": 1576004966531,
    "duration": 1,
    "pid": 4745,
    "index": 56
  },
  {
    "name": "Require(48) node_modules/egg-development/app.js",
    "start": 1576004966531,
    "end": 1576004966531,
    "duration": 0,
    "pid": 4745,
    "index": 57
  },
  {
    "name": "Require(49) node_modules/egg-logrotator/app.js",
    "start": 1576004966531,
    "end": 1576004966531,
    "duration": 0,
    "pid": 4745,
    "index": 58
  },
  {
    "name": "Require(50) node_modules/egg-static/app.js",
    "start": 1576004966531,
    "end": 1576004966532,
    "duration": 1,
    "pid": 4745,
    "index": 59
  },
  {
    "name": "Require(51) node_modules/egg-view-ejs/app.js",
    "start": 1576004966532,
    "end": 1576004966532,
    "duration": 0,
    "pid": 4745,
    "index": 60
  },
  {
    "name": "Require(52) node_modules/egg-mysql/app.js",
    "start": 1576004966532,
    "end": 1576004966537,
    "duration": 5,
    "pid": 4745,
    "index": 61
  },
  {
    "name": "Require(53) node_modules/egg-validate/app.js",
    "start": 1576004966537,
    "end": 1576004966538,
    "duration": 1,
    "pid": 4745,
    "index": 62
  },
  {
    "name": "Require(54) node_modules/egg-jwt/app.js",
    "start": 1576004966538,
    "end": 1576004966538,
    "duration": 0,
    "pid": 4745,
    "index": 63
  },
  {
    "name": "Before Start in node_modules/egg-watcher/lib/init.js:15:14",
    "start": 1576004966546,
    "end": 1576004966665,
    "duration": 119,
    "pid": 4745,
    "index": 64
  },
  {
    "name": "Before Start in node_modules/egg-mysql/lib/mysql.js:20:7",
    "start": 1576004966597,
    "end": 1576004966666,
    "duration": 69,
    "pid": 4745,
    "index": 65
  },
  {
    "name": "Load Service",
    "start": 1576004966598,
    "end": 1576004966604,
    "duration": 6,
    "pid": 4745,
    "index": 66
  },
  {
    "name": "Load \"service\" to Context",
    "start": 1576004966598,
    "end": 1576004966604,
    "duration": 6,
    "pid": 4745,
    "index": 67
  },
  {
    "name": "Load Middleware",
    "start": 1576004966604,
    "end": 1576004966637,
    "duration": 33,
    "pid": 4745,
    "index": 68
  },
  {
    "name": "Load \"middlewares\" to Application",
    "start": 1576004966604,
    "end": 1576004966629,
    "duration": 25,
    "pid": 4745,
    "index": 69
  },
  {
    "name": "Load Controller",
    "start": 1576004966637,
    "end": 1576004966642,
    "duration": 5,
    "pid": 4745,
    "index": 70
  },
  {
    "name": "Load \"controller\" to Application",
    "start": 1576004966637,
    "end": 1576004966642,
    "duration": 5,
    "pid": 4745,
    "index": 71
  },
  {
    "name": "Load Router",
    "start": 1576004966642,
    "end": 1576004966644,
    "duration": 2,
    "pid": 4745,
    "index": 72
  },
  {
    "name": "Require(55) app/router.js",
    "start": 1576004966642,
    "end": 1576004966642,
    "duration": 0,
    "pid": 4745,
    "index": 73
  },
  {
    "name": "Before Start in node_modules/egg-core/lib/egg.js:303:10",
    "start": 1576004966643,
    "end": 1576004966653,
    "duration": 10,
    "pid": 4745,
    "index": 74
  }
]