[
  {
    "name": "Application Start",
    "start": 1576004380220,
    "end": 1576004380463,
    "duration": 243,
    "pid": 4624,
    "index": 0
  },
  {
    "name": "Load Plugin",
    "start": 1576004380223,
    "end": 1576004380228,
    "duration": 5,
    "pid": 4624,
    "index": 1
  },
  {
    "name": "Load Config",
    "start": 1576004380228,
    "end": 1576004380238,
    "duration": 10,
    "pid": 4624,
    "index": 2
  },
  {
    "name": "Require(0) config/config.default.js",
    "start": 1576004380229,
    "end": 1576004380229,
    "duration": 0,
    "pid": 4624,
    "index": 3
  },
  {
    "name": "Require(1) node_modules/egg-session/config/config.default.js",
    "start": 1576004380230,
    "end": 1576004380230,
    "duration": 0,
    "pid": 4624,
    "index": 4
  },
  {
    "name": "Require(2) node_modules/egg-security/config/config.default.js",
    "start": 1576004380230,
    "end": 1576004380230,
    "duration": 0,
    "pid": 4624,
    "index": 5
  },
  {
    "name": "Require(3) node_modules/egg-jsonp/config/config.default.js",
    "start": 1576004380230,
    "end": 1576004380230,
    "duration": 0,
    "pid": 4624,
    "index": 6
  },
  {
    "name": "Require(4) node_modules/egg-onerror/config/config.default.js",
    "start": 1576004380231,
    "end": 1576004380231,
    "duration": 0,
    "pid": 4624,
    "index": 7
  },
  {
    "name": "Require(5) node_modules/egg-i18n/config/config.default.js",
    "start": 1576004380231,
    "end": 1576004380231,
    "duration": 0,
    "pid": 4624,
    "index": 8
  },
  {
    "name": "Require(6) node_modules/egg-watcher/config/config.default.js",
    "start": 1576004380231,
    "end": 1576004380231,
    "duration": 0,
    "pid": 4624,
    "index": 9
  },
  {
    "name": "Require(7) node_modules/egg-schedule/config/config.default.js",
    "start": 1576004380232,
    "end": 1576004380232,
    "duration": 0,
    "pid": 4624,
    "index": 10
  },
  {
    "name": "Require(8) node_modules/egg-multipart/config/config.default.js",
    "start": 1576004380232,
    "end": 1576004380232,
    "duration": 0,
    "pid": 4624,
    "index": 11
  },
  {
    "name": "Require(9) node_modules/egg-development/config/config.default.js",
    "start": 1576004380232,
    "end": 1576004380232,
    "duration": 0,
    "pid": 4624,
    "index": 12
  },
  {
    "name": "Require(10) node_modules/egg-logrotator/config/config.default.js",
    "start": 1576004380232,
    "end": 1576004380233,
    "duration": 1,
    "pid": 4624,
    "index": 13
  },
  {
    "name": "Require(11) node_modules/egg-static/config/config.default.js",
    "start": 1576004380233,
    "end": 1576004380233,
    "duration": 0,
    "pid": 4624,
    "index": 14
  },
  {
    "name": "Require(12) node_modules/egg-view/config/config.default.js",
    "start": 1576004380233,
    "end": 1576004380233,
    "duration": 0,
    "pid": 4624,
    "index": 15
  },
  {
    "name": "Require(13) node_modules/egg-view-ejs/config/config.default.js",
    "start": 1576004380233,
    "end": 1576004380233,
    "duration": 0,
    "pid": 4624,
    "index": 16
  },
  {
    "name": "Require(14) node_modules/egg-mysql/config/config.default.js",
    "start": 1576004380235,
    "end": 1576004380235,
    "duration": 0,
    "pid": 4624,
    "index": 17
  },
  {
    "name": "Require(15) node_modules/egg-validate/config/config.default.js",
    "start": 1576004380235,
    "end": 1576004380235,
    "duration": 0,
    "pid": 4624,
    "index": 18
  },
  {
    "name": "Require(16) node_modules/egg-jwt/config/config.default.js",
    "start": 1576004380235,
    "end": 1576004380235,
    "duration": 0,
    "pid": 4624,
    "index": 19
  },
  {
    "name": "Require(17) node_modules/egg/config/config.default.js",
    "start": 1576004380235,
    "end": 1576004380236,
    "duration": 1,
    "pid": 4624,
    "index": 20
  },
  {
    "name": "Require(18) config/config.default.js",
    "start": 1576004380236,
    "end": 1576004380237,
    "duration": 1,
    "pid": 4624,
    "index": 21
  },
  {
    "name": "Require(19) node_modules/egg-security/config/config.local.js",
    "start": 1576004380237,
    "end": 1576004380237,
    "duration": 0,
    "pid": 4624,
    "index": 22
  },
  {
    "name": "Require(20) node_modules/egg-watcher/config/config.local.js",
    "start": 1576004380237,
    "end": 1576004380238,
    "duration": 1,
    "pid": 4624,
    "index": 23
  },
  {
    "name": "Require(21) node_modules/egg-view/config/config.local.js",
    "start": 1576004380238,
    "end": 1576004380238,
    "duration": 0,
    "pid": 4624,
    "index": 24
  },
  {
    "name": "Require(22) node_modules/egg-view-ejs/config/config.local.js",
    "start": 1576004380238,
    "end": 1576004380238,
    "duration": 0,
    "pid": 4624,
    "index": 25
  },
  {
    "name": "Require(23) node_modules/egg/config/config.local.js",
    "start": 1576004380238,
    "end": 1576004380238,
    "duration": 0,
    "pid": 4624,
    "index": 26
  },
  {
    "name": "Load extend/application.js",
    "start": 1576004380239,
    "end": 1576004380257,
    "duration": 18,
    "pid": 4624,
    "index": 27
  },
  {
    "name": "Require(24) node_modules/egg-session/app/extend/application.js",
    "start": 1576004380240,
    "end": 1576004380240,
    "duration": 0,
    "pid": 4624,
    "index": 28
  },
  {
    "name": "Require(25) node_modules/egg-security/app/extend/application.js",
    "start": 1576004380240,
    "end": 1576004380240,
    "duration": 0,
    "pid": 4624,
    "index": 29
  },
  {
    "name": "Require(26) node_modules/egg-jsonp/app/extend/application.js",
    "start": 1576004380240,
    "end": 1576004380241,
    "duration": 1,
    "pid": 4624,
    "index": 30
  },
  {
    "name": "Require(27) node_modules/egg-logrotator/app/extend/application.js",
    "start": 1576004380241,
    "end": 1576004380241,
    "duration": 0,
    "pid": 4624,
    "index": 31
  },
  {
    "name": "Require(28) node_modules/egg-view/app/extend/application.js",
    "start": 1576004380242,
    "end": 1576004380242,
    "duration": 0,
    "pid": 4624,
    "index": 32
  },
  {
    "name": "Require(29) node_modules/egg-jwt/app/extend/application.js",
    "start": 1576004380242,
    "end": 1576004380257,
    "duration": 15,
    "pid": 4624,
    "index": 33
  },
  {
    "name": "Load extend/request.js",
    "start": 1576004380257,
    "end": 1576004380258,
    "duration": 1,
    "pid": 4624,
    "index": 34
  },
  {
    "name": "Require(30) node_modules/egg/app/extend/request.js",
    "start": 1576004380258,
    "end": 1576004380258,
    "duration": 0,
    "pid": 4624,
    "index": 35
  },
  {
    "name": "Load extend/response.js",
    "start": 1576004380258,
    "end": 1576004380260,
    "duration": 2,
    "pid": 4624,
    "index": 36
  },
  {
    "name": "Require(31) node_modules/egg/app/extend/response.js",
    "start": 1576004380259,
    "end": 1576004380259,
    "duration": 0,
    "pid": 4624,
    "index": 37
  },
  {
    "name": "Load extend/context.js",
    "start": 1576004380260,
    "end": 1576004380290,
    "duration": 30,
    "pid": 4624,
    "index": 38
  },
  {
    "name": "Require(32) node_modules/egg-security/app/extend/context.js",
    "start": 1576004380260,
    "end": 1576004380263,
    "duration": 3,
    "pid": 4624,
    "index": 39
  },
  {
    "name": "Require(33) node_modules/egg-jsonp/app/extend/context.js",
    "start": 1576004380263,
    "end": 1576004380263,
    "duration": 0,
    "pid": 4624,
    "index": 40
  },
  {
    "name": "Require(34) node_modules/egg-i18n/app/extend/context.js",
    "start": 1576004380263,
    "end": 1576004380264,
    "duration": 1,
    "pid": 4624,
    "index": 41
  },
  {
    "name": "Require(35) node_modules/egg-multipart/app/extend/context.js",
    "start": 1576004380264,
    "end": 1576004380288,
    "duration": 24,
    "pid": 4624,
    "index": 42
  },
  {
    "name": "Require(36) node_modules/egg-view/app/extend/context.js",
    "start": 1576004380288,
    "end": 1576004380288,
    "duration": 0,
    "pid": 4624,
    "index": 43
  },
  {
    "name": "Require(37) node_modules/egg-validate/app/extend/context.js",
    "start": 1576004380288,
    "end": 1576004380289,
    "duration": 1,
    "pid": 4624,
    "index": 44
  },
  {
    "name": "Require(38) node_modules/egg/app/extend/context.js",
    "start": 1576004380289,
    "end": 1576004380289,
    "duration": 0,
    "pid": 4624,
    "index": 45
  },
  {
    "name": "Load extend/helper.js",
    "start": 1576004380290,
    "end": 1576004380297,
    "duration": 7,
    "pid": 4624,
    "index": 46
  },
  {
    "name": "Require(39) node_modules/egg-security/app/extend/helper.js",
    "start": 1576004380290,
    "end": 1576004380296,
    "duration": 6,
    "pid": 4624,
    "index": 47
  },
  {
    "name": "Require(40) node_modules/egg/app/extend/helper.js",
    "start": 1576004380296,
    "end": 1576004380297,
    "duration": 1,
    "pid": 4624,
    "index": 48
  },
  {
    "name": "Load app.js",
    "start": 1576004380297,
    "end": 1576004380321,
    "duration": 24,
    "pid": 4624,
    "index": 49
  },
  {
    "name": "Require(41) node_modules/egg-session/app.js",
    "start": 1576004380297,
    "end": 1576004380297,
    "duration": 0,
    "pid": 4624,
    "index": 50
  },
  {
    "name": "Require(42) node_modules/egg-security/app.js",
    "start": 1576004380298,
    "end": 1576004380298,
    "duration": 0,
    "pid": 4624,
    "index": 51
  },
  {
    "name": "Require(43) node_modules/egg-onerror/app.js",
    "start": 1576004380298,
    "end": 1576004380301,
    "duration": 3,
    "pid": 4624,
    "index": 52
  },
  {
    "name": "Require(44) node_modules/egg-i18n/app.js",
    "start": 1576004380301,
    "end": 1576004380307,
    "duration": 6,
    "pid": 4624,
    "index": 53
  },
  {
    "name": "Require(45) node_modules/egg-watcher/app.js",
    "start": 1576004380307,
    "end": 1576004380308,
    "duration": 1,
    "pid": 4624,
    "index": 54
  },
  {
    "name": "Require(46) node_modules/egg-schedule/app.js",
    "start": 1576004380308,
    "end": 1576004380308,
    "duration": 0,
    "pid": 4624,
    "index": 55
  },
  {
    "name": "Require(47) node_modules/egg-multipart/app.js",
    "start": 1576004380308,
    "end": 1576004380309,
    "duration": 1,
    "pid": 4624,
    "index": 56
  },
  {
    "name": "Require(48) node_modules/egg-development/app.js",
    "start": 1576004380309,
    "end": 1576004380309,
    "duration": 0,
    "pid": 4624,
    "index": 57
  },
  {
    "name": "Require(49) node_modules/egg-logrotator/app.js",
    "start": 1576004380309,
    "end": 1576004380309,
    "duration": 0,
    "pid": 4624,
    "index": 58
  },
  {
    "name": "Require(50) node_modules/egg-static/app.js",
    "start": 1576004380310,
    "end": 1576004380310,
    "duration": 0,
    "pid": 4624,
    "index": 59
  },
  {
    "name": "Require(51) node_modules/egg-view-ejs/app.js",
    "start": 1576004380310,
    "end": 1576004380310,
    "duration": 0,
    "pid": 4624,
    "index": 60
  },
  {
    "name": "Require(52) node_modules/egg-mysql/app.js",
    "start": 1576004380310,
    "end": 1576004380319,
    "duration": 9,
    "pid": 4624,
    "index": 61
  },
  {
    "name": "Require(53) node_modules/egg-validate/app.js",
    "start": 1576004380319,
    "end": 1576004380320,
    "duration": 1,
    "pid": 4624,
    "index": 62
  },
  {
    "name": "Require(54) node_modules/egg-jwt/app.js",
    "start": 1576004380320,
    "end": 1576004380320,
    "duration": 0,
    "pid": 4624,
    "index": 63
  },
  {
    "name": "Before Start in node_modules/egg-watcher/lib/init.js:15:14",
    "start": 1576004380333,
    "end": 1576004380460,
    "duration": 127,
    "pid": 4624,
    "index": 64
  },
  {
    "name": "Before Start in node_modules/egg-mysql/lib/mysql.js:20:7",
    "start": 1576004380391,
    "end": 1576004380463,
    "duration": 72,
    "pid": 4624,
    "index": 65
  },
  {
    "name": "Load Service",
    "start": 1576004380392,
    "end": 1576004380398,
    "duration": 6,
    "pid": 4624,
    "index": 66
  },
  {
    "name": "Load \"service\" to Context",
    "start": 1576004380392,
    "end": 1576004380398,
    "duration": 6,
    "pid": 4624,
    "index": 67
  },
  {
    "name": "Load Middleware",
    "start": 1576004380399,
    "end": 1576004380433,
    "duration": 34,
    "pid": 4624,
    "index": 68
  },
  {
    "name": "Load \"middlewares\" to Application",
    "start": 1576004380399,
    "end": 1576004380427,
    "duration": 28,
    "pid": 4624,
    "index": 69
  },
  {
    "name": "Load Controller",
    "start": 1576004380433,
    "end": 1576004380438,
    "duration": 5,
    "pid": 4624,
    "index": 70
  },
  {
    "name": "Load \"controller\" to Application",
    "start": 1576004380433,
    "end": 1576004380438,
    "duration": 5,
    "pid": 4624,
    "index": 71
  },
  {
    "name": "Load Router",
    "start": 1576004380438,
    "end": 1576004380440,
    "duration": 2,
    "pid": 4624,
    "index": 72
  },
  {
    "name": "Require(55) app/router.js",
    "start": 1576004380438,
    "end": 1576004380438,
    "duration": 0,
    "pid": 4624,
    "index": 73
  },
  {
    "name": "Before Start in node_modules/egg-core/lib/egg.js:303:10",
    "start": 1576004380439,
    "end": 1576004380450,
    "duration": 11,
    "pid": 4624,
    "index": 74
  }
]