[
  {
    "name": "Application Start",
    "start": 1576000541662,
    "end": 1576000541890,
    "duration": 228,
    "pid": 3083,
    "index": 0
  },
  {
    "name": "Load Plugin",
    "start": 1576000541666,
    "end": 1576000541672,
    "duration": 6,
    "pid": 3083,
    "index": 1
  },
  {
    "name": "Load Config",
    "start": 1576000541672,
    "end": 1576000541683,
    "duration": 11,
    "pid": 3083,
    "index": 2
  },
  {
    "name": "Require(0) config/config.default.js",
    "start": 1576000541673,
    "end": 1576000541673,
    "duration": 0,
    "pid": 3083,
    "index": 3
  },
  {
    "name": "Require(1) node_modules/egg-session/config/config.default.js",
    "start": 1576000541674,
    "end": 1576000541674,
    "duration": 0,
    "pid": 3083,
    "index": 4
  },
  {
    "name": "Require(2) node_modules/egg-security/config/config.default.js",
    "start": 1576000541674,
    "end": 1576000541675,
    "duration": 1,
    "pid": 3083,
    "index": 5
  },
  {
    "name": "Require(3) node_modules/egg-jsonp/config/config.default.js",
    "start": 1576000541675,
    "end": 1576000541675,
    "duration": 0,
    "pid": 3083,
    "index": 6
  },
  {
    "name": "Require(4) node_modules/egg-onerror/config/config.default.js",
    "start": 1576000541675,
    "end": 1576000541675,
    "duration": 0,
    "pid": 3083,
    "index": 7
  },
  {
    "name": "Require(5) node_modules/egg-i18n/config/config.default.js",
    "start": 1576000541675,
    "end": 1576000541676,
    "duration": 1,
    "pid": 3083,
    "index": 8
  },
  {
    "name": "Require(6) node_modules/egg-watcher/config/config.default.js",
    "start": 1576000541676,
    "end": 1576000541676,
    "duration": 0,
    "pid": 3083,
    "index": 9
  },
  {
    "name": "Require(7) node_modules/egg-schedule/config/config.default.js",
    "start": 1576000541676,
    "end": 1576000541676,
    "duration": 0,
    "pid": 3083,
    "index": 10
  },
  {
    "name": "Require(8) node_modules/egg-multipart/config/config.default.js",
    "start": 1576000541676,
    "end": 1576000541677,
    "duration": 1,
    "pid": 3083,
    "index": 11
  },
  {
    "name": "Require(9) node_modules/egg-development/config/config.default.js",
    "start": 1576000541677,
    "end": 1576000541677,
    "duration": 0,
    "pid": 3083,
    "index": 12
  },
  {
    "name": "Require(10) node_modules/egg-logrotator/config/config.default.js",
    "start": 1576000541677,
    "end": 1576000541677,
    "duration": 0,
    "pid": 3083,
    "index": 13
  },
  {
    "name": "Require(11) node_modules/egg-static/config/config.default.js",
    "start": 1576000541677,
    "end": 1576000541677,
    "duration": 0,
    "pid": 3083,
    "index": 14
  },
  {
    "name": "Require(12) node_modules/egg-view/config/config.default.js",
    "start": 1576000541678,
    "end": 1576000541678,
    "duration": 0,
    "pid": 3083,
    "index": 15
  },
  {
    "name": "Require(13) node_modules/egg-view-ejs/config/config.default.js",
    "start": 1576000541678,
    "end": 1576000541678,
    "duration": 0,
    "pid": 3083,
    "index": 16
  },
  {
    "name": "Require(14) node_modules/egg-mysql/config/config.default.js",
    "start": 1576000541678,
    "end": 1576000541680,
    "duration": 2,
    "pid": 3083,
    "index": 17
  },
  {
    "name": "Require(15) node_modules/egg-validate/config/config.default.js",
    "start": 1576000541680,
    "end": 1576000541680,
    "duration": 0,
    "pid": 3083,
    "index": 18
  },
  {
    "name": "Require(16) node_modules/egg-jwt/config/config.default.js",
    "start": 1576000541680,
    "end": 1576000541680,
    "duration": 0,
    "pid": 3083,
    "index": 19
  },
  {
    "name": "Require(17) node_modules/egg/config/config.default.js",
    "start": 1576000541680,
    "end": 1576000541681,
    "duration": 1,
    "pid": 3083,
    "index": 20
  },
  {
    "name": "Require(18) config/config.default.js",
    "start": 1576000541681,
    "end": 1576000541681,
    "duration": 0,
    "pid": 3083,
    "index": 21
  },
  {
    "name": "Require(19) node_modules/egg-security/config/config.local.js",
    "start": 1576000541682,
    "end": 1576000541682,
    "duration": 0,
    "pid": 3083,
    "index": 22
  },
  {
    "name": "Require(20) node_modules/egg-watcher/config/config.local.js",
    "start": 1576000541682,
    "end": 1576000541682,
    "duration": 0,
    "pid": 3083,
    "index": 23
  },
  {
    "name": "Require(21) node_modules/egg-view/config/config.local.js",
    "start": 1576000541682,
    "end": 1576000541682,
    "duration": 0,
    "pid": 3083,
    "index": 24
  },
  {
    "name": "Require(22) node_modules/egg-view-ejs/config/config.local.js",
    "start": 1576000541682,
    "end": 1576000541682,
    "duration": 0,
    "pid": 3083,
    "index": 25
  },
  {
    "name": "Require(23) node_modules/egg/config/config.local.js",
    "start": 1576000541683,
    "end": 1576000541683,
    "duration": 0,
    "pid": 3083,
    "index": 26
  },
  {
    "name": "Load extend/application.js",
    "start": 1576000541684,
    "end": 1576000541702,
    "duration": 18,
    "pid": 3083,
    "index": 27
  },
  {
    "name": "Require(24) node_modules/egg-session/app/extend/application.js",
    "start": 1576000541684,
    "end": 1576000541684,
    "duration": 0,
    "pid": 3083,
    "index": 28
  },
  {
    "name": "Require(25) node_modules/egg-security/app/extend/application.js",
    "start": 1576000541684,
    "end": 1576000541685,
    "duration": 1,
    "pid": 3083,
    "index": 29
  },
  {
    "name": "Require(26) node_modules/egg-jsonp/app/extend/application.js",
    "start": 1576000541685,
    "end": 1576000541685,
    "duration": 0,
    "pid": 3083,
    "index": 30
  },
  {
    "name": "Require(27) node_modules/egg-logrotator/app/extend/application.js",
    "start": 1576000541685,
    "end": 1576000541686,
    "duration": 1,
    "pid": 3083,
    "index": 31
  },
  {
    "name": "Require(28) node_modules/egg-view/app/extend/application.js",
    "start": 1576000541686,
    "end": 1576000541686,
    "duration": 0,
    "pid": 3083,
    "index": 32
  },
  {
    "name": "Require(29) node_modules/egg-jwt/app/extend/application.js",
    "start": 1576000541687,
    "end": 1576000541701,
    "duration": 14,
    "pid": 3083,
    "index": 33
  },
  {
    "name": "Load extend/request.js",
    "start": 1576000541702,
    "end": 1576000541703,
    "duration": 1,
    "pid": 3083,
    "index": 34
  },
  {
    "name": "Require(30) node_modules/egg/app/extend/request.js",
    "start": 1576000541703,
    "end": 1576000541703,
    "duration": 0,
    "pid": 3083,
    "index": 35
  },
  {
    "name": "Load extend/response.js",
    "start": 1576000541704,
    "end": 1576000541705,
    "duration": 1,
    "pid": 3083,
    "index": 36
  },
  {
    "name": "Require(31) node_modules/egg/app/extend/response.js",
    "start": 1576000541704,
    "end": 1576000541704,
    "duration": 0,
    "pid": 3083,
    "index": 37
  },
  {
    "name": "Load extend/context.js",
    "start": 1576000541705,
    "end": 1576000541736,
    "duration": 31,
    "pid": 3083,
    "index": 38
  },
  {
    "name": "Require(32) node_modules/egg-security/app/extend/context.js",
    "start": 1576000541705,
    "end": 1576000541708,
    "duration": 3,
    "pid": 3083,
    "index": 39
  },
  {
    "name": "Require(33) node_modules/egg-jsonp/app/extend/context.js",
    "start": 1576000541708,
    "end": 1576000541709,
    "duration": 1,
    "pid": 3083,
    "index": 40
  },
  {
    "name": "Require(34) node_modules/egg-i18n/app/extend/context.js",
    "start": 1576000541709,
    "end": 1576000541709,
    "duration": 0,
    "pid": 3083,
    "index": 41
  },
  {
    "name": "Require(35) node_modules/egg-multipart/app/extend/context.js",
    "start": 1576000541709,
    "end": 1576000541734,
    "duration": 25,
    "pid": 3083,
    "index": 42
  },
  {
    "name": "Require(36) node_modules/egg-view/app/extend/context.js",
    "start": 1576000541734,
    "end": 1576000541735,
    "duration": 1,
    "pid": 3083,
    "index": 43
  },
  {
    "name": "Require(37) node_modules/egg-validate/app/extend/context.js",
    "start": 1576000541735,
    "end": 1576000541735,
    "duration": 0,
    "pid": 3083,
    "index": 44
  },
  {
    "name": "Require(38) node_modules/egg/app/extend/context.js",
    "start": 1576000541735,
    "end": 1576000541736,
    "duration": 1,
    "pid": 3083,
    "index": 45
  },
  {
    "name": "Load extend/helper.js",
    "start": 1576000541736,
    "end": 1576000541744,
    "duration": 8,
    "pid": 3083,
    "index": 46
  },
  {
    "name": "Require(39) node_modules/egg-security/app/extend/helper.js",
    "start": 1576000541737,
    "end": 1576000541743,
    "duration": 6,
    "pid": 3083,
    "index": 47
  },
  {
    "name": "Require(40) node_modules/egg/app/extend/helper.js",
    "start": 1576000541743,
    "end": 1576000541743,
    "duration": 0,
    "pid": 3083,
    "index": 48
  },
  {
    "name": "Load app.js",
    "start": 1576000541744,
    "end": 1576000541765,
    "duration": 21,
    "pid": 3083,
    "index": 49
  },
  {
    "name": "Require(41) node_modules/egg-session/app.js",
    "start": 1576000541744,
    "end": 1576000541744,
    "duration": 0,
    "pid": 3083,
    "index": 50
  },
  {
    "name": "Require(42) node_modules/egg-security/app.js",
    "start": 1576000541744,
    "end": 1576000541745,
    "duration": 1,
    "pid": 3083,
    "index": 51
  },
  {
    "name": "Require(43) node_modules/egg-onerror/app.js",
    "start": 1576000541745,
    "end": 1576000541748,
    "duration": 3,
    "pid": 3083,
    "index": 52
  },
  {
    "name": "Require(44) node_modules/egg-i18n/app.js",
    "start": 1576000541748,
    "end": 1576000541753,
    "duration": 5,
    "pid": 3083,
    "index": 53
  },
  {
    "name": "Require(45) node_modules/egg-watcher/app.js",
    "start": 1576000541754,
    "end": 1576000541755,
    "duration": 1,
    "pid": 3083,
    "index": 54
  },
  {
    "name": "Require(46) node_modules/egg-schedule/app.js",
    "start": 1576000541755,
    "end": 1576000541755,
    "duration": 0,
    "pid": 3083,
    "index": 55
  },
  {
    "name": "Require(47) node_modules/egg-multipart/app.js",
    "start": 1576000541755,
    "end": 1576000541756,
    "duration": 1,
    "pid": 3083,
    "index": 56
  },
  {
    "name": "Require(48) node_modules/egg-development/app.js",
    "start": 1576000541756,
    "end": 1576000541756,
    "duration": 0,
    "pid": 3083,
    "index": 57
  },
  {
    "name": "Require(49) node_modules/egg-logrotator/app.js",
    "start": 1576000541756,
    "end": 1576000541756,
    "duration": 0,
    "pid": 3083,
    "index": 58
  },
  {
    "name": "Require(50) node_modules/egg-static/app.js",
    "start": 1576000541757,
    "end": 1576000541757,
    "duration": 0,
    "pid": 3083,
    "index": 59
  },
  {
    "name": "Require(51) node_modules/egg-view-ejs/app.js",
    "start": 1576000541757,
    "end": 1576000541757,
    "duration": 0,
    "pid": 3083,
    "index": 60
  },
  {
    "name": "Require(52) node_modules/egg-mysql/app.js",
    "start": 1576000541757,
    "end": 1576000541763,
    "duration": 6,
    "pid": 3083,
    "index": 61
  },
  {
    "name": "Require(53) node_modules/egg-validate/app.js",
    "start": 1576000541763,
    "end": 1576000541764,
    "duration": 1,
    "pid": 3083,
    "index": 62
  },
  {
    "name": "Require(54) node_modules/egg-jwt/app.js",
    "start": 1576000541764,
    "end": 1576000541764,
    "duration": 0,
    "pid": 3083,
    "index": 63
  },
  {
    "name": "Before Start in node_modules/egg-watcher/lib/init.js:15:14",
    "start": 1576000541773,
    "end": 1576000541888,
    "duration": 115,
    "pid": 3083,
    "index": 64
  },
  {
    "name": "Before Start in node_modules/egg-mysql/lib/mysql.js:20:7",
    "start": 1576000541825,
    "end": 1576000541890,
    "duration": 65,
    "pid": 3083,
    "index": 65
  },
  {
    "name": "Load Service",
    "start": 1576000541825,
    "end": 1576000541832,
    "duration": 7,
    "pid": 3083,
    "index": 66
  },
  {
    "name": "Load \"service\" to Context",
    "start": 1576000541826,
    "end": 1576000541832,
    "duration": 6,
    "pid": 3083,
    "index": 67
  },
  {
    "name": "Load Middleware",
    "start": 1576000541832,
    "end": 1576000541863,
    "duration": 31,
    "pid": 3083,
    "index": 68
  },
  {
    "name": "Load \"middlewares\" to Application",
    "start": 1576000541832,
    "end": 1576000541857,
    "duration": 25,
    "pid": 3083,
    "index": 69
  },
  {
    "name": "Load Controller",
    "start": 1576000541863,
    "end": 1576000541868,
    "duration": 5,
    "pid": 3083,
    "index": 70
  },
  {
    "name": "Load \"controller\" to Application",
    "start": 1576000541863,
    "end": 1576000541868,
    "duration": 5,
    "pid": 3083,
    "index": 71
  },
  {
    "name": "Load Router",
    "start": 1576000541868,
    "end": 1576000541869,
    "duration": 1,
    "pid": 3083,
    "index": 72
  },
  {
    "name": "Require(55) app/router.js",
    "start": 1576000541868,
    "end": 1576000541868,
    "duration": 0,
    "pid": 3083,
    "index": 73
  },
  {
    "name": "Before Start in node_modules/egg-core/lib/egg.js:303:10",
    "start": 1576000541868,
    "end": 1576000541877,
    "duration": 9,
    "pid": 3083,
    "index": 74
  }
]