[
  {
    "name": "Application Start",
    "start": 1576000470268,
    "end": 1576000470489,
    "duration": 221,
    "pid": 3056,
    "index": 0
  },
  {
    "name": "Load Plugin",
    "start": 1576000470270,
    "end": 1576000470276,
    "duration": 6,
    "pid": 3056,
    "index": 1
  },
  {
    "name": "Load Config",
    "start": 1576000470276,
    "end": 1576000470284,
    "duration": 8,
    "pid": 3056,
    "index": 2
  },
  {
    "name": "Require(0) config/config.default.js",
    "start": 1576000470276,
    "end": 1576000470277,
    "duration": 1,
    "pid": 3056,
    "index": 3
  },
  {
    "name": "Require(1) node_modules/egg-session/config/config.default.js",
    "start": 1576000470277,
    "end": 1576000470278,
    "duration": 1,
    "pid": 3056,
    "index": 4
  },
  {
    "name": "Require(2) node_modules/egg-security/config/config.default.js",
    "start": 1576000470278,
    "end": 1576000470278,
    "duration": 0,
    "pid": 3056,
    "index": 5
  },
  {
    "name": "Require(3) node_modules/egg-jsonp/config/config.default.js",
    "start": 1576000470278,
    "end": 1576000470278,
    "duration": 0,
    "pid": 3056,
    "index": 6
  },
  {
    "name": "Require(4) node_modules/egg-onerror/config/config.default.js",
    "start": 1576000470278,
    "end": 1576000470279,
    "duration": 1,
    "pid": 3056,
    "index": 7
  },
  {
    "name": "Require(5) node_modules/egg-i18n/config/config.default.js",
    "start": 1576000470279,
    "end": 1576000470279,
    "duration": 0,
    "pid": 3056,
    "index": 8
  },
  {
    "name": "Require(6) node_modules/egg-watcher/config/config.default.js",
    "start": 1576000470279,
    "end": 1576000470279,
    "duration": 0,
    "pid": 3056,
    "index": 9
  },
  {
    "name": "Require(7) node_modules/egg-schedule/config/config.default.js",
    "start": 1576000470279,
    "end": 1576000470279,
    "duration": 0,
    "pid": 3056,
    "index": 10
  },
  {
    "name": "Require(8) node_modules/egg-multipart/config/config.default.js",
    "start": 1576000470280,
    "end": 1576000470280,
    "duration": 0,
    "pid": 3056,
    "index": 11
  },
  {
    "name": "Require(9) node_modules/egg-development/config/config.default.js",
    "start": 1576000470280,
    "end": 1576000470280,
    "duration": 0,
    "pid": 3056,
    "index": 12
  },
  {
    "name": "Require(10) node_modules/egg-logrotator/config/config.default.js",
    "start": 1576000470280,
    "end": 1576000470280,
    "duration": 0,
    "pid": 3056,
    "index": 13
  },
  {
    "name": "Require(11) node_modules/egg-static/config/config.default.js",
    "start": 1576000470281,
    "end": 1576000470281,
    "duration": 0,
    "pid": 3056,
    "index": 14
  },
  {
    "name": "Require(12) node_modules/egg-view/config/config.default.js",
    "start": 1576000470281,
    "end": 1576000470281,
    "duration": 0,
    "pid": 3056,
    "index": 15
  },
  {
    "name": "Require(13) node_modules/egg-view-ejs/config/config.default.js",
    "start": 1576000470281,
    "end": 1576000470281,
    "duration": 0,
    "pid": 3056,
    "index": 16
  },
  {
    "name": "Require(14) node_modules/egg-mysql/config/config.default.js",
    "start": 1576000470281,
    "end": 1576000470282,
    "duration": 1,
    "pid": 3056,
    "index": 17
  },
  {
    "name": "Require(15) node_modules/egg-validate/config/config.default.js",
    "start": 1576000470282,
    "end": 1576000470282,
    "duration": 0,
    "pid": 3056,
    "index": 18
  },
  {
    "name": "Require(16) node_modules/egg-jwt/config/config.default.js",
    "start": 1576000470282,
    "end": 1576000470282,
    "duration": 0,
    "pid": 3056,
    "index": 19
  },
  {
    "name": "Require(17) node_modules/egg/config/config.default.js",
    "start": 1576000470282,
    "end": 1576000470282,
    "duration": 0,
    "pid": 3056,
    "index": 20
  },
  {
    "name": "Require(18) config/config.default.js",
    "start": 1576000470283,
    "end": 1576000470283,
    "duration": 0,
    "pid": 3056,
    "index": 21
  },
  {
    "name": "Require(19) node_modules/egg-security/config/config.local.js",
    "start": 1576000470283,
    "end": 1576000470283,
    "duration": 0,
    "pid": 3056,
    "index": 22
  },
  {
    "name": "Require(20) node_modules/egg-watcher/config/config.local.js",
    "start": 1576000470283,
    "end": 1576000470284,
    "duration": 1,
    "pid": 3056,
    "index": 23
  },
  {
    "name": "Require(21) node_modules/egg-view/config/config.local.js",
    "start": 1576000470284,
    "end": 1576000470284,
    "duration": 0,
    "pid": 3056,
    "index": 24
  },
  {
    "name": "Require(22) node_modules/egg-view-ejs/config/config.local.js",
    "start": 1576000470284,
    "end": 1576000470284,
    "duration": 0,
    "pid": 3056,
    "index": 25
  },
  {
    "name": "Require(23) node_modules/egg/config/config.local.js",
    "start": 1576000470284,
    "end": 1576000470284,
    "duration": 0,
    "pid": 3056,
    "index": 26
  },
  {
    "name": "Load extend/application.js",
    "start": 1576000470285,
    "end": 1576000470304,
    "duration": 19,
    "pid": 3056,
    "index": 27
  },
  {
    "name": "Require(24) node_modules/egg-session/app/extend/application.js",
    "start": 1576000470286,
    "end": 1576000470286,
    "duration": 0,
    "pid": 3056,
    "index": 28
  },
  {
    "name": "Require(25) node_modules/egg-security/app/extend/application.js",
    "start": 1576000470286,
    "end": 1576000470286,
    "duration": 0,
    "pid": 3056,
    "index": 29
  },
  {
    "name": "Require(26) node_modules/egg-jsonp/app/extend/application.js",
    "start": 1576000470286,
    "end": 1576000470287,
    "duration": 1,
    "pid": 3056,
    "index": 30
  },
  {
    "name": "Require(27) node_modules/egg-logrotator/app/extend/application.js",
    "start": 1576000470287,
    "end": 1576000470287,
    "duration": 0,
    "pid": 3056,
    "index": 31
  },
  {
    "name": "Require(28) node_modules/egg-view/app/extend/application.js",
    "start": 1576000470288,
    "end": 1576000470288,
    "duration": 0,
    "pid": 3056,
    "index": 32
  },
  {
    "name": "Require(29) node_modules/egg-jwt/app/extend/application.js",
    "start": 1576000470288,
    "end": 1576000470304,
    "duration": 16,
    "pid": 3056,
    "index": 33
  },
  {
    "name": "Load extend/request.js",
    "start": 1576000470304,
    "end": 1576000470305,
    "duration": 1,
    "pid": 3056,
    "index": 34
  },
  {
    "name": "Require(30) node_modules/egg/app/extend/request.js",
    "start": 1576000470305,
    "end": 1576000470305,
    "duration": 0,
    "pid": 3056,
    "index": 35
  },
  {
    "name": "Load extend/response.js",
    "start": 1576000470306,
    "end": 1576000470307,
    "duration": 1,
    "pid": 3056,
    "index": 36
  },
  {
    "name": "Require(31) node_modules/egg/app/extend/response.js",
    "start": 1576000470306,
    "end": 1576000470306,
    "duration": 0,
    "pid": 3056,
    "index": 37
  },
  {
    "name": "Load extend/context.js",
    "start": 1576000470307,
    "end": 1576000470334,
    "duration": 27,
    "pid": 3056,
    "index": 38
  },
  {
    "name": "Require(32) node_modules/egg-security/app/extend/context.js",
    "start": 1576000470307,
    "end": 1576000470310,
    "duration": 3,
    "pid": 3056,
    "index": 39
  },
  {
    "name": "Require(33) node_modules/egg-jsonp/app/extend/context.js",
    "start": 1576000470310,
    "end": 1576000470310,
    "duration": 0,
    "pid": 3056,
    "index": 40
  },
  {
    "name": "Require(34) node_modules/egg-i18n/app/extend/context.js",
    "start": 1576000470310,
    "end": 1576000470310,
    "duration": 0,
    "pid": 3056,
    "index": 41
  },
  {
    "name": "Require(35) node_modules/egg-multipart/app/extend/context.js",
    "start": 1576000470311,
    "end": 1576000470332,
    "duration": 21,
    "pid": 3056,
    "index": 42
  },
  {
    "name": "Require(36) node_modules/egg-view/app/extend/context.js",
    "start": 1576000470332,
    "end": 1576000470333,
    "duration": 1,
    "pid": 3056,
    "index": 43
  },
  {
    "name": "Require(37) node_modules/egg-validate/app/extend/context.js",
    "start": 1576000470333,
    "end": 1576000470333,
    "duration": 0,
    "pid": 3056,
    "index": 44
  },
  {
    "name": "Require(38) node_modules/egg/app/extend/context.js",
    "start": 1576000470333,
    "end": 1576000470334,
    "duration": 1,
    "pid": 3056,
    "index": 45
  },
  {
    "name": "Load extend/helper.js",
    "start": 1576000470334,
    "end": 1576000470341,
    "duration": 7,
    "pid": 3056,
    "index": 46
  },
  {
    "name": "Require(39) node_modules/egg-security/app/extend/helper.js",
    "start": 1576000470334,
    "end": 1576000470340,
    "duration": 6,
    "pid": 3056,
    "index": 47
  },
  {
    "name": "Require(40) node_modules/egg/app/extend/helper.js",
    "start": 1576000470340,
    "end": 1576000470341,
    "duration": 1,
    "pid": 3056,
    "index": 48
  },
  {
    "name": "Load app.js",
    "start": 1576000470341,
    "end": 1576000470359,
    "duration": 18,
    "pid": 3056,
    "index": 49
  },
  {
    "name": "Require(41) node_modules/egg-session/app.js",
    "start": 1576000470341,
    "end": 1576000470341,
    "duration": 0,
    "pid": 3056,
    "index": 50
  },
  {
    "name": "Require(42) node_modules/egg-security/app.js",
    "start": 1576000470341,
    "end": 1576000470342,
    "duration": 1,
    "pid": 3056,
    "index": 51
  },
  {
    "name": "Require(43) node_modules/egg-onerror/app.js",
    "start": 1576000470342,
    "end": 1576000470345,
    "duration": 3,
    "pid": 3056,
    "index": 52
  },
  {
    "name": "Require(44) node_modules/egg-i18n/app.js",
    "start": 1576000470345,
    "end": 1576000470350,
    "duration": 5,
    "pid": 3056,
    "index": 53
  },
  {
    "name": "Require(45) node_modules/egg-watcher/app.js",
    "start": 1576000470350,
    "end": 1576000470351,
    "duration": 1,
    "pid": 3056,
    "index": 54
  },
  {
    "name": "Require(46) node_modules/egg-schedule/app.js",
    "start": 1576000470351,
    "end": 1576000470351,
    "duration": 0,
    "pid": 3056,
    "index": 55
  },
  {
    "name": "Require(47) node_modules/egg-multipart/app.js",
    "start": 1576000470351,
    "end": 1576000470352,
    "duration": 1,
    "pid": 3056,
    "index": 56
  },
  {
    "name": "Require(48) node_modules/egg-development/app.js",
    "start": 1576000470352,
    "end": 1576000470352,
    "duration": 0,
    "pid": 3056,
    "index": 57
  },
  {
    "name": "Require(49) node_modules/egg-logrotator/app.js",
    "start": 1576000470352,
    "end": 1576000470352,
    "duration": 0,
    "pid": 3056,
    "index": 58
  },
  {
    "name": "Require(50) node_modules/egg-static/app.js",
    "start": 1576000470352,
    "end": 1576000470352,
    "duration": 0,
    "pid": 3056,
    "index": 59
  },
  {
    "name": "Require(51) node_modules/egg-view-ejs/app.js",
    "start": 1576000470353,
    "end": 1576000470353,
    "duration": 0,
    "pid": 3056,
    "index": 60
  },
  {
    "name": "Require(52) node_modules/egg-mysql/app.js",
    "start": 1576000470353,
    "end": 1576000470358,
    "duration": 5,
    "pid": 3056,
    "index": 61
  },
  {
    "name": "Require(53) node_modules/egg-validate/app.js",
    "start": 1576000470358,
    "end": 1576000470358,
    "duration": 0,
    "pid": 3056,
    "index": 62
  },
  {
    "name": "Require(54) node_modules/egg-jwt/app.js",
    "start": 1576000470359,
    "end": 1576000470359,
    "duration": 0,
    "pid": 3056,
    "index": 63
  },
  {
    "name": "Before Start in node_modules/egg-watcher/lib/init.js:15:14",
    "start": 1576000470367,
    "end": 1576000470486,
    "duration": 119,
    "pid": 3056,
    "index": 64
  },
  {
    "name": "Before Start in node_modules/egg-mysql/lib/mysql.js:20:7",
    "start": 1576000470417,
    "end": 1576000470488,
    "duration": 71,
    "pid": 3056,
    "index": 65
  },
  {
    "name": "Load Service",
    "start": 1576000470418,
    "end": 1576000470423,
    "duration": 5,
    "pid": 3056,
    "index": 66
  },
  {
    "name": "Load \"service\" to Context",
    "start": 1576000470418,
    "end": 1576000470423,
    "duration": 5,
    "pid": 3056,
    "index": 67
  },
  {
    "name": "Load Middleware",
    "start": 1576000470424,
    "end": 1576000470460,
    "duration": 36,
    "pid": 3056,
    "index": 68
  },
  {
    "name": "Load \"middlewares\" to Application",
    "start": 1576000470424,
    "end": 1576000470454,
    "duration": 30,
    "pid": 3056,
    "index": 69
  },
  {
    "name": "Load Controller",
    "start": 1576000470460,
    "end": 1576000470464,
    "duration": 4,
    "pid": 3056,
    "index": 70
  },
  {
    "name": "Load \"controller\" to Application",
    "start": 1576000470460,
    "end": 1576000470464,
    "duration": 4,
    "pid": 3056,
    "index": 71
  },
  {
    "name": "Load Router",
    "start": 1576000470465,
    "end": 1576000470466,
    "duration": 1,
    "pid": 3056,
    "index": 72
  },
  {
    "name": "Require(55) app/router.js",
    "start": 1576000470465,
    "end": 1576000470465,
    "duration": 0,
    "pid": 3056,
    "index": 73
  },
  {
    "name": "Before Start in node_modules/egg-core/lib/egg.js:303:10",
    "start": 1576000470465,
    "end": 1576000470475,
    "duration": 10,
    "pid": 3056,
    "index": 74
  }
]