[
  {
    "name": "Application Start",
    "start": 1576003460734,
    "end": 1576003460958,
    "duration": 224,
    "pid": 4215,
    "index": 0
  },
  {
    "name": "Load Plugin",
    "start": 1576003460738,
    "end": 1576003460745,
    "duration": 7,
    "pid": 4215,
    "index": 1
  },
  {
    "name": "Load Config",
    "start": 1576003460745,
    "end": 1576003460756,
    "duration": 11,
    "pid": 4215,
    "index": 2
  },
  {
    "name": "Require(0) config/config.default.js",
    "start": 1576003460745,
    "end": 1576003460745,
    "duration": 0,
    "pid": 4215,
    "index": 3
  },
  {
    "name": "Require(1) node_modules/egg-session/config/config.default.js",
    "start": 1576003460747,
    "end": 1576003460747,
    "duration": 0,
    "pid": 4215,
    "index": 4
  },
  {
    "name": "Require(2) node_modules/egg-security/config/config.default.js",
    "start": 1576003460747,
    "end": 1576003460747,
    "duration": 0,
    "pid": 4215,
    "index": 5
  },
  {
    "name": "Require(3) node_modules/egg-jsonp/config/config.default.js",
    "start": 1576003460748,
    "end": 1576003460748,
    "duration": 0,
    "pid": 4215,
    "index": 6
  },
  {
    "name": "Require(4) node_modules/egg-onerror/config/config.default.js",
    "start": 1576003460748,
    "end": 1576003460748,
    "duration": 0,
    "pid": 4215,
    "index": 7
  },
  {
    "name": "Require(5) node_modules/egg-i18n/config/config.default.js",
    "start": 1576003460748,
    "end": 1576003460748,
    "duration": 0,
    "pid": 4215,
    "index": 8
  },
  {
    "name": "Require(6) node_modules/egg-watcher/config/config.default.js",
    "start": 1576003460749,
    "end": 1576003460749,
    "duration": 0,
    "pid": 4215,
    "index": 9
  },
  {
    "name": "Require(7) node_modules/egg-schedule/config/config.default.js",
    "start": 1576003460749,
    "end": 1576003460749,
    "duration": 0,
    "pid": 4215,
    "index": 10
  },
  {
    "name": "Require(8) node_modules/egg-multipart/config/config.default.js",
    "start": 1576003460749,
    "end": 1576003460749,
    "duration": 0,
    "pid": 4215,
    "index": 11
  },
  {
    "name": "Require(9) node_modules/egg-development/config/config.default.js",
    "start": 1576003460750,
    "end": 1576003460750,
    "duration": 0,
    "pid": 4215,
    "index": 12
  },
  {
    "name": "Require(10) node_modules/egg-logrotator/config/config.default.js",
    "start": 1576003460750,
    "end": 1576003460750,
    "duration": 0,
    "pid": 4215,
    "index": 13
  },
  {
    "name": "Require(11) node_modules/egg-static/config/config.default.js",
    "start": 1576003460750,
    "end": 1576003460750,
    "duration": 0,
    "pid": 4215,
    "index": 14
  },
  {
    "name": "Require(12) node_modules/egg-view/config/config.default.js",
    "start": 1576003460751,
    "end": 1576003460751,
    "duration": 0,
    "pid": 4215,
    "index": 15
  },
  {
    "name": "Require(13) node_modules/egg-view-ejs/config/config.default.js",
    "start": 1576003460751,
    "end": 1576003460751,
    "duration": 0,
    "pid": 4215,
    "index": 16
  },
  {
    "name": "Require(14) node_modules/egg-mysql/config/config.default.js",
    "start": 1576003460751,
    "end": 1576003460751,
    "duration": 0,
    "pid": 4215,
    "index": 17
  },
  {
    "name": "Require(15) node_modules/egg-validate/config/config.default.js",
    "start": 1576003460752,
    "end": 1576003460752,
    "duration": 0,
    "pid": 4215,
    "index": 18
  },
  {
    "name": "Require(16) node_modules/egg-jwt/config/config.default.js",
    "start": 1576003460752,
    "end": 1576003460752,
    "duration": 0,
    "pid": 4215,
    "index": 19
  },
  {
    "name": "Require(17) node_modules/egg/config/config.default.js",
    "start": 1576003460752,
    "end": 1576003460752,
    "duration": 0,
    "pid": 4215,
    "index": 20
  },
  {
    "name": "Require(18) config/config.default.js",
    "start": 1576003460755,
    "end": 1576003460755,
    "duration": 0,
    "pid": 4215,
    "index": 21
  },
  {
    "name": "Require(19) node_modules/egg-security/config/config.local.js",
    "start": 1576003460755,
    "end": 1576003460755,
    "duration": 0,
    "pid": 4215,
    "index": 22
  },
  {
    "name": "Require(20) node_modules/egg-watcher/config/config.local.js",
    "start": 1576003460755,
    "end": 1576003460755,
    "duration": 0,
    "pid": 4215,
    "index": 23
  },
  {
    "name": "Require(21) node_modules/egg-view/config/config.local.js",
    "start": 1576003460756,
    "end": 1576003460756,
    "duration": 0,
    "pid": 4215,
    "index": 24
  },
  {
    "name": "Require(22) node_modules/egg-view-ejs/config/config.local.js",
    "start": 1576003460756,
    "end": 1576003460756,
    "duration": 0,
    "pid": 4215,
    "index": 25
  },
  {
    "name": "Require(23) node_modules/egg/config/config.local.js",
    "start": 1576003460756,
    "end": 1576003460756,
    "duration": 0,
    "pid": 4215,
    "index": 26
  },
  {
    "name": "Load extend/application.js",
    "start": 1576003460758,
    "end": 1576003460778,
    "duration": 20,
    "pid": 4215,
    "index": 27
  },
  {
    "name": "Require(24) node_modules/egg-session/app/extend/application.js",
    "start": 1576003460758,
    "end": 1576003460758,
    "duration": 0,
    "pid": 4215,
    "index": 28
  },
  {
    "name": "Require(25) node_modules/egg-security/app/extend/application.js",
    "start": 1576003460758,
    "end": 1576003460759,
    "duration": 1,
    "pid": 4215,
    "index": 29
  },
  {
    "name": "Require(26) node_modules/egg-jsonp/app/extend/application.js",
    "start": 1576003460759,
    "end": 1576003460759,
    "duration": 0,
    "pid": 4215,
    "index": 30
  },
  {
    "name": "Require(27) node_modules/egg-logrotator/app/extend/application.js",
    "start": 1576003460760,
    "end": 1576003460760,
    "duration": 0,
    "pid": 4215,
    "index": 31
  },
  {
    "name": "Require(28) node_modules/egg-view/app/extend/application.js",
    "start": 1576003460760,
    "end": 1576003460761,
    "duration": 1,
    "pid": 4215,
    "index": 32
  },
  {
    "name": "Require(29) node_modules/egg-jwt/app/extend/application.js",
    "start": 1576003460761,
    "end": 1576003460778,
    "duration": 17,
    "pid": 4215,
    "index": 33
  },
  {
    "name": "Load extend/request.js",
    "start": 1576003460778,
    "end": 1576003460780,
    "duration": 2,
    "pid": 4215,
    "index": 34
  },
  {
    "name": "Require(30) node_modules/egg/app/extend/request.js",
    "start": 1576003460779,
    "end": 1576003460779,
    "duration": 0,
    "pid": 4215,
    "index": 35
  },
  {
    "name": "Load extend/response.js",
    "start": 1576003460780,
    "end": 1576003460782,
    "duration": 2,
    "pid": 4215,
    "index": 36
  },
  {
    "name": "Require(31) node_modules/egg/app/extend/response.js",
    "start": 1576003460781,
    "end": 1576003460781,
    "duration": 0,
    "pid": 4215,
    "index": 37
  },
  {
    "name": "Load extend/context.js",
    "start": 1576003460782,
    "end": 1576003460811,
    "duration": 29,
    "pid": 4215,
    "index": 38
  },
  {
    "name": "Require(32) node_modules/egg-security/app/extend/context.js",
    "start": 1576003460782,
    "end": 1576003460785,
    "duration": 3,
    "pid": 4215,
    "index": 39
  },
  {
    "name": "Require(33) node_modules/egg-jsonp/app/extend/context.js",
    "start": 1576003460785,
    "end": 1576003460785,
    "duration": 0,
    "pid": 4215,
    "index": 40
  },
  {
    "name": "Require(34) node_modules/egg-i18n/app/extend/context.js",
    "start": 1576003460786,
    "end": 1576003460786,
    "duration": 0,
    "pid": 4215,
    "index": 41
  },
  {
    "name": "Require(35) node_modules/egg-multipart/app/extend/context.js",
    "start": 1576003460786,
    "end": 1576003460809,
    "duration": 23,
    "pid": 4215,
    "index": 42
  },
  {
    "name": "Require(36) node_modules/egg-view/app/extend/context.js",
    "start": 1576003460809,
    "end": 1576003460810,
    "duration": 1,
    "pid": 4215,
    "index": 43
  },
  {
    "name": "Require(37) node_modules/egg-validate/app/extend/context.js",
    "start": 1576003460810,
    "end": 1576003460810,
    "duration": 0,
    "pid": 4215,
    "index": 44
  },
  {
    "name": "Require(38) node_modules/egg/app/extend/context.js",
    "start": 1576003460810,
    "end": 1576003460811,
    "duration": 1,
    "pid": 4215,
    "index": 45
  },
  {
    "name": "Load extend/helper.js",
    "start": 1576003460811,
    "end": 1576003460818,
    "duration": 7,
    "pid": 4215,
    "index": 46
  },
  {
    "name": "Require(39) node_modules/egg-security/app/extend/helper.js",
    "start": 1576003460811,
    "end": 1576003460817,
    "duration": 6,
    "pid": 4215,
    "index": 47
  },
  {
    "name": "Require(40) node_modules/egg/app/extend/helper.js",
    "start": 1576003460818,
    "end": 1576003460818,
    "duration": 0,
    "pid": 4215,
    "index": 48
  },
  {
    "name": "Load app.js",
    "start": 1576003460819,
    "end": 1576003460838,
    "duration": 19,
    "pid": 4215,
    "index": 49
  },
  {
    "name": "Require(41) node_modules/egg-session/app.js",
    "start": 1576003460819,
    "end": 1576003460819,
    "duration": 0,
    "pid": 4215,
    "index": 50
  },
  {
    "name": "Require(42) node_modules/egg-security/app.js",
    "start": 1576003460819,
    "end": 1576003460819,
    "duration": 0,
    "pid": 4215,
    "index": 51
  },
  {
    "name": "Require(43) node_modules/egg-onerror/app.js",
    "start": 1576003460820,
    "end": 1576003460823,
    "duration": 3,
    "pid": 4215,
    "index": 52
  },
  {
    "name": "Require(44) node_modules/egg-i18n/app.js",
    "start": 1576003460823,
    "end": 1576003460828,
    "duration": 5,
    "pid": 4215,
    "index": 53
  },
  {
    "name": "Require(45) node_modules/egg-watcher/app.js",
    "start": 1576003460828,
    "end": 1576003460829,
    "duration": 1,
    "pid": 4215,
    "index": 54
  },
  {
    "name": "Require(46) node_modules/egg-schedule/app.js",
    "start": 1576003460829,
    "end": 1576003460829,
    "duration": 0,
    "pid": 4215,
    "index": 55
  },
  {
    "name": "Require(47) node_modules/egg-multipart/app.js",
    "start": 1576003460829,
    "end": 1576003460830,
    "duration": 1,
    "pid": 4215,
    "index": 56
  },
  {
    "name": "Require(48) node_modules/egg-development/app.js",
    "start": 1576003460830,
    "end": 1576003460830,
    "duration": 0,
    "pid": 4215,
    "index": 57
  },
  {
    "name": "Require(49) node_modules/egg-logrotator/app.js",
    "start": 1576003460830,
    "end": 1576003460830,
    "duration": 0,
    "pid": 4215,
    "index": 58
  },
  {
    "name": "Require(50) node_modules/egg-static/app.js",
    "start": 1576003460831,
    "end": 1576003460831,
    "duration": 0,
    "pid": 4215,
    "index": 59
  },
  {
    "name": "Require(51) node_modules/egg-view-ejs/app.js",
    "start": 1576003460831,
    "end": 1576003460831,
    "duration": 0,
    "pid": 4215,
    "index": 60
  },
  {
    "name": "Require(52) node_modules/egg-mysql/app.js",
    "start": 1576003460831,
    "end": 1576003460836,
    "duration": 5,
    "pid": 4215,
    "index": 61
  },
  {
    "name": "Require(53) node_modules/egg-validate/app.js",
    "start": 1576003460836,
    "end": 1576003460837,
    "duration": 1,
    "pid": 4215,
    "index": 62
  },
  {
    "name": "Require(54) node_modules/egg-jwt/app.js",
    "start": 1576003460837,
    "end": 1576003460837,
    "duration": 0,
    "pid": 4215,
    "index": 63
  },
  {
    "name": "Before Start in node_modules/egg-watcher/lib/init.js:15:14",
    "start": 1576003460845,
    "end": 1576003460956,
    "duration": 111,
    "pid": 4215,
    "index": 64
  },
  {
    "name": "Before Start in node_modules/egg-mysql/lib/mysql.js:20:7",
    "start": 1576003460895,
    "end": 1576003460958,
    "duration": 63,
    "pid": 4215,
    "index": 65
  },
  {
    "name": "Load Service",
    "start": 1576003460896,
    "end": 1576003460903,
    "duration": 7,
    "pid": 4215,
    "index": 66
  },
  {
    "name": "Load \"service\" to Context",
    "start": 1576003460896,
    "end": 1576003460903,
    "duration": 7,
    "pid": 4215,
    "index": 67
  },
  {
    "name": "Load Middleware",
    "start": 1576003460903,
    "end": 1576003460932,
    "duration": 29,
    "pid": 4215,
    "index": 68
  },
  {
    "name": "Load \"middlewares\" to Application",
    "start": 1576003460904,
    "end": 1576003460926,
    "duration": 22,
    "pid": 4215,
    "index": 69
  },
  {
    "name": "Load Controller",
    "start": 1576003460932,
    "end": 1576003460936,
    "duration": 4,
    "pid": 4215,
    "index": 70
  },
  {
    "name": "Load \"controller\" to Application",
    "start": 1576003460932,
    "end": 1576003460936,
    "duration": 4,
    "pid": 4215,
    "index": 71
  },
  {
    "name": "Load Router",
    "start": 1576003460936,
    "end": 1576003460938,
    "duration": 2,
    "pid": 4215,
    "index": 72
  },
  {
    "name": "Require(55) app/router.js",
    "start": 1576003460936,
    "end": 1576003460936,
    "duration": 0,
    "pid": 4215,
    "index": 73
  },
  {
    "name": "Before Start in node_modules/egg-core/lib/egg.js:303:10",
    "start": 1576003460937,
    "end": 1576003460946,
    "duration": 9,
    "pid": 4215,
    "index": 74
  }
]