[
  {
    "name": "Application Start",
    "start": 1576002487442,
    "end": 1576002487659,
    "duration": 217,
    "pid": 3842,
    "index": 0
  },
  {
    "name": "Load Plugin",
    "start": 1576002487445,
    "end": 1576002487450,
    "duration": 5,
    "pid": 3842,
    "index": 1
  },
  {
    "name": "Load Config",
    "start": 1576002487451,
    "end": 1576002487460,
    "duration": 9,
    "pid": 3842,
    "index": 2
  },
  {
    "name": "Require(0) config/config.default.js",
    "start": 1576002487451,
    "end": 1576002487451,
    "duration": 0,
    "pid": 3842,
    "index": 3
  },
  {
    "name": "Require(1) node_modules/egg-session/config/config.default.js",
    "start": 1576002487452,
    "end": 1576002487452,
    "duration": 0,
    "pid": 3842,
    "index": 4
  },
  {
    "name": "Require(2) node_modules/egg-security/config/config.default.js",
    "start": 1576002487452,
    "end": 1576002487452,
    "duration": 0,
    "pid": 3842,
    "index": 5
  },
  {
    "name": "Require(3) node_modules/egg-jsonp/config/config.default.js",
    "start": 1576002487453,
    "end": 1576002487453,
    "duration": 0,
    "pid": 3842,
    "index": 6
  },
  {
    "name": "Require(4) node_modules/egg-onerror/config/config.default.js",
    "start": 1576002487453,
    "end": 1576002487453,
    "duration": 0,
    "pid": 3842,
    "index": 7
  },
  {
    "name": "Require(5) node_modules/egg-i18n/config/config.default.js",
    "start": 1576002487453,
    "end": 1576002487453,
    "duration": 0,
    "pid": 3842,
    "index": 8
  },
  {
    "name": "Require(6) node_modules/egg-watcher/config/config.default.js",
    "start": 1576002487454,
    "end": 1576002487454,
    "duration": 0,
    "pid": 3842,
    "index": 9
  },
  {
    "name": "Require(7) node_modules/egg-schedule/config/config.default.js",
    "start": 1576002487454,
    "end": 1576002487454,
    "duration": 0,
    "pid": 3842,
    "index": 10
  },
  {
    "name": "Require(8) node_modules/egg-multipart/config/config.default.js",
    "start": 1576002487454,
    "end": 1576002487454,
    "duration": 0,
    "pid": 3842,
    "index": 11
  },
  {
    "name": "Require(9) node_modules/egg-development/config/config.default.js",
    "start": 1576002487455,
    "end": 1576002487455,
    "duration": 0,
    "pid": 3842,
    "index": 12
  },
  {
    "name": "Require(10) node_modules/egg-logrotator/config/config.default.js",
    "start": 1576002487455,
    "end": 1576002487455,
    "duration": 0,
    "pid": 3842,
    "index": 13
  },
  {
    "name": "Require(11) node_modules/egg-static/config/config.default.js",
    "start": 1576002487455,
    "end": 1576002487455,
    "duration": 0,
    "pid": 3842,
    "index": 14
  },
  {
    "name": "Require(12) node_modules/egg-view/config/config.default.js",
    "start": 1576002487455,
    "end": 1576002487456,
    "duration": 1,
    "pid": 3842,
    "index": 15
  },
  {
    "name": "Require(13) node_modules/egg-view-ejs/config/config.default.js",
    "start": 1576002487456,
    "end": 1576002487456,
    "duration": 0,
    "pid": 3842,
    "index": 16
  },
  {
    "name": "Require(14) node_modules/egg-mysql/config/config.default.js",
    "start": 1576002487456,
    "end": 1576002487456,
    "duration": 0,
    "pid": 3842,
    "index": 17
  },
  {
    "name": "Require(15) node_modules/egg-validate/config/config.default.js",
    "start": 1576002487456,
    "end": 1576002487456,
    "duration": 0,
    "pid": 3842,
    "index": 18
  },
  {
    "name": "Require(16) node_modules/egg-jwt/config/config.default.js",
    "start": 1576002487456,
    "end": 1576002487457,
    "duration": 1,
    "pid": 3842,
    "index": 19
  },
  {
    "name": "Require(17) node_modules/egg/config/config.default.js",
    "start": 1576002487457,
    "end": 1576002487457,
    "duration": 0,
    "pid": 3842,
    "index": 20
  },
  {
    "name": "Require(18) config/config.default.js",
    "start": 1576002487458,
    "end": 1576002487458,
    "duration": 0,
    "pid": 3842,
    "index": 21
  },
  {
    "name": "Require(19) node_modules/egg-security/config/config.local.js",
    "start": 1576002487458,
    "end": 1576002487458,
    "duration": 0,
    "pid": 3842,
    "index": 22
  },
  {
    "name": "Require(20) node_modules/egg-watcher/config/config.local.js",
    "start": 1576002487458,
    "end": 1576002487458,
    "duration": 0,
    "pid": 3842,
    "index": 23
  },
  {
    "name": "Require(21) node_modules/egg-view/config/config.local.js",
    "start": 1576002487459,
    "end": 1576002487459,
    "duration": 0,
    "pid": 3842,
    "index": 24
  },
  {
    "name": "Require(22) node_modules/egg-view-ejs/config/config.local.js",
    "start": 1576002487459,
    "end": 1576002487459,
    "duration": 0,
    "pid": 3842,
    "index": 25
  },
  {
    "name": "Require(23) node_modules/egg/config/config.local.js",
    "start": 1576002487459,
    "end": 1576002487460,
    "duration": 1,
    "pid": 3842,
    "index": 26
  },
  {
    "name": "Load extend/application.js",
    "start": 1576002487461,
    "end": 1576002487481,
    "duration": 20,
    "pid": 3842,
    "index": 27
  },
  {
    "name": "Require(24) node_modules/egg-session/app/extend/application.js",
    "start": 1576002487461,
    "end": 1576002487461,
    "duration": 0,
    "pid": 3842,
    "index": 28
  },
  {
    "name": "Require(25) node_modules/egg-security/app/extend/application.js",
    "start": 1576002487461,
    "end": 1576002487462,
    "duration": 1,
    "pid": 3842,
    "index": 29
  },
  {
    "name": "Require(26) node_modules/egg-jsonp/app/extend/application.js",
    "start": 1576002487462,
    "end": 1576002487462,
    "duration": 0,
    "pid": 3842,
    "index": 30
  },
  {
    "name": "Require(27) node_modules/egg-logrotator/app/extend/application.js",
    "start": 1576002487462,
    "end": 1576002487463,
    "duration": 1,
    "pid": 3842,
    "index": 31
  },
  {
    "name": "Require(28) node_modules/egg-view/app/extend/application.js",
    "start": 1576002487463,
    "end": 1576002487463,
    "duration": 0,
    "pid": 3842,
    "index": 32
  },
  {
    "name": "Require(29) node_modules/egg-jwt/app/extend/application.js",
    "start": 1576002487464,
    "end": 1576002487481,
    "duration": 17,
    "pid": 3842,
    "index": 33
  },
  {
    "name": "Load extend/request.js",
    "start": 1576002487481,
    "end": 1576002487484,
    "duration": 3,
    "pid": 3842,
    "index": 34
  },
  {
    "name": "Require(30) node_modules/egg/app/extend/request.js",
    "start": 1576002487483,
    "end": 1576002487483,
    "duration": 0,
    "pid": 3842,
    "index": 35
  },
  {
    "name": "Load extend/response.js",
    "start": 1576002487484,
    "end": 1576002487486,
    "duration": 2,
    "pid": 3842,
    "index": 36
  },
  {
    "name": "Require(31) node_modules/egg/app/extend/response.js",
    "start": 1576002487485,
    "end": 1576002487485,
    "duration": 0,
    "pid": 3842,
    "index": 37
  },
  {
    "name": "Load extend/context.js",
    "start": 1576002487486,
    "end": 1576002487517,
    "duration": 31,
    "pid": 3842,
    "index": 38
  },
  {
    "name": "Require(32) node_modules/egg-security/app/extend/context.js",
    "start": 1576002487486,
    "end": 1576002487490,
    "duration": 4,
    "pid": 3842,
    "index": 39
  },
  {
    "name": "Require(33) node_modules/egg-jsonp/app/extend/context.js",
    "start": 1576002487490,
    "end": 1576002487491,
    "duration": 1,
    "pid": 3842,
    "index": 40
  },
  {
    "name": "Require(34) node_modules/egg-i18n/app/extend/context.js",
    "start": 1576002487491,
    "end": 1576002487491,
    "duration": 0,
    "pid": 3842,
    "index": 41
  },
  {
    "name": "Require(35) node_modules/egg-multipart/app/extend/context.js",
    "start": 1576002487491,
    "end": 1576002487515,
    "duration": 24,
    "pid": 3842,
    "index": 42
  },
  {
    "name": "Require(36) node_modules/egg-view/app/extend/context.js",
    "start": 1576002487515,
    "end": 1576002487515,
    "duration": 0,
    "pid": 3842,
    "index": 43
  },
  {
    "name": "Require(37) node_modules/egg-validate/app/extend/context.js",
    "start": 1576002487515,
    "end": 1576002487515,
    "duration": 0,
    "pid": 3842,
    "index": 44
  },
  {
    "name": "Require(38) node_modules/egg/app/extend/context.js",
    "start": 1576002487516,
    "end": 1576002487516,
    "duration": 0,
    "pid": 3842,
    "index": 45
  },
  {
    "name": "Load extend/helper.js",
    "start": 1576002487517,
    "end": 1576002487524,
    "duration": 7,
    "pid": 3842,
    "index": 46
  },
  {
    "name": "Require(39) node_modules/egg-security/app/extend/helper.js",
    "start": 1576002487517,
    "end": 1576002487523,
    "duration": 6,
    "pid": 3842,
    "index": 47
  },
  {
    "name": "Require(40) node_modules/egg/app/extend/helper.js",
    "start": 1576002487523,
    "end": 1576002487523,
    "duration": 0,
    "pid": 3842,
    "index": 48
  },
  {
    "name": "Load app.js",
    "start": 1576002487524,
    "end": 1576002487543,
    "duration": 19,
    "pid": 3842,
    "index": 49
  },
  {
    "name": "Require(41) node_modules/egg-session/app.js",
    "start": 1576002487524,
    "end": 1576002487524,
    "duration": 0,
    "pid": 3842,
    "index": 50
  },
  {
    "name": "Require(42) node_modules/egg-security/app.js",
    "start": 1576002487524,
    "end": 1576002487525,
    "duration": 1,
    "pid": 3842,
    "index": 51
  },
  {
    "name": "Require(43) node_modules/egg-onerror/app.js",
    "start": 1576002487525,
    "end": 1576002487528,
    "duration": 3,
    "pid": 3842,
    "index": 52
  },
  {
    "name": "Require(44) node_modules/egg-i18n/app.js",
    "start": 1576002487528,
    "end": 1576002487533,
    "duration": 5,
    "pid": 3842,
    "index": 53
  },
  {
    "name": "Require(45) node_modules/egg-watcher/app.js",
    "start": 1576002487533,
    "end": 1576002487534,
    "duration": 1,
    "pid": 3842,
    "index": 54
  },
  {
    "name": "Require(46) node_modules/egg-schedule/app.js",
    "start": 1576002487534,
    "end": 1576002487535,
    "duration": 1,
    "pid": 3842,
    "index": 55
  },
  {
    "name": "Require(47) node_modules/egg-multipart/app.js",
    "start": 1576002487535,
    "end": 1576002487536,
    "duration": 1,
    "pid": 3842,
    "index": 56
  },
  {
    "name": "Require(48) node_modules/egg-development/app.js",
    "start": 1576002487536,
    "end": 1576002487536,
    "duration": 0,
    "pid": 3842,
    "index": 57
  },
  {
    "name": "Require(49) node_modules/egg-logrotator/app.js",
    "start": 1576002487536,
    "end": 1576002487536,
    "duration": 0,
    "pid": 3842,
    "index": 58
  },
  {
    "name": "Require(50) node_modules/egg-static/app.js",
    "start": 1576002487536,
    "end": 1576002487536,
    "duration": 0,
    "pid": 3842,
    "index": 59
  },
  {
    "name": "Require(51) node_modules/egg-view-ejs/app.js",
    "start": 1576002487536,
    "end": 1576002487536,
    "duration": 0,
    "pid": 3842,
    "index": 60
  },
  {
    "name": "Require(52) node_modules/egg-mysql/app.js",
    "start": 1576002487536,
    "end": 1576002487542,
    "duration": 6,
    "pid": 3842,
    "index": 61
  },
  {
    "name": "Require(53) node_modules/egg-validate/app.js",
    "start": 1576002487542,
    "end": 1576002487542,
    "duration": 0,
    "pid": 3842,
    "index": 62
  },
  {
    "name": "Require(54) node_modules/egg-jwt/app.js",
    "start": 1576002487543,
    "end": 1576002487543,
    "duration": 0,
    "pid": 3842,
    "index": 63
  },
  {
    "name": "Before Start in node_modules/egg-watcher/lib/init.js:15:14",
    "start": 1576002487550,
    "end": 1576002487657,
    "duration": 107,
    "pid": 3842,
    "index": 64
  },
  {
    "name": "Before Start in node_modules/egg-mysql/lib/mysql.js:20:7",
    "start": 1576002487600,
    "end": 1576002487658,
    "duration": 58,
    "pid": 3842,
    "index": 65
  },
  {
    "name": "Load Service",
    "start": 1576002487601,
    "end": 1576002487606,
    "duration": 5,
    "pid": 3842,
    "index": 66
  },
  {
    "name": "Load \"service\" to Context",
    "start": 1576002487601,
    "end": 1576002487606,
    "duration": 5,
    "pid": 3842,
    "index": 67
  },
  {
    "name": "Load Middleware",
    "start": 1576002487606,
    "end": 1576002487633,
    "duration": 27,
    "pid": 3842,
    "index": 68
  },
  {
    "name": "Load \"middlewares\" to Application",
    "start": 1576002487607,
    "end": 1576002487628,
    "duration": 21,
    "pid": 3842,
    "index": 69
  },
  {
    "name": "Load Controller",
    "start": 1576002487633,
    "end": 1576002487638,
    "duration": 5,
    "pid": 3842,
    "index": 70
  },
  {
    "name": "Load \"controller\" to Application",
    "start": 1576002487633,
    "end": 1576002487638,
    "duration": 5,
    "pid": 3842,
    "index": 71
  },
  {
    "name": "Load Router",
    "start": 1576002487638,
    "end": 1576002487639,
    "duration": 1,
    "pid": 3842,
    "index": 72
  },
  {
    "name": "Require(55) app/router.js",
    "start": 1576002487638,
    "end": 1576002487638,
    "duration": 0,
    "pid": 3842,
    "index": 73
  },
  {
    "name": "Before Start in node_modules/egg-core/lib/egg.js:303:10",
    "start": 1576002487638,
    "end": 1576002487647,
    "duration": 9,
    "pid": 3842,
    "index": 74
  }
]