[
  {
    "name": "Application Start",
    "start": 1576000981866,
    "end": 1576000982080,
    "duration": 214,
    "pid": 3322,
    "index": 0
  },
  {
    "name": "Load Plugin",
    "start": 1576000981869,
    "end": 1576000981874,
    "duration": 5,
    "pid": 3322,
    "index": 1
  },
  {
    "name": "Load Config",
    "start": 1576000981875,
    "end": 1576000981884,
    "duration": 9,
    "pid": 3322,
    "index": 2
  },
  {
    "name": "Require(0) config/config.default.js",
    "start": 1576000981875,
    "end": 1576000981875,
    "duration": 0,
    "pid": 3322,
    "index": 3
  },
  {
    "name": "Require(1) node_modules/egg-session/config/config.default.js",
    "start": 1576000981876,
    "end": 1576000981876,
    "duration": 0,
    "pid": 3322,
    "index": 4
  },
  {
    "name": "Require(2) node_modules/egg-security/config/config.default.js",
    "start": 1576000981876,
    "end": 1576000981876,
    "duration": 0,
    "pid": 3322,
    "index": 5
  },
  {
    "name": "Require(3) node_modules/egg-jsonp/config/config.default.js",
    "start": 1576000981877,
    "end": 1576000981877,
    "duration": 0,
    "pid": 3322,
    "index": 6
  },
  {
    "name": "Require(4) node_modules/egg-onerror/config/config.default.js",
    "start": 1576000981877,
    "end": 1576000981877,
    "duration": 0,
    "pid": 3322,
    "index": 7
  },
  {
    "name": "Require(5) node_modules/egg-i18n/config/config.default.js",
    "start": 1576000981877,
    "end": 1576000981877,
    "duration": 0,
    "pid": 3322,
    "index": 8
  },
  {
    "name": "Require(6) node_modules/egg-watcher/config/config.default.js",
    "start": 1576000981878,
    "end": 1576000981878,
    "duration": 0,
    "pid": 3322,
    "index": 9
  },
  {
    "name": "Require(7) node_modules/egg-schedule/config/config.default.js",
    "start": 1576000981878,
    "end": 1576000981878,
    "duration": 0,
    "pid": 3322,
    "index": 10
  },
  {
    "name": "Require(8) node_modules/egg-multipart/config/config.default.js",
    "start": 1576000981879,
    "end": 1576000981879,
    "duration": 0,
    "pid": 3322,
    "index": 11
  },
  {
    "name": "Require(9) node_modules/egg-development/config/config.default.js",
    "start": 1576000981879,
    "end": 1576000981879,
    "duration": 0,
    "pid": 3322,
    "index": 12
  },
  {
    "name": "Require(10) node_modules/egg-logrotator/config/config.default.js",
    "start": 1576000981879,
    "end": 1576000981879,
    "duration": 0,
    "pid": 3322,
    "index": 13
  },
  {
    "name": "Require(11) node_modules/egg-static/config/config.default.js",
    "start": 1576000981879,
    "end": 1576000981880,
    "duration": 1,
    "pid": 3322,
    "index": 14
  },
  {
    "name": "Require(12) node_modules/egg-view/config/config.default.js",
    "start": 1576000981880,
    "end": 1576000981880,
    "duration": 0,
    "pid": 3322,
    "index": 15
  },
  {
    "name": "Require(13) node_modules/egg-view-ejs/config/config.default.js",
    "start": 1576000981880,
    "end": 1576000981880,
    "duration": 0,
    "pid": 3322,
    "index": 16
  },
  {
    "name": "Require(14) node_modules/egg-mysql/config/config.default.js",
    "start": 1576000981880,
    "end": 1576000981881,
    "duration": 1,
    "pid": 3322,
    "index": 17
  },
  {
    "name": "Require(15) node_modules/egg-validate/config/config.default.js",
    "start": 1576000981881,
    "end": 1576000981881,
    "duration": 0,
    "pid": 3322,
    "index": 18
  },
  {
    "name": "Require(16) node_modules/egg-jwt/config/config.default.js",
    "start": 1576000981881,
    "end": 1576000981881,
    "duration": 0,
    "pid": 3322,
    "index": 19
  },
  {
    "name": "Require(17) node_modules/egg/config/config.default.js",
    "start": 1576000981881,
    "end": 1576000981881,
    "duration": 0,
    "pid": 3322,
    "index": 20
  },
  {
    "name": "Require(18) config/config.default.js",
    "start": 1576000981882,
    "end": 1576000981882,
    "duration": 0,
    "pid": 3322,
    "index": 21
  },
  {
    "name": "Require(19) node_modules/egg-security/config/config.local.js",
    "start": 1576000981882,
    "end": 1576000981883,
    "duration": 1,
    "pid": 3322,
    "index": 22
  },
  {
    "name": "Require(20) node_modules/egg-watcher/config/config.local.js",
    "start": 1576000981883,
    "end": 1576000981883,
    "duration": 0,
    "pid": 3322,
    "index": 23
  },
  {
    "name": "Require(21) node_modules/egg-view/config/config.local.js",
    "start": 1576000981883,
    "end": 1576000981883,
    "duration": 0,
    "pid": 3322,
    "index": 24
  },
  {
    "name": "Require(22) node_modules/egg-view-ejs/config/config.local.js",
    "start": 1576000981883,
    "end": 1576000981883,
    "duration": 0,
    "pid": 3322,
    "index": 25
  },
  {
    "name": "Require(23) node_modules/egg/config/config.local.js",
    "start": 1576000981884,
    "end": 1576000981884,
    "duration": 0,
    "pid": 3322,
    "index": 26
  },
  {
    "name": "Load extend/application.js",
    "start": 1576000981885,
    "end": 1576000981903,
    "duration": 18,
    "pid": 3322,
    "index": 27
  },
  {
    "name": "Require(24) node_modules/egg-session/app/extend/application.js",
    "start": 1576000981885,
    "end": 1576000981885,
    "duration": 0,
    "pid": 3322,
    "index": 28
  },
  {
    "name": "Require(25) node_modules/egg-security/app/extend/application.js",
    "start": 1576000981885,
    "end": 1576000981886,
    "duration": 1,
    "pid": 3322,
    "index": 29
  },
  {
    "name": "Require(26) node_modules/egg-jsonp/app/extend/application.js",
    "start": 1576000981886,
    "end": 1576000981886,
    "duration": 0,
    "pid": 3322,
    "index": 30
  },
  {
    "name": "Require(27) node_modules/egg-logrotator/app/extend/application.js",
    "start": 1576000981886,
    "end": 1576000981887,
    "duration": 1,
    "pid": 3322,
    "index": 31
  },
  {
    "name": "Require(28) node_modules/egg-view/app/extend/application.js",
    "start": 1576000981887,
    "end": 1576000981888,
    "duration": 1,
    "pid": 3322,
    "index": 32
  },
  {
    "name": "Require(29) node_modules/egg-jwt/app/extend/application.js",
    "start": 1576000981888,
    "end": 1576000981902,
    "duration": 14,
    "pid": 3322,
    "index": 33
  },
  {
    "name": "Load extend/request.js",
    "start": 1576000981903,
    "end": 1576000981905,
    "duration": 2,
    "pid": 3322,
    "index": 34
  },
  {
    "name": "Require(30) node_modules/egg/app/extend/request.js",
    "start": 1576000981904,
    "end": 1576000981904,
    "duration": 0,
    "pid": 3322,
    "index": 35
  },
  {
    "name": "Load extend/response.js",
    "start": 1576000981905,
    "end": 1576000981907,
    "duration": 2,
    "pid": 3322,
    "index": 36
  },
  {
    "name": "Require(31) node_modules/egg/app/extend/response.js",
    "start": 1576000981905,
    "end": 1576000981906,
    "duration": 1,
    "pid": 3322,
    "index": 37
  },
  {
    "name": "Load extend/context.js",
    "start": 1576000981907,
    "end": 1576000981937,
    "duration": 30,
    "pid": 3322,
    "index": 38
  },
  {
    "name": "Require(32) node_modules/egg-security/app/extend/context.js",
    "start": 1576000981907,
    "end": 1576000981910,
    "duration": 3,
    "pid": 3322,
    "index": 39
  },
  {
    "name": "Require(33) node_modules/egg-jsonp/app/extend/context.js",
    "start": 1576000981910,
    "end": 1576000981911,
    "duration": 1,
    "pid": 3322,
    "index": 40
  },
  {
    "name": "Require(34) node_modules/egg-i18n/app/extend/context.js",
    "start": 1576000981911,
    "end": 1576000981911,
    "duration": 0,
    "pid": 3322,
    "index": 41
  },
  {
    "name": "Require(35) node_modules/egg-multipart/app/extend/context.js",
    "start": 1576000981911,
    "end": 1576000981935,
    "duration": 24,
    "pid": 3322,
    "index": 42
  },
  {
    "name": "Require(36) node_modules/egg-view/app/extend/context.js",
    "start": 1576000981935,
    "end": 1576000981936,
    "duration": 1,
    "pid": 3322,
    "index": 43
  },
  {
    "name": "Require(37) node_modules/egg-validate/app/extend/context.js",
    "start": 1576000981936,
    "end": 1576000981936,
    "duration": 0,
    "pid": 3322,
    "index": 44
  },
  {
    "name": "Require(38) node_modules/egg/app/extend/context.js",
    "start": 1576000981936,
    "end": 1576000981937,
    "duration": 1,
    "pid": 3322,
    "index": 45
  },
  {
    "name": "Load extend/helper.js",
    "start": 1576000981937,
    "end": 1576000981945,
    "duration": 8,
    "pid": 3322,
    "index": 46
  },
  {
    "name": "Require(39) node_modules/egg-security/app/extend/helper.js",
    "start": 1576000981937,
    "end": 1576000981943,
    "duration": 6,
    "pid": 3322,
    "index": 47
  },
  {
    "name": "Require(40) node_modules/egg/app/extend/helper.js",
    "start": 1576000981944,
    "end": 1576000981944,
    "duration": 0,
    "pid": 3322,
    "index": 48
  },
  {
    "name": "Load app.js",
    "start": 1576000981945,
    "end": 1576000981965,
    "duration": 20,
    "pid": 3322,
    "index": 49
  },
  {
    "name": "Require(41) node_modules/egg-session/app.js",
    "start": 1576000981945,
    "end": 1576000981945,
    "duration": 0,
    "pid": 3322,
    "index": 50
  },
  {
    "name": "Require(42) node_modules/egg-security/app.js",
    "start": 1576000981945,
    "end": 1576000981946,
    "duration": 1,
    "pid": 3322,
    "index": 51
  },
  {
    "name": "Require(43) node_modules/egg-onerror/app.js",
    "start": 1576000981946,
    "end": 1576000981949,
    "duration": 3,
    "pid": 3322,
    "index": 52
  },
  {
    "name": "Require(44) node_modules/egg-i18n/app.js",
    "start": 1576000981949,
    "end": 1576000981954,
    "duration": 5,
    "pid": 3322,
    "index": 53
  },
  {
    "name": "Require(45) node_modules/egg-watcher/app.js",
    "start": 1576000981955,
    "end": 1576000981956,
    "duration": 1,
    "pid": 3322,
    "index": 54
  },
  {
    "name": "Require(46) node_modules/egg-schedule/app.js",
    "start": 1576000981956,
    "end": 1576000981956,
    "duration": 0,
    "pid": 3322,
    "index": 55
  },
  {
    "name": "Require(47) node_modules/egg-multipart/app.js",
    "start": 1576000981956,
    "end": 1576000981957,
    "duration": 1,
    "pid": 3322,
    "index": 56
  },
  {
    "name": "Require(48) node_modules/egg-development/app.js",
    "start": 1576000981957,
    "end": 1576000981957,
    "duration": 0,
    "pid": 3322,
    "index": 57
  },
  {
    "name": "Require(49) node_modules/egg-logrotator/app.js",
    "start": 1576000981957,
    "end": 1576000981957,
    "duration": 0,
    "pid": 3322,
    "index": 58
  },
  {
    "name": "Require(50) node_modules/egg-static/app.js",
    "start": 1576000981957,
    "end": 1576000981958,
    "duration": 1,
    "pid": 3322,
    "index": 59
  },
  {
    "name": "Require(51) node_modules/egg-view-ejs/app.js",
    "start": 1576000981958,
    "end": 1576000981958,
    "duration": 0,
    "pid": 3322,
    "index": 60
  },
  {
    "name": "Require(52) node_modules/egg-mysql/app.js",
    "start": 1576000981958,
    "end": 1576000981964,
    "duration": 6,
    "pid": 3322,
    "index": 61
  },
  {
    "name": "Require(53) node_modules/egg-validate/app.js",
    "start": 1576000981964,
    "end": 1576000981965,
    "duration": 1,
    "pid": 3322,
    "index": 62
  },
  {
    "name": "Require(54) node_modules/egg-jwt/app.js",
    "start": 1576000981965,
    "end": 1576000981965,
    "duration": 0,
    "pid": 3322,
    "index": 63
  },
  {
    "name": "Before Start in node_modules/egg-watcher/lib/init.js:15:14",
    "start": 1576000981973,
    "end": 1576000982078,
    "duration": 105,
    "pid": 3322,
    "index": 64
  },
  {
    "name": "Before Start in node_modules/egg-mysql/lib/mysql.js:20:7",
    "start": 1576000982021,
    "end": 1576000982080,
    "duration": 59,
    "pid": 3322,
    "index": 65
  },
  {
    "name": "Load Service",
    "start": 1576000982022,
    "end": 1576000982027,
    "duration": 5,
    "pid": 3322,
    "index": 66
  },
  {
    "name": "Load \"service\" to Context",
    "start": 1576000982022,
    "end": 1576000982027,
    "duration": 5,
    "pid": 3322,
    "index": 67
  },
  {
    "name": "Load Middleware",
    "start": 1576000982027,
    "end": 1576000982054,
    "duration": 27,
    "pid": 3322,
    "index": 68
  },
  {
    "name": "Load \"middlewares\" to Application",
    "start": 1576000982027,
    "end": 1576000982049,
    "duration": 22,
    "pid": 3322,
    "index": 69
  },
  {
    "name": "Load Controller",
    "start": 1576000982054,
    "end": 1576000982059,
    "duration": 5,
    "pid": 3322,
    "index": 70
  },
  {
    "name": "Load \"controller\" to Application",
    "start": 1576000982054,
    "end": 1576000982059,
    "duration": 5,
    "pid": 3322,
    "index": 71
  },
  {
    "name": "Load Router",
    "start": 1576000982059,
    "end": 1576000982061,
    "duration": 2,
    "pid": 3322,
    "index": 72
  },
  {
    "name": "Require(55) app/router.js",
    "start": 1576000982059,
    "end": 1576000982060,
    "duration": 1,
    "pid": 3322,
    "index": 73
  },
  {
    "name": "Before Start in node_modules/egg-core/lib/egg.js:303:10",
    "start": 1576000982060,
    "end": 1576000982069,
    "duration": 9,
    "pid": 3322,
    "index": 74
  }
]