[
  {
    "name": "Application Start",
    "start": 1576003502640,
    "end": 1576003502856,
    "duration": 216,
    "pid": 4285,
    "index": 0
  },
  {
    "name": "Load Plugin",
    "start": 1576003502644,
    "end": 1576003502652,
    "duration": 8,
    "pid": 4285,
    "index": 1
  },
  {
    "name": "Load Config",
    "start": 1576003502652,
    "end": 1576003502665,
    "duration": 13,
    "pid": 4285,
    "index": 2
  },
  {
    "name": "Require(0) config/config.default.js",
    "start": 1576003502653,
    "end": 1576003502653,
    "duration": 0,
    "pid": 4285,
    "index": 3
  },
  {
    "name": "Require(1) node_modules/egg-session/config/config.default.js",
    "start": 1576003502654,
    "end": 1576003502655,
    "duration": 1,
    "pid": 4285,
    "index": 4
  },
  {
    "name": "Require(2) node_modules/egg-security/config/config.default.js",
    "start": 1576003502655,
    "end": 1576003502655,
    "duration": 0,
    "pid": 4285,
    "index": 5
  },
  {
    "name": "Require(3) node_modules/egg-jsonp/config/config.default.js",
    "start": 1576003502655,
    "end": 1576003502655,
    "duration": 0,
    "pid": 4285,
    "index": 6
  },
  {
    "name": "Require(4) node_modules/egg-onerror/config/config.default.js",
    "start": 1576003502656,
    "end": 1576003502656,
    "duration": 0,
    "pid": 4285,
    "index": 7
  },
  {
    "name": "Require(5) node_modules/egg-i18n/config/config.default.js",
    "start": 1576003502656,
    "end": 1576003502656,
    "duration": 0,
    "pid": 4285,
    "index": 8
  },
  {
    "name": "Require(6) node_modules/egg-watcher/config/config.default.js",
    "start": 1576003502657,
    "end": 1576003502657,
    "duration": 0,
    "pid": 4285,
    "index": 9
  },
  {
    "name": "Require(7) node_modules/egg-schedule/config/config.default.js",
    "start": 1576003502657,
    "end": 1576003502657,
    "duration": 0,
    "pid": 4285,
    "index": 10
  },
  {
    "name": "Require(8) node_modules/egg-multipart/config/config.default.js",
    "start": 1576003502657,
    "end": 1576003502657,
    "duration": 0,
    "pid": 4285,
    "index": 11
  },
  {
    "name": "Require(9) node_modules/egg-development/config/config.default.js",
    "start": 1576003502658,
    "end": 1576003502658,
    "duration": 0,
    "pid": 4285,
    "index": 12
  },
  {
    "name": "Require(10) node_modules/egg-logrotator/config/config.default.js",
    "start": 1576003502658,
    "end": 1576003502658,
    "duration": 0,
    "pid": 4285,
    "index": 13
  },
  {
    "name": "Require(11) node_modules/egg-static/config/config.default.js",
    "start": 1576003502658,
    "end": 1576003502658,
    "duration": 0,
    "pid": 4285,
    "index": 14
  },
  {
    "name": "Require(12) node_modules/egg-view/config/config.default.js",
    "start": 1576003502659,
    "end": 1576003502659,
    "duration": 0,
    "pid": 4285,
    "index": 15
  },
  {
    "name": "Require(13) node_modules/egg-view-ejs/config/config.default.js",
    "start": 1576003502659,
    "end": 1576003502659,
    "duration": 0,
    "pid": 4285,
    "index": 16
  },
  {
    "name": "Require(14) node_modules/egg-mysql/config/config.default.js",
    "start": 1576003502660,
    "end": 1576003502660,
    "duration": 0,
    "pid": 4285,
    "index": 17
  },
  {
    "name": "Require(15) node_modules/egg-validate/config/config.default.js",
    "start": 1576003502660,
    "end": 1576003502660,
    "duration": 0,
    "pid": 4285,
    "index": 18
  },
  {
    "name": "Require(16) node_modules/egg-jwt/config/config.default.js",
    "start": 1576003502660,
    "end": 1576003502660,
    "duration": 0,
    "pid": 4285,
    "index": 19
  },
  {
    "name": "Require(17) node_modules/egg/config/config.default.js",
    "start": 1576003502660,
    "end": 1576003502661,
    "duration": 1,
    "pid": 4285,
    "index": 20
  },
  {
    "name": "Require(18) config/config.default.js",
    "start": 1576003502663,
    "end": 1576003502663,
    "duration": 0,
    "pid": 4285,
    "index": 21
  },
  {
    "name": "Require(19) node_modules/egg-security/config/config.local.js",
    "start": 1576003502664,
    "end": 1576003502664,
    "duration": 0,
    "pid": 4285,
    "index": 22
  },
  {
    "name": "Require(20) node_modules/egg-watcher/config/config.local.js",
    "start": 1576003502664,
    "end": 1576003502664,
    "duration": 0,
    "pid": 4285,
    "index": 23
  },
  {
    "name": "Require(21) node_modules/egg-view/config/config.local.js",
    "start": 1576003502664,
    "end": 1576003502665,
    "duration": 1,
    "pid": 4285,
    "index": 24
  },
  {
    "name": "Require(22) node_modules/egg-view-ejs/config/config.local.js",
    "start": 1576003502665,
    "end": 1576003502665,
    "duration": 0,
    "pid": 4285,
    "index": 25
  },
  {
    "name": "Require(23) node_modules/egg/config/config.local.js",
    "start": 1576003502665,
    "end": 1576003502665,
    "duration": 0,
    "pid": 4285,
    "index": 26
  },
  {
    "name": "Load extend/application.js",
    "start": 1576003502666,
    "end": 1576003502684,
    "duration": 18,
    "pid": 4285,
    "index": 27
  },
  {
    "name": "Require(24) node_modules/egg-session/app/extend/application.js",
    "start": 1576003502666,
    "end": 1576003502667,
    "duration": 1,
    "pid": 4285,
    "index": 28
  },
  {
    "name": "Require(25) node_modules/egg-security/app/extend/application.js",
    "start": 1576003502667,
    "end": 1576003502667,
    "duration": 0,
    "pid": 4285,
    "index": 29
  },
  {
    "name": "Require(26) node_modules/egg-jsonp/app/extend/application.js",
    "start": 1576003502667,
    "end": 1576003502668,
    "duration": 1,
    "pid": 4285,
    "index": 30
  },
  {
    "name": "Require(27) node_modules/egg-logrotator/app/extend/application.js",
    "start": 1576003502668,
    "end": 1576003502668,
    "duration": 0,
    "pid": 4285,
    "index": 31
  },
  {
    "name": "Require(28) node_modules/egg-view/app/extend/application.js",
    "start": 1576003502669,
    "end": 1576003502669,
    "duration": 0,
    "pid": 4285,
    "index": 32
  },
  {
    "name": "Require(29) node_modules/egg-jwt/app/extend/application.js",
    "start": 1576003502669,
    "end": 1576003502683,
    "duration": 14,
    "pid": 4285,
    "index": 33
  },
  {
    "name": "Load extend/request.js",
    "start": 1576003502684,
    "end": 1576003502685,
    "duration": 1,
    "pid": 4285,
    "index": 34
  },
  {
    "name": "Require(30) node_modules/egg/app/extend/request.js",
    "start": 1576003502684,
    "end": 1576003502685,
    "duration": 1,
    "pid": 4285,
    "index": 35
  },
  {
    "name": "Load extend/response.js",
    "start": 1576003502685,
    "end": 1576003502687,
    "duration": 2,
    "pid": 4285,
    "index": 36
  },
  {
    "name": "Require(31) node_modules/egg/app/extend/response.js",
    "start": 1576003502686,
    "end": 1576003502686,
    "duration": 0,
    "pid": 4285,
    "index": 37
  },
  {
    "name": "Load extend/context.js",
    "start": 1576003502687,
    "end": 1576003502716,
    "duration": 29,
    "pid": 4285,
    "index": 38
  },
  {
    "name": "Require(32) node_modules/egg-security/app/extend/context.js",
    "start": 1576003502687,
    "end": 1576003502690,
    "duration": 3,
    "pid": 4285,
    "index": 39
  },
  {
    "name": "Require(33) node_modules/egg-jsonp/app/extend/context.js",
    "start": 1576003502690,
    "end": 1576003502690,
    "duration": 0,
    "pid": 4285,
    "index": 40
  },
  {
    "name": "Require(34) node_modules/egg-i18n/app/extend/context.js",
    "start": 1576003502690,
    "end": 1576003502690,
    "duration": 0,
    "pid": 4285,
    "index": 41
  },
  {
    "name": "Require(35) node_modules/egg-multipart/app/extend/context.js",
    "start": 1576003502691,
    "end": 1576003502714,
    "duration": 23,
    "pid": 4285,
    "index": 42
  },
  {
    "name": "Require(36) node_modules/egg-view/app/extend/context.js",
    "start": 1576003502714,
    "end": 1576003502715,
    "duration": 1,
    "pid": 4285,
    "index": 43
  },
  {
    "name": "Require(37) node_modules/egg-validate/app/extend/context.js",
    "start": 1576003502715,
    "end": 1576003502715,
    "duration": 0,
    "pid": 4285,
    "index": 44
  },
  {
    "name": "Require(38) node_modules/egg/app/extend/context.js",
    "start": 1576003502715,
    "end": 1576003502716,
    "duration": 1,
    "pid": 4285,
    "index": 45
  },
  {
    "name": "Load extend/helper.js",
    "start": 1576003502716,
    "end": 1576003502723,
    "duration": 7,
    "pid": 4285,
    "index": 46
  },
  {
    "name": "Require(39) node_modules/egg-security/app/extend/helper.js",
    "start": 1576003502716,
    "end": 1576003502722,
    "duration": 6,
    "pid": 4285,
    "index": 47
  },
  {
    "name": "Require(40) node_modules/egg/app/extend/helper.js",
    "start": 1576003502723,
    "end": 1576003502723,
    "duration": 0,
    "pid": 4285,
    "index": 48
  },
  {
    "name": "Load app.js",
    "start": 1576003502724,
    "end": 1576003502744,
    "duration": 20,
    "pid": 4285,
    "index": 49
  },
  {
    "name": "Require(41) node_modules/egg-session/app.js",
    "start": 1576003502724,
    "end": 1576003502724,
    "duration": 0,
    "pid": 4285,
    "index": 50
  },
  {
    "name": "Require(42) node_modules/egg-security/app.js",
    "start": 1576003502724,
    "end": 1576003502724,
    "duration": 0,
    "pid": 4285,
    "index": 51
  },
  {
    "name": "Require(43) node_modules/egg-onerror/app.js",
    "start": 1576003502724,
    "end": 1576003502727,
    "duration": 3,
    "pid": 4285,
    "index": 52
  },
  {
    "name": "Require(44) node_modules/egg-i18n/app.js",
    "start": 1576003502728,
    "end": 1576003502734,
    "duration": 6,
    "pid": 4285,
    "index": 53
  },
  {
    "name": "Require(45) node_modules/egg-watcher/app.js",
    "start": 1576003502734,
    "end": 1576003502735,
    "duration": 1,
    "pid": 4285,
    "index": 54
  },
  {
    "name": "Require(46) node_modules/egg-schedule/app.js",
    "start": 1576003502735,
    "end": 1576003502735,
    "duration": 0,
    "pid": 4285,
    "index": 55
  },
  {
    "name": "Require(47) node_modules/egg-multipart/app.js",
    "start": 1576003502735,
    "end": 1576003502736,
    "duration": 1,
    "pid": 4285,
    "index": 56
  },
  {
    "name": "Require(48) node_modules/egg-development/app.js",
    "start": 1576003502736,
    "end": 1576003502736,
    "duration": 0,
    "pid": 4285,
    "index": 57
  },
  {
    "name": "Require(49) node_modules/egg-logrotator/app.js",
    "start": 1576003502737,
    "end": 1576003502737,
    "duration": 0,
    "pid": 4285,
    "index": 58
  },
  {
    "name": "Require(50) node_modules/egg-static/app.js",
    "start": 1576003502737,
    "end": 1576003502737,
    "duration": 0,
    "pid": 4285,
    "index": 59
  },
  {
    "name": "Require(51) node_modules/egg-view-ejs/app.js",
    "start": 1576003502737,
    "end": 1576003502737,
    "duration": 0,
    "pid": 4285,
    "index": 60
  },
  {
    "name": "Require(52) node_modules/egg-mysql/app.js",
    "start": 1576003502737,
    "end": 1576003502742,
    "duration": 5,
    "pid": 4285,
    "index": 61
  },
  {
    "name": "Require(53) node_modules/egg-validate/app.js",
    "start": 1576003502742,
    "end": 1576003502743,
    "duration": 1,
    "pid": 4285,
    "index": 62
  },
  {
    "name": "Require(54) node_modules/egg-jwt/app.js",
    "start": 1576003502743,
    "end": 1576003502744,
    "duration": 1,
    "pid": 4285,
    "index": 63
  },
  {
    "name": "Before Start in node_modules/egg-watcher/lib/init.js:15:14",
    "start": 1576003502751,
    "end": 1576003502853,
    "duration": 102,
    "pid": 4285,
    "index": 64
  },
  {
    "name": "Before Start in node_modules/egg-mysql/lib/mysql.js:20:7",
    "start": 1576003502796,
    "end": 1576003502855,
    "duration": 59,
    "pid": 4285,
    "index": 65
  },
  {
    "name": "Load Service",
    "start": 1576003502796,
    "end": 1576003502801,
    "duration": 5,
    "pid": 4285,
    "index": 66
  },
  {
    "name": "Load \"service\" to Context",
    "start": 1576003502796,
    "end": 1576003502801,
    "duration": 5,
    "pid": 4285,
    "index": 67
  },
  {
    "name": "Load Middleware",
    "start": 1576003502801,
    "end": 1576003502828,
    "duration": 27,
    "pid": 4285,
    "index": 68
  },
  {
    "name": "Load \"middlewares\" to Application",
    "start": 1576003502802,
    "end": 1576003502823,
    "duration": 21,
    "pid": 4285,
    "index": 69
  },
  {
    "name": "Load Controller",
    "start": 1576003502828,
    "end": 1576003502832,
    "duration": 4,
    "pid": 4285,
    "index": 70
  },
  {
    "name": "Load \"controller\" to Application",
    "start": 1576003502828,
    "end": 1576003502832,
    "duration": 4,
    "pid": 4285,
    "index": 71
  },
  {
    "name": "Load Router",
    "start": 1576003502833,
    "end": 1576003502834,
    "duration": 1,
    "pid": 4285,
    "index": 72
  },
  {
    "name": "Require(55) app/router.js",
    "start": 1576003502833,
    "end": 1576003502833,
    "duration": 0,
    "pid": 4285,
    "index": 73
  },
  {
    "name": "Before Start in node_modules/egg-core/lib/egg.js:303:10",
    "start": 1576003502833,
    "end": 1576003502842,
    "duration": 9,
    "pid": 4285,
    "index": 74
  }
]