[
  {
    "name": "Application Start",
    "start": 1576004926138,
    "end": 1576004926383,
    "duration": 245,
    "pid": 4725,
    "index": 0
  },
  {
    "name": "Load Plugin",
    "start": 1576004926142,
    "end": 1576004926151,
    "duration": 9,
    "pid": 4725,
    "index": 1
  },
  {
    "name": "Load Config",
    "start": 1576004926151,
    "end": 1576004926166,
    "duration": 15,
    "pid": 4725,
    "index": 2
  },
  {
    "name": "Require(0) config/config.default.js",
    "start": 1576004926152,
    "end": 1576004926152,
    "duration": 0,
    "pid": 4725,
    "index": 3
  },
  {
    "name": "Require(1) node_modules/egg-session/config/config.default.js",
    "start": 1576004926154,
    "end": 1576004926154,
    "duration": 0,
    "pid": 4725,
    "index": 4
  },
  {
    "name": "Require(2) node_modules/egg-security/config/config.default.js",
    "start": 1576004926154,
    "end": 1576004926154,
    "duration": 0,
    "pid": 4725,
    "index": 5
  },
  {
    "name": "Require(3) node_modules/egg-jsonp/config/config.default.js",
    "start": 1576004926155,
    "end": 1576004926155,
    "duration": 0,
    "pid": 4725,
    "index": 6
  },
  {
    "name": "Require(4) node_modules/egg-onerror/config/config.default.js",
    "start": 1576004926155,
    "end": 1576004926155,
    "duration": 0,
    "pid": 4725,
    "index": 7
  },
  {
    "name": "Require(5) node_modules/egg-i18n/config/config.default.js",
    "start": 1576004926155,
    "end": 1576004926155,
    "duration": 0,
    "pid": 4725,
    "index": 8
  },
  {
    "name": "Require(6) node_modules/egg-watcher/config/config.default.js",
    "start": 1576004926156,
    "end": 1576004926156,
    "duration": 0,
    "pid": 4725,
    "index": 9
  },
  {
    "name": "Require(7) node_modules/egg-schedule/config/config.default.js",
    "start": 1576004926156,
    "end": 1576004926156,
    "duration": 0,
    "pid": 4725,
    "index": 10
  },
  {
    "name": "Require(8) node_modules/egg-multipart/config/config.default.js",
    "start": 1576004926157,
    "end": 1576004926157,
    "duration": 0,
    "pid": 4725,
    "index": 11
  },
  {
    "name": "Require(9) node_modules/egg-development/config/config.default.js",
    "start": 1576004926157,
    "end": 1576004926157,
    "duration": 0,
    "pid": 4725,
    "index": 12
  },
  {
    "name": "Require(10) node_modules/egg-logrotator/config/config.default.js",
    "start": 1576004926158,
    "end": 1576004926158,
    "duration": 0,
    "pid": 4725,
    "index": 13
  },
  {
    "name": "Require(11) node_modules/egg-static/config/config.default.js",
    "start": 1576004926158,
    "end": 1576004926158,
    "duration": 0,
    "pid": 4725,
    "index": 14
  },
  {
    "name": "Require(12) node_modules/egg-view/config/config.default.js",
    "start": 1576004926158,
    "end": 1576004926158,
    "duration": 0,
    "pid": 4725,
    "index": 15
  },
  {
    "name": "Require(13) node_modules/egg-view-ejs/config/config.default.js",
    "start": 1576004926159,
    "end": 1576004926159,
    "duration": 0,
    "pid": 4725,
    "index": 16
  },
  {
    "name": "Require(14) node_modules/egg-mysql/config/config.default.js",
    "start": 1576004926159,
    "end": 1576004926159,
    "duration": 0,
    "pid": 4725,
    "index": 17
  },
  {
    "name": "Require(15) node_modules/egg-validate/config/config.default.js",
    "start": 1576004926161,
    "end": 1576004926162,
    "duration": 1,
    "pid": 4725,
    "index": 18
  },
  {
    "name": "Require(16) node_modules/egg-jwt/config/config.default.js",
    "start": 1576004926162,
    "end": 1576004926162,
    "duration": 0,
    "pid": 4725,
    "index": 19
  },
  {
    "name": "Require(17) node_modules/egg/config/config.default.js",
    "start": 1576004926162,
    "end": 1576004926162,
    "duration": 0,
    "pid": 4725,
    "index": 20
  },
  {
    "name": "Require(18) config/config.default.js",
    "start": 1576004926163,
    "end": 1576004926163,
    "duration": 0,
    "pid": 4725,
    "index": 21
  },
  {
    "name": "Require(19) node_modules/egg-security/config/config.local.js",
    "start": 1576004926164,
    "end": 1576004926164,
    "duration": 0,
    "pid": 4725,
    "index": 22
  },
  {
    "name": "Require(20) node_modules/egg-watcher/config/config.local.js",
    "start": 1576004926164,
    "end": 1576004926165,
    "duration": 1,
    "pid": 4725,
    "index": 23
  },
  {
    "name": "Require(21) node_modules/egg-view/config/config.local.js",
    "start": 1576004926165,
    "end": 1576004926165,
    "duration": 0,
    "pid": 4725,
    "index": 24
  },
  {
    "name": "Require(22) node_modules/egg-view-ejs/config/config.local.js",
    "start": 1576004926165,
    "end": 1576004926165,
    "duration": 0,
    "pid": 4725,
    "index": 25
  },
  {
    "name": "Require(23) node_modules/egg/config/config.local.js",
    "start": 1576004926166,
    "end": 1576004926166,
    "duration": 0,
    "pid": 4725,
    "index": 26
  },
  {
    "name": "Load extend/application.js",
    "start": 1576004926167,
    "end": 1576004926189,
    "duration": 22,
    "pid": 4725,
    "index": 27
  },
  {
    "name": "Require(24) node_modules/egg-session/app/extend/application.js",
    "start": 1576004926167,
    "end": 1576004926168,
    "duration": 1,
    "pid": 4725,
    "index": 28
  },
  {
    "name": "Require(25) node_modules/egg-security/app/extend/application.js",
    "start": 1576004926168,
    "end": 1576004926168,
    "duration": 0,
    "pid": 4725,
    "index": 29
  },
  {
    "name": "Require(26) node_modules/egg-jsonp/app/extend/application.js",
    "start": 1576004926168,
    "end": 1576004926169,
    "duration": 1,
    "pid": 4725,
    "index": 30
  },
  {
    "name": "Require(27) node_modules/egg-logrotator/app/extend/application.js",
    "start": 1576004926169,
    "end": 1576004926170,
    "duration": 1,
    "pid": 4725,
    "index": 31
  },
  {
    "name": "Require(28) node_modules/egg-view/app/extend/application.js",
    "start": 1576004926170,
    "end": 1576004926170,
    "duration": 0,
    "pid": 4725,
    "index": 32
  },
  {
    "name": "Require(29) node_modules/egg-jwt/app/extend/application.js",
    "start": 1576004926171,
    "end": 1576004926189,
    "duration": 18,
    "pid": 4725,
    "index": 33
  },
  {
    "name": "Load extend/request.js",
    "start": 1576004926189,
    "end": 1576004926191,
    "duration": 2,
    "pid": 4725,
    "index": 34
  },
  {
    "name": "Require(30) node_modules/egg/app/extend/request.js",
    "start": 1576004926190,
    "end": 1576004926191,
    "duration": 1,
    "pid": 4725,
    "index": 35
  },
  {
    "name": "Load extend/response.js",
    "start": 1576004926191,
    "end": 1576004926193,
    "duration": 2,
    "pid": 4725,
    "index": 36
  },
  {
    "name": "Require(31) node_modules/egg/app/extend/response.js",
    "start": 1576004926192,
    "end": 1576004926192,
    "duration": 0,
    "pid": 4725,
    "index": 37
  },
  {
    "name": "Load extend/context.js",
    "start": 1576004926193,
    "end": 1576004926228,
    "duration": 35,
    "pid": 4725,
    "index": 38
  },
  {
    "name": "Require(32) node_modules/egg-security/app/extend/context.js",
    "start": 1576004926193,
    "end": 1576004926196,
    "duration": 3,
    "pid": 4725,
    "index": 39
  },
  {
    "name": "Require(33) node_modules/egg-jsonp/app/extend/context.js",
    "start": 1576004926197,
    "end": 1576004926197,
    "duration": 0,
    "pid": 4725,
    "index": 40
  },
  {
    "name": "Require(34) node_modules/egg-i18n/app/extend/context.js",
    "start": 1576004926197,
    "end": 1576004926198,
    "duration": 1,
    "pid": 4725,
    "index": 41
  },
  {
    "name": "Require(35) node_modules/egg-multipart/app/extend/context.js",
    "start": 1576004926198,
    "end": 1576004926226,
    "duration": 28,
    "pid": 4725,
    "index": 42
  },
  {
    "name": "Require(36) node_modules/egg-view/app/extend/context.js",
    "start": 1576004926226,
    "end": 1576004926227,
    "duration": 1,
    "pid": 4725,
    "index": 43
  },
  {
    "name": "Require(37) node_modules/egg-validate/app/extend/context.js",
    "start": 1576004926227,
    "end": 1576004926227,
    "duration": 0,
    "pid": 4725,
    "index": 44
  },
  {
    "name": "Require(38) node_modules/egg/app/extend/context.js",
    "start": 1576004926227,
    "end": 1576004926228,
    "duration": 1,
    "pid": 4725,
    "index": 45
  },
  {
    "name": "Load extend/helper.js",
    "start": 1576004926228,
    "end": 1576004926237,
    "duration": 9,
    "pid": 4725,
    "index": 46
  },
  {
    "name": "Require(39) node_modules/egg-security/app/extend/helper.js",
    "start": 1576004926228,
    "end": 1576004926235,
    "duration": 7,
    "pid": 4725,
    "index": 47
  },
  {
    "name": "Require(40) node_modules/egg/app/extend/helper.js",
    "start": 1576004926236,
    "end": 1576004926236,
    "duration": 0,
    "pid": 4725,
    "index": 48
  },
  {
    "name": "Load app.js",
    "start": 1576004926237,
    "end": 1576004926259,
    "duration": 22,
    "pid": 4725,
    "index": 49
  },
  {
    "name": "Require(41) node_modules/egg-session/app.js",
    "start": 1576004926237,
    "end": 1576004926237,
    "duration": 0,
    "pid": 4725,
    "index": 50
  },
  {
    "name": "Require(42) node_modules/egg-security/app.js",
    "start": 1576004926237,
    "end": 1576004926238,
    "duration": 1,
    "pid": 4725,
    "index": 51
  },
  {
    "name": "Require(43) node_modules/egg-onerror/app.js",
    "start": 1576004926238,
    "end": 1576004926242,
    "duration": 4,
    "pid": 4725,
    "index": 52
  },
  {
    "name": "Require(44) node_modules/egg-i18n/app.js",
    "start": 1576004926242,
    "end": 1576004926247,
    "duration": 5,
    "pid": 4725,
    "index": 53
  },
  {
    "name": "Require(45) node_modules/egg-watcher/app.js",
    "start": 1576004926247,
    "end": 1576004926249,
    "duration": 2,
    "pid": 4725,
    "index": 54
  },
  {
    "name": "Require(46) node_modules/egg-schedule/app.js",
    "start": 1576004926249,
    "end": 1576004926249,
    "duration": 0,
    "pid": 4725,
    "index": 55
  },
  {
    "name": "Require(47) node_modules/egg-multipart/app.js",
    "start": 1576004926249,
    "end": 1576004926250,
    "duration": 1,
    "pid": 4725,
    "index": 56
  },
  {
    "name": "Require(48) node_modules/egg-development/app.js",
    "start": 1576004926250,
    "end": 1576004926250,
    "duration": 0,
    "pid": 4725,
    "index": 57
  },
  {
    "name": "Require(49) node_modules/egg-logrotator/app.js",
    "start": 1576004926250,
    "end": 1576004926250,
    "duration": 0,
    "pid": 4725,
    "index": 58
  },
  {
    "name": "Require(50) node_modules/egg-static/app.js",
    "start": 1576004926251,
    "end": 1576004926251,
    "duration": 0,
    "pid": 4725,
    "index": 59
  },
  {
    "name": "Require(51) node_modules/egg-view-ejs/app.js",
    "start": 1576004926251,
    "end": 1576004926251,
    "duration": 0,
    "pid": 4725,
    "index": 60
  },
  {
    "name": "Require(52) node_modules/egg-mysql/app.js",
    "start": 1576004926251,
    "end": 1576004926257,
    "duration": 6,
    "pid": 4725,
    "index": 61
  },
  {
    "name": "Require(53) node_modules/egg-validate/app.js",
    "start": 1576004926258,
    "end": 1576004926258,
    "duration": 0,
    "pid": 4725,
    "index": 62
  },
  {
    "name": "Require(54) node_modules/egg-jwt/app.js",
    "start": 1576004926258,
    "end": 1576004926259,
    "duration": 1,
    "pid": 4725,
    "index": 63
  },
  {
    "name": "Before Start in node_modules/egg-watcher/lib/init.js:15:14",
    "start": 1576004926267,
    "end": 1576004926381,
    "duration": 114,
    "pid": 4725,
    "index": 64
  },
  {
    "name": "Before Start in node_modules/egg-mysql/lib/mysql.js:20:7",
    "start": 1576004926318,
    "end": 1576004926382,
    "duration": 64,
    "pid": 4725,
    "index": 65
  },
  {
    "name": "Load Service",
    "start": 1576004926319,
    "end": 1576004926325,
    "duration": 6,
    "pid": 4725,
    "index": 66
  },
  {
    "name": "Load \"service\" to Context",
    "start": 1576004926319,
    "end": 1576004926325,
    "duration": 6,
    "pid": 4725,
    "index": 67
  },
  {
    "name": "Load Middleware",
    "start": 1576004926325,
    "end": 1576004926355,
    "duration": 30,
    "pid": 4725,
    "index": 68
  },
  {
    "name": "Load \"middlewares\" to Application",
    "start": 1576004926325,
    "end": 1576004926349,
    "duration": 24,
    "pid": 4725,
    "index": 69
  },
  {
    "name": "Load Controller",
    "start": 1576004926355,
    "end": 1576004926360,
    "duration": 5,
    "pid": 4725,
    "index": 70
  },
  {
    "name": "Load \"controller\" to Application",
    "start": 1576004926355,
    "end": 1576004926360,
    "duration": 5,
    "pid": 4725,
    "index": 71
  },
  {
    "name": "Load Router",
    "start": 1576004926360,
    "end": 1576004926362,
    "duration": 2,
    "pid": 4725,
    "index": 72
  },
  {
    "name": "Require(55) app/router.js",
    "start": 1576004926360,
    "end": 1576004926360,
    "duration": 0,
    "pid": 4725,
    "index": 73
  },
  {
    "name": "Before Start in node_modules/egg-core/lib/egg.js:303:10",
    "start": 1576004926361,
    "end": 1576004926371,
    "duration": 10,
    "pid": 4725,
    "index": 74
  }
]