[
  {
    "name": "Application Start",
    "start": 1575999548742,
    "end": 1575999548962,
    "duration": 220,
    "pid": 2888,
    "index": 0
  },
  {
    "name": "Load Plugin",
    "start": 1575999548745,
    "end": 1575999548751,
    "duration": 6,
    "pid": 2888,
    "index": 1
  },
  {
    "name": "Load Config",
    "start": 1575999548751,
    "end": 1575999548762,
    "duration": 11,
    "pid": 2888,
    "index": 2
  },
  {
    "name": "Require(0) config/config.default.js",
    "start": 1575999548752,
    "end": 1575999548752,
    "duration": 0,
    "pid": 2888,
    "index": 3
  },
  {
    "name": "Require(1) node_modules/egg-session/config/config.default.js",
    "start": 1575999548753,
    "end": 1575999548753,
    "duration": 0,
    "pid": 2888,
    "index": 4
  },
  {
    "name": "Require(2) node_modules/egg-security/config/config.default.js",
    "start": 1575999548753,
    "end": 1575999548753,
    "duration": 0,
    "pid": 2888,
    "index": 5
  },
  {
    "name": "Require(3) node_modules/egg-jsonp/config/config.default.js",
    "start": 1575999548754,
    "end": 1575999548754,
    "duration": 0,
    "pid": 2888,
    "index": 6
  },
  {
    "name": "Require(4) node_modules/egg-onerror/config/config.default.js",
    "start": 1575999548754,
    "end": 1575999548754,
    "duration": 0,
    "pid": 2888,
    "index": 7
  },
  {
    "name": "Require(5) node_modules/egg-i18n/config/config.default.js",
    "start": 1575999548754,
    "end": 1575999548754,
    "duration": 0,
    "pid": 2888,
    "index": 8
  },
  {
    "name": "Require(6) node_modules/egg-watcher/config/config.default.js",
    "start": 1575999548755,
    "end": 1575999548755,
    "duration": 0,
    "pid": 2888,
    "index": 9
  },
  {
    "name": "Require(7) node_modules/egg-schedule/config/config.default.js",
    "start": 1575999548755,
    "end": 1575999548755,
    "duration": 0,
    "pid": 2888,
    "index": 10
  },
  {
    "name": "Require(8) node_modules/egg-multipart/config/config.default.js",
    "start": 1575999548755,
    "end": 1575999548755,
    "duration": 0,
    "pid": 2888,
    "index": 11
  },
  {
    "name": "Require(9) node_modules/egg-development/config/config.default.js",
    "start": 1575999548756,
    "end": 1575999548756,
    "duration": 0,
    "pid": 2888,
    "index": 12
  },
  {
    "name": "Require(10) node_modules/egg-logrotator/config/config.default.js",
    "start": 1575999548756,
    "end": 1575999548756,
    "duration": 0,
    "pid": 2888,
    "index": 13
  },
  {
    "name": "Require(11) node_modules/egg-static/config/config.default.js",
    "start": 1575999548756,
    "end": 1575999548756,
    "duration": 0,
    "pid": 2888,
    "index": 14
  },
  {
    "name": "Require(12) node_modules/egg-view/config/config.default.js",
    "start": 1575999548757,
    "end": 1575999548757,
    "duration": 0,
    "pid": 2888,
    "index": 15
  },
  {
    "name": "Require(13) node_modules/egg-view-ejs/config/config.default.js",
    "start": 1575999548757,
    "end": 1575999548757,
    "duration": 0,
    "pid": 2888,
    "index": 16
  },
  {
    "name": "Require(14) node_modules/egg-mysql/config/config.default.js",
    "start": 1575999548757,
    "end": 1575999548757,
    "duration": 0,
    "pid": 2888,
    "index": 17
  },
  {
    "name": "Require(15) node_modules/egg-validate/config/config.default.js",
    "start": 1575999548758,
    "end": 1575999548758,
    "duration": 0,
    "pid": 2888,
    "index": 18
  },
  {
    "name": "Require(16) node_modules/egg-jwt/config/config.default.js",
    "start": 1575999548758,
    "end": 1575999548758,
    "duration": 0,
    "pid": 2888,
    "index": 19
  },
  {
    "name": "Require(17) node_modules/egg/config/config.default.js",
    "start": 1575999548758,
    "end": 1575999548758,
    "duration": 0,
    "pid": 2888,
    "index": 20
  },
  {
    "name": "Require(18) config/config.default.js",
    "start": 1575999548760,
    "end": 1575999548760,
    "duration": 0,
    "pid": 2888,
    "index": 21
  },
  {
    "name": "Require(19) node_modules/egg-security/config/config.local.js",
    "start": 1575999548761,
    "end": 1575999548761,
    "duration": 0,
    "pid": 2888,
    "index": 22
  },
  {
    "name": "Require(20) node_modules/egg-watcher/config/config.local.js",
    "start": 1575999548761,
    "end": 1575999548761,
    "duration": 0,
    "pid": 2888,
    "index": 23
  },
  {
    "name": "Require(21) node_modules/egg-view/config/config.local.js",
    "start": 1575999548761,
    "end": 1575999548762,
    "duration": 1,
    "pid": 2888,
    "index": 24
  },
  {
    "name": "Require(22) node_modules/egg-view-ejs/config/config.local.js",
    "start": 1575999548762,
    "end": 1575999548762,
    "duration": 0,
    "pid": 2888,
    "index": 25
  },
  {
    "name": "Require(23) node_modules/egg/config/config.local.js",
    "start": 1575999548762,
    "end": 1575999548762,
    "duration": 0,
    "pid": 2888,
    "index": 26
  },
  {
    "name": "Load extend/application.js",
    "start": 1575999548763,
    "end": 1575999548783,
    "duration": 20,
    "pid": 2888,
    "index": 27
  },
  {
    "name": "Require(24) node_modules/egg-session/app/extend/application.js",
    "start": 1575999548763,
    "end": 1575999548764,
    "duration": 1,
    "pid": 2888,
    "index": 28
  },
  {
    "name": "Require(25) node_modules/egg-security/app/extend/application.js",
    "start": 1575999548764,
    "end": 1575999548764,
    "duration": 0,
    "pid": 2888,
    "index": 29
  },
  {
    "name": "Require(26) node_modules/egg-jsonp/app/extend/application.js",
    "start": 1575999548764,
    "end": 1575999548765,
    "duration": 1,
    "pid": 2888,
    "index": 30
  },
  {
    "name": "Require(27) node_modules/egg-logrotator/app/extend/application.js",
    "start": 1575999548765,
    "end": 1575999548766,
    "duration": 1,
    "pid": 2888,
    "index": 31
  },
  {
    "name": "Require(28) node_modules/egg-view/app/extend/application.js",
    "start": 1575999548766,
    "end": 1575999548766,
    "duration": 0,
    "pid": 2888,
    "index": 32
  },
  {
    "name": "Require(29) node_modules/egg-jwt/app/extend/application.js",
    "start": 1575999548766,
    "end": 1575999548782,
    "duration": 16,
    "pid": 2888,
    "index": 33
  },
  {
    "name": "Load extend/request.js",
    "start": 1575999548783,
    "end": 1575999548785,
    "duration": 2,
    "pid": 2888,
    "index": 34
  },
  {
    "name": "Require(30) node_modules/egg/app/extend/request.js",
    "start": 1575999548784,
    "end": 1575999548784,
    "duration": 0,
    "pid": 2888,
    "index": 35
  },
  {
    "name": "Load extend/response.js",
    "start": 1575999548785,
    "end": 1575999548786,
    "duration": 1,
    "pid": 2888,
    "index": 36
  },
  {
    "name": "Require(31) node_modules/egg/app/extend/response.js",
    "start": 1575999548785,
    "end": 1575999548786,
    "duration": 1,
    "pid": 2888,
    "index": 37
  },
  {
    "name": "Load extend/context.js",
    "start": 1575999548786,
    "end": 1575999548817,
    "duration": 31,
    "pid": 2888,
    "index": 38
  },
  {
    "name": "Require(32) node_modules/egg-security/app/extend/context.js",
    "start": 1575999548786,
    "end": 1575999548789,
    "duration": 3,
    "pid": 2888,
    "index": 39
  },
  {
    "name": "Require(33) node_modules/egg-jsonp/app/extend/context.js",
    "start": 1575999548790,
    "end": 1575999548790,
    "duration": 0,
    "pid": 2888,
    "index": 40
  },
  {
    "name": "Require(34) node_modules/egg-i18n/app/extend/context.js",
    "start": 1575999548790,
    "end": 1575999548790,
    "duration": 0,
    "pid": 2888,
    "index": 41
  },
  {
    "name": "Require(35) node_modules/egg-multipart/app/extend/context.js",
    "start": 1575999548791,
    "end": 1575999548815,
    "duration": 24,
    "pid": 2888,
    "index": 42
  },
  {
    "name": "Require(36) node_modules/egg-view/app/extend/context.js",
    "start": 1575999548815,
    "end": 1575999548816,
    "duration": 1,
    "pid": 2888,
    "index": 43
  },
  {
    "name": "Require(37) node_modules/egg-validate/app/extend/context.js",
    "start": 1575999548816,
    "end": 1575999548816,
    "duration": 0,
    "pid": 2888,
    "index": 44
  },
  {
    "name": "Require(38) node_modules/egg/app/extend/context.js",
    "start": 1575999548816,
    "end": 1575999548817,
    "duration": 1,
    "pid": 2888,
    "index": 45
  },
  {
    "name": "Load extend/helper.js",
    "start": 1575999548817,
    "end": 1575999548825,
    "duration": 8,
    "pid": 2888,
    "index": 46
  },
  {
    "name": "Require(39) node_modules/egg-security/app/extend/helper.js",
    "start": 1575999548818,
    "end": 1575999548824,
    "duration": 6,
    "pid": 2888,
    "index": 47
  },
  {
    "name": "Require(40) node_modules/egg/app/extend/helper.js",
    "start": 1575999548824,
    "end": 1575999548824,
    "duration": 0,
    "pid": 2888,
    "index": 48
  },
  {
    "name": "Load app.js",
    "start": 1575999548825,
    "end": 1575999548844,
    "duration": 19,
    "pid": 2888,
    "index": 49
  },
  {
    "name": "Require(41) node_modules/egg-session/app.js",
    "start": 1575999548825,
    "end": 1575999548825,
    "duration": 0,
    "pid": 2888,
    "index": 50
  },
  {
    "name": "Require(42) node_modules/egg-security/app.js",
    "start": 1575999548825,
    "end": 1575999548826,
    "duration": 1,
    "pid": 2888,
    "index": 51
  },
  {
    "name": "Require(43) node_modules/egg-onerror/app.js",
    "start": 1575999548826,
    "end": 1575999548829,
    "duration": 3,
    "pid": 2888,
    "index": 52
  },
  {
    "name": "Require(44) node_modules/egg-i18n/app.js",
    "start": 1575999548829,
    "end": 1575999548834,
    "duration": 5,
    "pid": 2888,
    "index": 53
  },
  {
    "name": "Require(45) node_modules/egg-watcher/app.js",
    "start": 1575999548834,
    "end": 1575999548835,
    "duration": 1,
    "pid": 2888,
    "index": 54
  },
  {
    "name": "Require(46) node_modules/egg-schedule/app.js",
    "start": 1575999548835,
    "end": 1575999548836,
    "duration": 1,
    "pid": 2888,
    "index": 55
  },
  {
    "name": "Require(47) node_modules/egg-multipart/app.js",
    "start": 1575999548836,
    "end": 1575999548837,
    "duration": 1,
    "pid": 2888,
    "index": 56
  },
  {
    "name": "Require(48) node_modules/egg-development/app.js",
    "start": 1575999548837,
    "end": 1575999548837,
    "duration": 0,
    "pid": 2888,
    "index": 57
  },
  {
    "name": "Require(49) node_modules/egg-logrotator/app.js",
    "start": 1575999548837,
    "end": 1575999548837,
    "duration": 0,
    "pid": 2888,
    "index": 58
  },
  {
    "name": "Require(50) node_modules/egg-static/app.js",
    "start": 1575999548837,
    "end": 1575999548837,
    "duration": 0,
    "pid": 2888,
    "index": 59
  },
  {
    "name": "Require(51) node_modules/egg-view-ejs/app.js",
    "start": 1575999548837,
    "end": 1575999548837,
    "duration": 0,
    "pid": 2888,
    "index": 60
  },
  {
    "name": "Require(52) node_modules/egg-mysql/app.js",
    "start": 1575999548838,
    "end": 1575999548843,
    "duration": 5,
    "pid": 2888,
    "index": 61
  },
  {
    "name": "Require(53) node_modules/egg-validate/app.js",
    "start": 1575999548843,
    "end": 1575999548844,
    "duration": 1,
    "pid": 2888,
    "index": 62
  },
  {
    "name": "Require(54) node_modules/egg-jwt/app.js",
    "start": 1575999548844,
    "end": 1575999548844,
    "duration": 0,
    "pid": 2888,
    "index": 63
  },
  {
    "name": "Before Start in node_modules/egg-watcher/lib/init.js:15:14",
    "start": 1575999548852,
    "end": 1575999548960,
    "duration": 108,
    "pid": 2888,
    "index": 64
  },
  {
    "name": "Before Start in node_modules/egg-mysql/lib/mysql.js:20:7",
    "start": 1575999548901,
    "end": 1575999548962,
    "duration": 61,
    "pid": 2888,
    "index": 65
  },
  {
    "name": "Load Service",
    "start": 1575999548901,
    "end": 1575999548907,
    "duration": 6,
    "pid": 2888,
    "index": 66
  },
  {
    "name": "Load \"service\" to Context",
    "start": 1575999548901,
    "end": 1575999548907,
    "duration": 6,
    "pid": 2888,
    "index": 67
  },
  {
    "name": "Load Middleware",
    "start": 1575999548908,
    "end": 1575999548936,
    "duration": 28,
    "pid": 2888,
    "index": 68
  },
  {
    "name": "Load \"middlewares\" to Application",
    "start": 1575999548908,
    "end": 1575999548930,
    "duration": 22,
    "pid": 2888,
    "index": 69
  },
  {
    "name": "Load Controller",
    "start": 1575999548936,
    "end": 1575999548940,
    "duration": 4,
    "pid": 2888,
    "index": 70
  },
  {
    "name": "Load \"controller\" to Application",
    "start": 1575999548936,
    "end": 1575999548940,
    "duration": 4,
    "pid": 2888,
    "index": 71
  },
  {
    "name": "Load Router",
    "start": 1575999548940,
    "end": 1575999548942,
    "duration": 2,
    "pid": 2888,
    "index": 72
  },
  {
    "name": "Require(55) app/router.js",
    "start": 1575999548940,
    "end": 1575999548941,
    "duration": 1,
    "pid": 2888,
    "index": 73
  },
  {
    "name": "Before Start in node_modules/egg-core/lib/egg.js:303:10",
    "start": 1575999548941,
    "end": 1575999548950,
    "duration": 9,
    "pid": 2888,
    "index": 74
  }
]