[
  {
    "name": "Application Start",
    "start": 1576003183230,
    "end": 1576003183456,
    "duration": 226,
    "pid": 4070,
    "index": 0
  },
  {
    "name": "Load Plugin",
    "start": 1576003183235,
    "end": 1576003183241,
    "duration": 6,
    "pid": 4070,
    "index": 1
  },
  {
    "name": "Load Config",
    "start": 1576003183241,
    "end": 1576003183250,
    "duration": 9,
    "pid": 4070,
    "index": 2
  },
  {
    "name": "Require(0) config/config.default.js",
    "start": 1576003183241,
    "end": 1576003183242,
    "duration": 1,
    "pid": 4070,
    "index": 3
  },
  {
    "name": "Require(1) node_modules/egg-session/config/config.default.js",
    "start": 1576003183243,
    "end": 1576003183243,
    "duration": 0,
    "pid": 4070,
    "index": 4
  },
  {
    "name": "Require(2) node_modules/egg-security/config/config.default.js",
    "start": 1576003183243,
    "end": 1576003183243,
    "duration": 0,
    "pid": 4070,
    "index": 5
  },
  {
    "name": "Require(3) node_modules/egg-jsonp/config/config.default.js",
    "start": 1576003183243,
    "end": 1576003183243,
    "duration": 0,
    "pid": 4070,
    "index": 6
  },
  {
    "name": "Require(4) node_modules/egg-onerror/config/config.default.js",
    "start": 1576003183244,
    "end": 1576003183244,
    "duration": 0,
    "pid": 4070,
    "index": 7
  },
  {
    "name": "Require(5) node_modules/egg-i18n/config/config.default.js",
    "start": 1576003183244,
    "end": 1576003183244,
    "duration": 0,
    "pid": 4070,
    "index": 8
  },
  {
    "name": "Require(6) node_modules/egg-watcher/config/config.default.js",
    "start": 1576003183244,
    "end": 1576003183244,
    "duration": 0,
    "pid": 4070,
    "index": 9
  },
  {
    "name": "Require(7) node_modules/egg-schedule/config/config.default.js",
    "start": 1576003183245,
    "end": 1576003183245,
    "duration": 0,
    "pid": 4070,
    "index": 10
  },
  {
    "name": "Require(8) node_modules/egg-multipart/config/config.default.js",
    "start": 1576003183245,
    "end": 1576003183245,
    "duration": 0,
    "pid": 4070,
    "index": 11
  },
  {
    "name": "Require(9) node_modules/egg-development/config/config.default.js",
    "start": 1576003183245,
    "end": 1576003183246,
    "duration": 1,
    "pid": 4070,
    "index": 12
  },
  {
    "name": "Require(10) node_modules/egg-logrotator/config/config.default.js",
    "start": 1576003183246,
    "end": 1576003183246,
    "duration": 0,
    "pid": 4070,
    "index": 13
  },
  {
    "name": "Require(11) node_modules/egg-static/config/config.default.js",
    "start": 1576003183246,
    "end": 1576003183246,
    "duration": 0,
    "pid": 4070,
    "index": 14
  },
  {
    "name": "Require(12) node_modules/egg-view/config/config.default.js",
    "start": 1576003183246,
    "end": 1576003183246,
    "duration": 0,
    "pid": 4070,
    "index": 15
  },
  {
    "name": "Require(13) node_modules/egg-view-ejs/config/config.default.js",
    "start": 1576003183247,
    "end": 1576003183247,
    "duration": 0,
    "pid": 4070,
    "index": 16
  },
  {
    "name": "Require(14) node_modules/egg-mysql/config/config.default.js",
    "start": 1576003183247,
    "end": 1576003183247,
    "duration": 0,
    "pid": 4070,
    "index": 17
  },
  {
    "name": "Require(15) node_modules/egg-validate/config/config.default.js",
    "start": 1576003183247,
    "end": 1576003183247,
    "duration": 0,
    "pid": 4070,
    "index": 18
  },
  {
    "name": "Require(16) node_modules/egg-jwt/config/config.default.js",
    "start": 1576003183247,
    "end": 1576003183247,
    "duration": 0,
    "pid": 4070,
    "index": 19
  },
  {
    "name": "Require(17) node_modules/egg/config/config.default.js",
    "start": 1576003183248,
    "end": 1576003183248,
    "duration": 0,
    "pid": 4070,
    "index": 20
  },
  {
    "name": "Require(18) config/config.default.js",
    "start": 1576003183249,
    "end": 1576003183249,
    "duration": 0,
    "pid": 4070,
    "index": 21
  },
  {
    "name": "Require(19) node_modules/egg-security/config/config.local.js",
    "start": 1576003183249,
    "end": 1576003183249,
    "duration": 0,
    "pid": 4070,
    "index": 22
  },
  {
    "name": "Require(20) node_modules/egg-watcher/config/config.local.js",
    "start": 1576003183249,
    "end": 1576003183249,
    "duration": 0,
    "pid": 4070,
    "index": 23
  },
  {
    "name": "Require(21) node_modules/egg-view/config/config.local.js",
    "start": 1576003183250,
    "end": 1576003183250,
    "duration": 0,
    "pid": 4070,
    "index": 24
  },
  {
    "name": "Require(22) node_modules/egg-view-ejs/config/config.local.js",
    "start": 1576003183250,
    "end": 1576003183250,
    "duration": 0,
    "pid": 4070,
    "index": 25
  },
  {
    "name": "Require(23) node_modules/egg/config/config.local.js",
    "start": 1576003183250,
    "end": 1576003183250,
    "duration": 0,
    "pid": 4070,
    "index": 26
  },
  {
    "name": "Load extend/application.js",
    "start": 1576003183251,
    "end": 1576003183270,
    "duration": 19,
    "pid": 4070,
    "index": 27
  },
  {
    "name": "Require(24) node_modules/egg-session/app/extend/application.js",
    "start": 1576003183252,
    "end": 1576003183252,
    "duration": 0,
    "pid": 4070,
    "index": 28
  },
  {
    "name": "Require(25) node_modules/egg-security/app/extend/application.js",
    "start": 1576003183252,
    "end": 1576003183252,
    "duration": 0,
    "pid": 4070,
    "index": 29
  },
  {
    "name": "Require(26) node_modules/egg-jsonp/app/extend/application.js",
    "start": 1576003183252,
    "end": 1576003183253,
    "duration": 1,
    "pid": 4070,
    "index": 30
  },
  {
    "name": "Require(27) node_modules/egg-logrotator/app/extend/application.js",
    "start": 1576003183253,
    "end": 1576003183254,
    "duration": 1,
    "pid": 4070,
    "index": 31
  },
  {
    "name": "Require(28) node_modules/egg-view/app/extend/application.js",
    "start": 1576003183254,
    "end": 1576003183254,
    "duration": 0,
    "pid": 4070,
    "index": 32
  },
  {
    "name": "Require(29) node_modules/egg-jwt/app/extend/application.js",
    "start": 1576003183254,
    "end": 1576003183270,
    "duration": 16,
    "pid": 4070,
    "index": 33
  },
  {
    "name": "Load extend/request.js",
    "start": 1576003183270,
    "end": 1576003183272,
    "duration": 2,
    "pid": 4070,
    "index": 34
  },
  {
    "name": "Require(30) node_modules/egg/app/extend/request.js",
    "start": 1576003183271,
    "end": 1576003183271,
    "duration": 0,
    "pid": 4070,
    "index": 35
  },
  {
    "name": "Load extend/response.js",
    "start": 1576003183272,
    "end": 1576003183273,
    "duration": 1,
    "pid": 4070,
    "index": 36
  },
  {
    "name": "Require(31) node_modules/egg/app/extend/response.js",
    "start": 1576003183273,
    "end": 1576003183273,
    "duration": 0,
    "pid": 4070,
    "index": 37
  },
  {
    "name": "Load extend/context.js",
    "start": 1576003183274,
    "end": 1576003183306,
    "duration": 32,
    "pid": 4070,
    "index": 38
  },
  {
    "name": "Require(32) node_modules/egg-security/app/extend/context.js",
    "start": 1576003183274,
    "end": 1576003183277,
    "duration": 3,
    "pid": 4070,
    "index": 39
  },
  {
    "name": "Require(33) node_modules/egg-jsonp/app/extend/context.js",
    "start": 1576003183277,
    "end": 1576003183277,
    "duration": 0,
    "pid": 4070,
    "index": 40
  },
  {
    "name": "Require(34) node_modules/egg-i18n/app/extend/context.js",
    "start": 1576003183278,
    "end": 1576003183278,
    "duration": 0,
    "pid": 4070,
    "index": 41
  },
  {
    "name": "Require(35) node_modules/egg-multipart/app/extend/context.js",
    "start": 1576003183278,
    "end": 1576003183304,
    "duration": 26,
    "pid": 4070,
    "index": 42
  },
  {
    "name": "Require(36) node_modules/egg-view/app/extend/context.js",
    "start": 1576003183304,
    "end": 1576003183304,
    "duration": 0,
    "pid": 4070,
    "index": 43
  },
  {
    "name": "Require(37) node_modules/egg-validate/app/extend/context.js",
    "start": 1576003183304,
    "end": 1576003183305,
    "duration": 1,
    "pid": 4070,
    "index": 44
  },
  {
    "name": "Require(38) node_modules/egg/app/extend/context.js",
    "start": 1576003183305,
    "end": 1576003183305,
    "duration": 0,
    "pid": 4070,
    "index": 45
  },
  {
    "name": "Load extend/helper.js",
    "start": 1576003183306,
    "end": 1576003183314,
    "duration": 8,
    "pid": 4070,
    "index": 46
  },
  {
    "name": "Require(39) node_modules/egg-security/app/extend/helper.js",
    "start": 1576003183306,
    "end": 1576003183313,
    "duration": 7,
    "pid": 4070,
    "index": 47
  },
  {
    "name": "Require(40) node_modules/egg/app/extend/helper.js",
    "start": 1576003183313,
    "end": 1576003183314,
    "duration": 1,
    "pid": 4070,
    "index": 48
  },
  {
    "name": "Load app.js",
    "start": 1576003183314,
    "end": 1576003183335,
    "duration": 21,
    "pid": 4070,
    "index": 49
  },
  {
    "name": "Require(41) node_modules/egg-session/app.js",
    "start": 1576003183314,
    "end": 1576003183315,
    "duration": 1,
    "pid": 4070,
    "index": 50
  },
  {
    "name": "Require(42) node_modules/egg-security/app.js",
    "start": 1576003183315,
    "end": 1576003183315,
    "duration": 0,
    "pid": 4070,
    "index": 51
  },
  {
    "name": "Require(43) node_modules/egg-onerror/app.js",
    "start": 1576003183315,
    "end": 1576003183319,
    "duration": 4,
    "pid": 4070,
    "index": 52
  },
  {
    "name": "Require(44) node_modules/egg-i18n/app.js",
    "start": 1576003183319,
    "end": 1576003183324,
    "duration": 5,
    "pid": 4070,
    "index": 53
  },
  {
    "name": "Require(45) node_modules/egg-watcher/app.js",
    "start": 1576003183324,
    "end": 1576003183325,
    "duration": 1,
    "pid": 4070,
    "index": 54
  },
  {
    "name": "Require(46) node_modules/egg-schedule/app.js",
    "start": 1576003183325,
    "end": 1576003183325,
    "duration": 0,
    "pid": 4070,
    "index": 55
  },
  {
    "name": "Require(47) node_modules/egg-multipart/app.js",
    "start": 1576003183326,
    "end": 1576003183327,
    "duration": 1,
    "pid": 4070,
    "index": 56
  },
  {
    "name": "Require(48) node_modules/egg-development/app.js",
    "start": 1576003183327,
    "end": 1576003183327,
    "duration": 0,
    "pid": 4070,
    "index": 57
  },
  {
    "name": "Require(49) node_modules/egg-logrotator/app.js",
    "start": 1576003183327,
    "end": 1576003183327,
    "duration": 0,
    "pid": 4070,
    "index": 58
  },
  {
    "name": "Require(50) node_modules/egg-static/app.js",
    "start": 1576003183327,
    "end": 1576003183327,
    "duration": 0,
    "pid": 4070,
    "index": 59
  },
  {
    "name": "Require(51) node_modules/egg-view-ejs/app.js",
    "start": 1576003183328,
    "end": 1576003183328,
    "duration": 0,
    "pid": 4070,
    "index": 60
  },
  {
    "name": "Require(52) node_modules/egg-mysql/app.js",
    "start": 1576003183328,
    "end": 1576003183333,
    "duration": 5,
    "pid": 4070,
    "index": 61
  },
  {
    "name": "Require(53) node_modules/egg-validate/app.js",
    "start": 1576003183333,
    "end": 1576003183334,
    "duration": 1,
    "pid": 4070,
    "index": 62
  },
  {
    "name": "Require(54) node_modules/egg-jwt/app.js",
    "start": 1576003183334,
    "end": 1576003183334,
    "duration": 0,
    "pid": 4070,
    "index": 63
  },
  {
    "name": "Before Start in node_modules/egg-watcher/lib/init.js:15:14",
    "start": 1576003183342,
    "end": 1576003183454,
    "duration": 112,
    "pid": 4070,
    "index": 64
  },
  {
    "name": "Before Start in node_modules/egg-mysql/lib/mysql.js:20:7",
    "start": 1576003183392,
    "end": 1576003183456,
    "duration": 64,
    "pid": 4070,
    "index": 65
  },
  {
    "name": "Load Service",
    "start": 1576003183393,
    "end": 1576003183399,
    "duration": 6,
    "pid": 4070,
    "index": 66
  },
  {
    "name": "Load \"service\" to Context",
    "start": 1576003183393,
    "end": 1576003183399,
    "duration": 6,
    "pid": 4070,
    "index": 67
  },
  {
    "name": "Load Middleware",
    "start": 1576003183399,
    "end": 1576003183429,
    "duration": 30,
    "pid": 4070,
    "index": 68
  },
  {
    "name": "Load \"middlewares\" to Application",
    "start": 1576003183399,
    "end": 1576003183423,
    "duration": 24,
    "pid": 4070,
    "index": 69
  },
  {
    "name": "Load Controller",
    "start": 1576003183429,
    "end": 1576003183434,
    "duration": 5,
    "pid": 4070,
    "index": 70
  },
  {
    "name": "Load \"controller\" to Application",
    "start": 1576003183429,
    "end": 1576003183434,
    "duration": 5,
    "pid": 4070,
    "index": 71
  },
  {
    "name": "Load Router",
    "start": 1576003183434,
    "end": 1576003183435,
    "duration": 1,
    "pid": 4070,
    "index": 72
  },
  {
    "name": "Require(55) app/router.js",
    "start": 1576003183434,
    "end": 1576003183434,
    "duration": 0,
    "pid": 4070,
    "index": 73
  },
  {
    "name": "Before Start in node_modules/egg-core/lib/egg.js:303:10",
    "start": 1576003183434,
    "end": 1576003183443,
    "duration": 9,
    "pid": 4070,
    "index": 74
  }
]