[
  {
    "name": "Application Start",
    "start": 1576003464918,
    "end": 1576003465168,
    "duration": 250,
    "pid": 4225,
    "index": 0
  },
  {
    "name": "Load Plugin",
    "start": 1576003464922,
    "end": 1576003464928,
    "duration": 6,
    "pid": 4225,
    "index": 1
  },
  {
    "name": "Load Config",
    "start": 1576003464928,
    "end": 1576003464938,
    "duration": 10,
    "pid": 4225,
    "index": 2
  },
  {
    "name": "Require(0) config/config.default.js",
    "start": 1576003464929,
    "end": 1576003464929,
    "duration": 0,
    "pid": 4225,
    "index": 3
  },
  {
    "name": "Require(1) node_modules/egg-session/config/config.default.js",
    "start": 1576003464930,
    "end": 1576003464930,
    "duration": 0,
    "pid": 4225,
    "index": 4
  },
  {
    "name": "Require(2) node_modules/egg-security/config/config.default.js",
    "start": 1576003464930,
    "end": 1576003464930,
    "duration": 0,
    "pid": 4225,
    "index": 5
  },
  {
    "name": "Require(3) node_modules/egg-jsonp/config/config.default.js",
    "start": 1576003464931,
    "end": 1576003464931,
    "duration": 0,
    "pid": 4225,
    "index": 6
  },
  {
    "name": "Require(4) node_modules/egg-onerror/config/config.default.js",
    "start": 1576003464931,
    "end": 1576003464931,
    "duration": 0,
    "pid": 4225,
    "index": 7
  },
  {
    "name": "Require(5) node_modules/egg-i18n/config/config.default.js",
    "start": 1576003464931,
    "end": 1576003464931,
    "duration": 0,
    "pid": 4225,
    "index": 8
  },
  {
    "name": "Require(6) node_modules/egg-watcher/config/config.default.js",
    "start": 1576003464932,
    "end": 1576003464932,
    "duration": 0,
    "pid": 4225,
    "index": 9
  },
  {
    "name": "Require(7) node_modules/egg-schedule/config/config.default.js",
    "start": 1576003464932,
    "end": 1576003464932,
    "duration": 0,
    "pid": 4225,
    "index": 10
  },
  {
    "name": "Require(8) node_modules/egg-multipart/config/config.default.js",
    "start": 1576003464933,
    "end": 1576003464933,
    "duration": 0,
    "pid": 4225,
    "index": 11
  },
  {
    "name": "Require(9) node_modules/egg-development/config/config.default.js",
    "start": 1576003464933,
    "end": 1576003464933,
    "duration": 0,
    "pid": 4225,
    "index": 12
  },
  {
    "name": "Require(10) node_modules/egg-logrotator/config/config.default.js",
    "start": 1576003464933,
    "end": 1576003464933,
    "duration": 0,
    "pid": 4225,
    "index": 13
  },
  {
    "name": "Require(11) node_modules/egg-static/config/config.default.js",
    "start": 1576003464934,
    "end": 1576003464934,
    "duration": 0,
    "pid": 4225,
    "index": 14
  },
  {
    "name": "Require(12) node_modules/egg-view/config/config.default.js",
    "start": 1576003464934,
    "end": 1576003464934,
    "duration": 0,
    "pid": 4225,
    "index": 15
  },
  {
    "name": "Require(13) node_modules/egg-view-ejs/config/config.default.js",
    "start": 1576003464934,
    "end": 1576003464934,
    "duration": 0,
    "pid": 4225,
    "index": 16
  },
  {
    "name": "Require(14) node_modules/egg-mysql/config/config.default.js",
    "start": 1576003464935,
    "end": 1576003464935,
    "duration": 0,
    "pid": 4225,
    "index": 17
  },
  {
    "name": "Require(15) node_modules/egg-validate/config/config.default.js",
    "start": 1576003464935,
    "end": 1576003464935,
    "duration": 0,
    "pid": 4225,
    "index": 18
  },
  {
    "name": "Require(16) node_modules/egg-jwt/config/config.default.js",
    "start": 1576003464935,
    "end": 1576003464935,
    "duration": 0,
    "pid": 4225,
    "index": 19
  },
  {
    "name": "Require(17) node_modules/egg/config/config.default.js",
    "start": 1576003464935,
    "end": 1576003464936,
    "duration": 1,
    "pid": 4225,
    "index": 20
  },
  {
    "name": "Require(18) config/config.default.js",
    "start": 1576003464937,
    "end": 1576003464937,
    "duration": 0,
    "pid": 4225,
    "index": 21
  },
  {
    "name": "Require(19) node_modules/egg-security/config/config.local.js",
    "start": 1576003464937,
    "end": 1576003464937,
    "duration": 0,
    "pid": 4225,
    "index": 22
  },
  {
    "name": "Require(20) node_modules/egg-watcher/config/config.local.js",
    "start": 1576003464937,
    "end": 1576003464937,
    "duration": 0,
    "pid": 4225,
    "index": 23
  },
  {
    "name": "Require(21) node_modules/egg-view/config/config.local.js",
    "start": 1576003464938,
    "end": 1576003464938,
    "duration": 0,
    "pid": 4225,
    "index": 24
  },
  {
    "name": "Require(22) node_modules/egg-view-ejs/config/config.local.js",
    "start": 1576003464938,
    "end": 1576003464938,
    "duration": 0,
    "pid": 4225,
    "index": 25
  },
  {
    "name": "Require(23) node_modules/egg/config/config.local.js",
    "start": 1576003464938,
    "end": 1576003464938,
    "duration": 0,
    "pid": 4225,
    "index": 26
  },
  {
    "name": "Load extend/application.js",
    "start": 1576003464939,
    "end": 1576003464961,
    "duration": 22,
    "pid": 4225,
    "index": 27
  },
  {
    "name": "Require(24) node_modules/egg-session/app/extend/application.js",
    "start": 1576003464940,
    "end": 1576003464940,
    "duration": 0,
    "pid": 4225,
    "index": 28
  },
  {
    "name": "Require(25) node_modules/egg-security/app/extend/application.js",
    "start": 1576003464940,
    "end": 1576003464940,
    "duration": 0,
    "pid": 4225,
    "index": 29
  },
  {
    "name": "Require(26) node_modules/egg-jsonp/app/extend/application.js",
    "start": 1576003464940,
    "end": 1576003464941,
    "duration": 1,
    "pid": 4225,
    "index": 30
  },
  {
    "name": "Require(27) node_modules/egg-logrotator/app/extend/application.js",
    "start": 1576003464941,
    "end": 1576003464942,
    "duration": 1,
    "pid": 4225,
    "index": 31
  },
  {
    "name": "Require(28) node_modules/egg-view/app/extend/application.js",
    "start": 1576003464942,
    "end": 1576003464942,
    "duration": 0,
    "pid": 4225,
    "index": 32
  },
  {
    "name": "Require(29) node_modules/egg-jwt/app/extend/application.js",
    "start": 1576003464943,
    "end": 1576003464960,
    "duration": 17,
    "pid": 4225,
    "index": 33
  },
  {
    "name": "Load extend/request.js",
    "start": 1576003464961,
    "end": 1576003464963,
    "duration": 2,
    "pid": 4225,
    "index": 34
  },
  {
    "name": "Require(30) node_modules/egg/app/extend/request.js",
    "start": 1576003464961,
    "end": 1576003464962,
    "duration": 1,
    "pid": 4225,
    "index": 35
  },
  {
    "name": "Load extend/response.js",
    "start": 1576003464963,
    "end": 1576003464966,
    "duration": 3,
    "pid": 4225,
    "index": 36
  },
  {
    "name": "Require(31) node_modules/egg/app/extend/response.js",
    "start": 1576003464964,
    "end": 1576003464965,
    "duration": 1,
    "pid": 4225,
    "index": 37
  },
  {
    "name": "Load extend/context.js",
    "start": 1576003464966,
    "end": 1576003465002,
    "duration": 36,
    "pid": 4225,
    "index": 38
  },
  {
    "name": "Require(32) node_modules/egg-security/app/extend/context.js",
    "start": 1576003464966,
    "end": 1576003464970,
    "duration": 4,
    "pid": 4225,
    "index": 39
  },
  {
    "name": "Require(33) node_modules/egg-jsonp/app/extend/context.js",
    "start": 1576003464970,
    "end": 1576003464970,
    "duration": 0,
    "pid": 4225,
    "index": 40
  },
  {
    "name": "Require(34) node_modules/egg-i18n/app/extend/context.js",
    "start": 1576003464971,
    "end": 1576003464971,
    "duration": 0,
    "pid": 4225,
    "index": 41
  },
  {
    "name": "Require(35) node_modules/egg-multipart/app/extend/context.js",
    "start": 1576003464971,
    "end": 1576003464999,
    "duration": 28,
    "pid": 4225,
    "index": 42
  },
  {
    "name": "Require(36) node_modules/egg-view/app/extend/context.js",
    "start": 1576003464999,
    "end": 1576003465000,
    "duration": 1,
    "pid": 4225,
    "index": 43
  },
  {
    "name": "Require(37) node_modules/egg-validate/app/extend/context.js",
    "start": 1576003465000,
    "end": 1576003465000,
    "duration": 0,
    "pid": 4225,
    "index": 44
  },
  {
    "name": "Require(38) node_modules/egg/app/extend/context.js",
    "start": 1576003465000,
    "end": 1576003465001,
    "duration": 1,
    "pid": 4225,
    "index": 45
  },
  {
    "name": "Load extend/helper.js",
    "start": 1576003465002,
    "end": 1576003465011,
    "duration": 9,
    "pid": 4225,
    "index": 46
  },
  {
    "name": "Require(39) node_modules/egg-security/app/extend/helper.js",
    "start": 1576003465002,
    "end": 1576003465010,
    "duration": 8,
    "pid": 4225,
    "index": 47
  },
  {
    "name": "Require(40) node_modules/egg/app/extend/helper.js",
    "start": 1576003465010,
    "end": 1576003465011,
    "duration": 1,
    "pid": 4225,
    "index": 48
  },
  {
    "name": "Load app.js",
    "start": 1576003465011,
    "end": 1576003465035,
    "duration": 24,
    "pid": 4225,
    "index": 49
  },
  {
    "name": "Require(41) node_modules/egg-session/app.js",
    "start": 1576003465012,
    "end": 1576003465012,
    "duration": 0,
    "pid": 4225,
    "index": 50
  },
  {
    "name": "Require(42) node_modules/egg-security/app.js",
    "start": 1576003465012,
    "end": 1576003465012,
    "duration": 0,
    "pid": 4225,
    "index": 51
  },
  {
    "name": "Require(43) node_modules/egg-onerror/app.js",
    "start": 1576003465013,
    "end": 1576003465016,
    "duration": 3,
    "pid": 4225,
    "index": 52
  },
  {
    "name": "Require(44) node_modules/egg-i18n/app.js",
    "start": 1576003465016,
    "end": 1576003465023,
    "duration": 7,
    "pid": 4225,
    "index": 53
  },
  {
    "name": "Require(45) node_modules/egg-watcher/app.js",
    "start": 1576003465023,
    "end": 1576003465024,
    "duration": 1,
    "pid": 4225,
    "index": 54
  },
  {
    "name": "Require(46) node_modules/egg-schedule/app.js",
    "start": 1576003465024,
    "end": 1576003465025,
    "duration": 1,
    "pid": 4225,
    "index": 55
  },
  {
    "name": "Require(47) node_modules/egg-multipart/app.js",
    "start": 1576003465025,
    "end": 1576003465026,
    "duration": 1,
    "pid": 4225,
    "index": 56
  },
  {
    "name": "Require(48) node_modules/egg-development/app.js",
    "start": 1576003465026,
    "end": 1576003465026,
    "duration": 0,
    "pid": 4225,
    "index": 57
  },
  {
    "name": "Require(49) node_modules/egg-logrotator/app.js",
    "start": 1576003465026,
    "end": 1576003465026,
    "duration": 0,
    "pid": 4225,
    "index": 58
  },
  {
    "name": "Require(50) node_modules/egg-static/app.js",
    "start": 1576003465026,
    "end": 1576003465026,
    "duration": 0,
    "pid": 4225,
    "index": 59
  },
  {
    "name": "Require(51) node_modules/egg-view-ejs/app.js",
    "start": 1576003465026,
    "end": 1576003465027,
    "duration": 1,
    "pid": 4225,
    "index": 60
  },
  {
    "name": "Require(52) node_modules/egg-mysql/app.js",
    "start": 1576003465027,
    "end": 1576003465033,
    "duration": 6,
    "pid": 4225,
    "index": 61
  },
  {
    "name": "Require(53) node_modules/egg-validate/app.js",
    "start": 1576003465033,
    "end": 1576003465034,
    "duration": 1,
    "pid": 4225,
    "index": 62
  },
  {
    "name": "Require(54) node_modules/egg-jwt/app.js",
    "start": 1576003465034,
    "end": 1576003465034,
    "duration": 0,
    "pid": 4225,
    "index": 63
  },
  {
    "name": "Before Start in node_modules/egg-watcher/lib/init.js:15:14",
    "start": 1576003465043,
    "end": 1576003465166,
    "duration": 123,
    "pid": 4225,
    "index": 64
  },
  {
    "name": "Before Start in node_modules/egg-mysql/lib/mysql.js:20:7",
    "start": 1576003465096,
    "end": 1576003465168,
    "duration": 72,
    "pid": 4225,
    "index": 65
  },
  {
    "name": "Load Service",
    "start": 1576003465097,
    "end": 1576003465104,
    "duration": 7,
    "pid": 4225,
    "index": 66
  },
  {
    "name": "Load \"service\" to Context",
    "start": 1576003465097,
    "end": 1576003465104,
    "duration": 7,
    "pid": 4225,
    "index": 67
  },
  {
    "name": "Load Middleware",
    "start": 1576003465104,
    "end": 1576003465137,
    "duration": 33,
    "pid": 4225,
    "index": 68
  },
  {
    "name": "Load \"middlewares\" to Application",
    "start": 1576003465104,
    "end": 1576003465131,
    "duration": 27,
    "pid": 4225,
    "index": 69
  },
  {
    "name": "Load Controller",
    "start": 1576003465137,
    "end": 1576003465143,
    "duration": 6,
    "pid": 4225,
    "index": 70
  },
  {
    "name": "Load \"controller\" to Application",
    "start": 1576003465137,
    "end": 1576003465143,
    "duration": 6,
    "pid": 4225,
    "index": 71
  },
  {
    "name": "Load Router",
    "start": 1576003465143,
    "end": 1576003465145,
    "duration": 2,
    "pid": 4225,
    "index": 72
  },
  {
    "name": "Require(55) app/router.js",
    "start": 1576003465144,
    "end": 1576003465144,
    "duration": 0,
    "pid": 4225,
    "index": 73
  },
  {
    "name": "Before Start in node_modules/egg-core/lib/egg.js:303:10",
    "start": 1576003465144,
    "end": 1576003465155,
    "duration": 11,
    "pid": 4225,
    "index": 74
  }
]