[
  {
    "name": "Application Start",
    "start": 1576000453010,
    "end": 1576000453240,
    "duration": 230,
    "pid": 3036,
    "index": 0
  },
  {
    "name": "Load Plugin",
    "start": 1576000453014,
    "end": 1576000453019,
    "duration": 5,
    "pid": 3036,
    "index": 1
  },
  {
    "name": "Load Config",
    "start": 1576000453019,
    "end": 1576000453030,
    "duration": 11,
    "pid": 3036,
    "index": 2
  },
  {
    "name": "Require(0) config/config.default.js",
    "start": 1576000453020,
    "end": 1576000453020,
    "duration": 0,
    "pid": 3036,
    "index": 3
  },
  {
    "name": "Require(1) node_modules/egg-session/config/config.default.js",
    "start": 1576000453021,
    "end": 1576000453021,
    "duration": 0,
    "pid": 3036,
    "index": 4
  },
  {
    "name": "Require(2) node_modules/egg-security/config/config.default.js",
    "start": 1576000453021,
    "end": 1576000453021,
    "duration": 0,
    "pid": 3036,
    "index": 5
  },
  {
    "name": "Require(3) node_modules/egg-jsonp/config/config.default.js",
    "start": 1576000453022,
    "end": 1576000453022,
    "duration": 0,
    "pid": 3036,
    "index": 6
  },
  {
    "name": "Require(4) node_modules/egg-onerror/config/config.default.js",
    "start": 1576000453022,
    "end": 1576000453022,
    "duration": 0,
    "pid": 3036,
    "index": 7
  },
  {
    "name": "Require(5) node_modules/egg-i18n/config/config.default.js",
    "start": 1576000453022,
    "end": 1576000453022,
    "duration": 0,
    "pid": 3036,
    "index": 8
  },
  {
    "name": "Require(6) node_modules/egg-watcher/config/config.default.js",
    "start": 1576000453023,
    "end": 1576000453023,
    "duration": 0,
    "pid": 3036,
    "index": 9
  },
  {
    "name": "Require(7) node_modules/egg-schedule/config/config.default.js",
    "start": 1576000453023,
    "end": 1576000453023,
    "duration": 0,
    "pid": 3036,
    "index": 10
  },
  {
    "name": "Require(8) node_modules/egg-multipart/config/config.default.js",
    "start": 1576000453023,
    "end": 1576000453023,
    "duration": 0,
    "pid": 3036,
    "index": 11
  },
  {
    "name": "Require(9) node_modules/egg-development/config/config.default.js",
    "start": 1576000453024,
    "end": 1576000453024,
    "duration": 0,
    "pid": 3036,
    "index": 12
  },
  {
    "name": "Require(10) node_modules/egg-logrotator/config/config.default.js",
    "start": 1576000453024,
    "end": 1576000453024,
    "duration": 0,
    "pid": 3036,
    "index": 13
  },
  {
    "name": "Require(11) node_modules/egg-static/config/config.default.js",
    "start": 1576000453024,
    "end": 1576000453024,
    "duration": 0,
    "pid": 3036,
    "index": 14
  },
  {
    "name": "Require(12) node_modules/egg-view/config/config.default.js",
    "start": 1576000453024,
    "end": 1576000453025,
    "duration": 1,
    "pid": 3036,
    "index": 15
  },
  {
    "name": "Require(13) node_modules/egg-view-ejs/config/config.default.js",
    "start": 1576000453025,
    "end": 1576000453025,
    "duration": 0,
    "pid": 3036,
    "index": 16
  },
  {
    "name": "Require(14) node_modules/egg-mysql/config/config.default.js",
    "start": 1576000453025,
    "end": 1576000453025,
    "duration": 0,
    "pid": 3036,
    "index": 17
  },
  {
    "name": "Require(15) node_modules/egg-validate/config/config.default.js",
    "start": 1576000453025,
    "end": 1576000453025,
    "duration": 0,
    "pid": 3036,
    "index": 18
  },
  {
    "name": "Require(16) node_modules/egg-jwt/config/config.default.js",
    "start": 1576000453026,
    "end": 1576000453026,
    "duration": 0,
    "pid": 3036,
    "index": 19
  },
  {
    "name": "Require(17) node_modules/egg/config/config.default.js",
    "start": 1576000453026,
    "end": 1576000453026,
    "duration": 0,
    "pid": 3036,
    "index": 20
  },
  {
    "name": "Require(18) config/config.default.js",
    "start": 1576000453028,
    "end": 1576000453028,
    "duration": 0,
    "pid": 3036,
    "index": 21
  },
  {
    "name": "Require(19) node_modules/egg-security/config/config.local.js",
    "start": 1576000453029,
    "end": 1576000453029,
    "duration": 0,
    "pid": 3036,
    "index": 22
  },
  {
    "name": "Require(20) node_modules/egg-watcher/config/config.local.js",
    "start": 1576000453029,
    "end": 1576000453029,
    "duration": 0,
    "pid": 3036,
    "index": 23
  },
  {
    "name": "Require(21) node_modules/egg-view/config/config.local.js",
    "start": 1576000453029,
    "end": 1576000453029,
    "duration": 0,
    "pid": 3036,
    "index": 24
  },
  {
    "name": "Require(22) node_modules/egg-view-ejs/config/config.local.js",
    "start": 1576000453030,
    "end": 1576000453030,
    "duration": 0,
    "pid": 3036,
    "index": 25
  },
  {
    "name": "Require(23) node_modules/egg/config/config.local.js",
    "start": 1576000453030,
    "end": 1576000453030,
    "duration": 0,
    "pid": 3036,
    "index": 26
  },
  {
    "name": "Load extend/application.js",
    "start": 1576000453031,
    "end": 1576000453049,
    "duration": 18,
    "pid": 3036,
    "index": 27
  },
  {
    "name": "Require(24) node_modules/egg-session/app/extend/application.js",
    "start": 1576000453031,
    "end": 1576000453031,
    "duration": 0,
    "pid": 3036,
    "index": 28
  },
  {
    "name": "Require(25) node_modules/egg-security/app/extend/application.js",
    "start": 1576000453032,
    "end": 1576000453032,
    "duration": 0,
    "pid": 3036,
    "index": 29
  },
  {
    "name": "Require(26) node_modules/egg-jsonp/app/extend/application.js",
    "start": 1576000453032,
    "end": 1576000453032,
    "duration": 0,
    "pid": 3036,
    "index": 30
  },
  {
    "name": "Require(27) node_modules/egg-logrotator/app/extend/application.js",
    "start": 1576000453033,
    "end": 1576000453033,
    "duration": 0,
    "pid": 3036,
    "index": 31
  },
  {
    "name": "Require(28) node_modules/egg-view/app/extend/application.js",
    "start": 1576000453033,
    "end": 1576000453034,
    "duration": 1,
    "pid": 3036,
    "index": 32
  },
  {
    "name": "Require(29) node_modules/egg-jwt/app/extend/application.js",
    "start": 1576000453034,
    "end": 1576000453049,
    "duration": 15,
    "pid": 3036,
    "index": 33
  },
  {
    "name": "Load extend/request.js",
    "start": 1576000453049,
    "end": 1576000453051,
    "duration": 2,
    "pid": 3036,
    "index": 34
  },
  {
    "name": "Require(30) node_modules/egg/app/extend/request.js",
    "start": 1576000453050,
    "end": 1576000453050,
    "duration": 0,
    "pid": 3036,
    "index": 35
  },
  {
    "name": "Load extend/response.js",
    "start": 1576000453051,
    "end": 1576000453052,
    "duration": 1,
    "pid": 3036,
    "index": 36
  },
  {
    "name": "Require(31) node_modules/egg/app/extend/response.js",
    "start": 1576000453051,
    "end": 1576000453052,
    "duration": 1,
    "pid": 3036,
    "index": 37
  },
  {
    "name": "Load extend/context.js",
    "start": 1576000453052,
    "end": 1576000453083,
    "duration": 31,
    "pid": 3036,
    "index": 38
  },
  {
    "name": "Require(32) node_modules/egg-security/app/extend/context.js",
    "start": 1576000453053,
    "end": 1576000453055,
    "duration": 2,
    "pid": 3036,
    "index": 39
  },
  {
    "name": "Require(33) node_modules/egg-jsonp/app/extend/context.js",
    "start": 1576000453056,
    "end": 1576000453056,
    "duration": 0,
    "pid": 3036,
    "index": 40
  },
  {
    "name": "Require(34) node_modules/egg-i18n/app/extend/context.js",
    "start": 1576000453056,
    "end": 1576000453056,
    "duration": 0,
    "pid": 3036,
    "index": 41
  },
  {
    "name": "Require(35) node_modules/egg-multipart/app/extend/context.js",
    "start": 1576000453056,
    "end": 1576000453080,
    "duration": 24,
    "pid": 3036,
    "index": 42
  },
  {
    "name": "Require(36) node_modules/egg-view/app/extend/context.js",
    "start": 1576000453081,
    "end": 1576000453081,
    "duration": 0,
    "pid": 3036,
    "index": 43
  },
  {
    "name": "Require(37) node_modules/egg-validate/app/extend/context.js",
    "start": 1576000453081,
    "end": 1576000453081,
    "duration": 0,
    "pid": 3036,
    "index": 44
  },
  {
    "name": "Require(38) node_modules/egg/app/extend/context.js",
    "start": 1576000453081,
    "end": 1576000453082,
    "duration": 1,
    "pid": 3036,
    "index": 45
  },
  {
    "name": "Load extend/helper.js",
    "start": 1576000453083,
    "end": 1576000453090,
    "duration": 7,
    "pid": 3036,
    "index": 46
  },
  {
    "name": "Require(39) node_modules/egg-security/app/extend/helper.js",
    "start": 1576000453083,
    "end": 1576000453089,
    "duration": 6,
    "pid": 3036,
    "index": 47
  },
  {
    "name": "Require(40) node_modules/egg/app/extend/helper.js",
    "start": 1576000453090,
    "end": 1576000453090,
    "duration": 0,
    "pid": 3036,
    "index": 48
  },
  {
    "name": "Load app.js",
    "start": 1576000453090,
    "end": 1576000453110,
    "duration": 20,
    "pid": 3036,
    "index": 49
  },
  {
    "name": "Require(41) node_modules/egg-session/app.js",
    "start": 1576000453091,
    "end": 1576000453091,
    "duration": 0,
    "pid": 3036,
    "index": 50
  },
  {
    "name": "Require(42) node_modules/egg-security/app.js",
    "start": 1576000453091,
    "end": 1576000453091,
    "duration": 0,
    "pid": 3036,
    "index": 51
  },
  {
    "name": "Require(43) node_modules/egg-onerror/app.js",
    "start": 1576000453092,
    "end": 1576000453095,
    "duration": 3,
    "pid": 3036,
    "index": 52
  },
  {
    "name": "Require(44) node_modules/egg-i18n/app.js",
    "start": 1576000453095,
    "end": 1576000453100,
    "duration": 5,
    "pid": 3036,
    "index": 53
  },
  {
    "name": "Require(45) node_modules/egg-watcher/app.js",
    "start": 1576000453100,
    "end": 1576000453101,
    "duration": 1,
    "pid": 3036,
    "index": 54
  },
  {
    "name": "Require(46) node_modules/egg-schedule/app.js",
    "start": 1576000453101,
    "end": 1576000453101,
    "duration": 0,
    "pid": 3036,
    "index": 55
  },
  {
    "name": "Require(47) node_modules/egg-multipart/app.js",
    "start": 1576000453102,
    "end": 1576000453102,
    "duration": 0,
    "pid": 3036,
    "index": 56
  },
  {
    "name": "Require(48) node_modules/egg-development/app.js",
    "start": 1576000453102,
    "end": 1576000453102,
    "duration": 0,
    "pid": 3036,
    "index": 57
  },
  {
    "name": "Require(49) node_modules/egg-logrotator/app.js",
    "start": 1576000453103,
    "end": 1576000453103,
    "duration": 0,
    "pid": 3036,
    "index": 58
  },
  {
    "name": "Require(50) node_modules/egg-static/app.js",
    "start": 1576000453103,
    "end": 1576000453103,
    "duration": 0,
    "pid": 3036,
    "index": 59
  },
  {
    "name": "Require(51) node_modules/egg-view-ejs/app.js",
    "start": 1576000453103,
    "end": 1576000453103,
    "duration": 0,
    "pid": 3036,
    "index": 60
  },
  {
    "name": "Require(52) node_modules/egg-mysql/app.js",
    "start": 1576000453103,
    "end": 1576000453109,
    "duration": 6,
    "pid": 3036,
    "index": 61
  },
  {
    "name": "Require(53) node_modules/egg-validate/app.js",
    "start": 1576000453109,
    "end": 1576000453109,
    "duration": 0,
    "pid": 3036,
    "index": 62
  },
  {
    "name": "Require(54) node_modules/egg-jwt/app.js",
    "start": 1576000453109,
    "end": 1576000453110,
    "duration": 1,
    "pid": 3036,
    "index": 63
  },
  {
    "name": "Before Start in node_modules/egg-watcher/lib/init.js:15:14",
    "start": 1576000453117,
    "end": 1576000453238,
    "duration": 121,
    "pid": 3036,
    "index": 64
  },
  {
    "name": "Before Start in node_modules/egg-mysql/lib/mysql.js:20:7",
    "start": 1576000453173,
    "end": 1576000453240,
    "duration": 67,
    "pid": 3036,
    "index": 65
  },
  {
    "name": "Load Service",
    "start": 1576000453173,
    "end": 1576000453179,
    "duration": 6,
    "pid": 3036,
    "index": 66
  },
  {
    "name": "Load \"service\" to Context",
    "start": 1576000453173,
    "end": 1576000453179,
    "duration": 6,
    "pid": 3036,
    "index": 67
  },
  {
    "name": "Load Middleware",
    "start": 1576000453179,
    "end": 1576000453211,
    "duration": 32,
    "pid": 3036,
    "index": 68
  },
  {
    "name": "Load \"middlewares\" to Application",
    "start": 1576000453179,
    "end": 1576000453205,
    "duration": 26,
    "pid": 3036,
    "index": 69
  },
  {
    "name": "Load Controller",
    "start": 1576000453211,
    "end": 1576000453217,
    "duration": 6,
    "pid": 3036,
    "index": 70
  },
  {
    "name": "Load \"controller\" to Application",
    "start": 1576000453211,
    "end": 1576000453217,
    "duration": 6,
    "pid": 3036,
    "index": 71
  },
  {
    "name": "Load Router",
    "start": 1576000453217,
    "end": 1576000453218,
    "duration": 1,
    "pid": 3036,
    "index": 72
  },
  {
    "name": "Require(55) app/router.js",
    "start": 1576000453217,
    "end": 1576000453217,
    "duration": 0,
    "pid": 3036,
    "index": 73
  },
  {
    "name": "Before Start in node_modules/egg-core/lib/egg.js:303:10",
    "start": 1576000453217,
    "end": 1576000453228,
    "duration": 11,
    "pid": 3036,
    "index": 74
  }
]