[
  {
    "name": "Application Start",
    "start": 1576003206391,
    "end": 1576003206624,
    "duration": 233,
    "pid": 4109,
    "index": 0
  },
  {
    "name": "Load Plugin",
    "start": 1576003206394,
    "end": 1576003206399,
    "duration": 5,
    "pid": 4109,
    "index": 1
  },
  {
    "name": "Load Config",
    "start": 1576003206399,
    "end": 1576003206409,
    "duration": 10,
    "pid": 4109,
    "index": 2
  },
  {
    "name": "Require(0) config/config.default.js",
    "start": 1576003206400,
    "end": 1576003206400,
    "duration": 0,
    "pid": 4109,
    "index": 3
  },
  {
    "name": "Require(1) node_modules/egg-session/config/config.default.js",
    "start": 1576003206401,
    "end": 1576003206401,
    "duration": 0,
    "pid": 4109,
    "index": 4
  },
  {
    "name": "Require(2) node_modules/egg-security/config/config.default.js",
    "start": 1576003206401,
    "end": 1576003206401,
    "duration": 0,
    "pid": 4109,
    "index": 5
  },
  {
    "name": "Require(3) node_modules/egg-jsonp/config/config.default.js",
    "start": 1576003206402,
    "end": 1576003206402,
    "duration": 0,
    "pid": 4109,
    "index": 6
  },
  {
    "name": "Require(4) node_modules/egg-onerror/config/config.default.js",
    "start": 1576003206402,
    "end": 1576003206402,
    "duration": 0,
    "pid": 4109,
    "index": 7
  },
  {
    "name": "Require(5) node_modules/egg-i18n/config/config.default.js",
    "start": 1576003206402,
    "end": 1576003206402,
    "duration": 0,
    "pid": 4109,
    "index": 8
  },
  {
    "name": "Require(6) node_modules/egg-watcher/config/config.default.js",
    "start": 1576003206403,
    "end": 1576003206403,
    "duration": 0,
    "pid": 4109,
    "index": 9
  },
  {
    "name": "Require(7) node_modules/egg-schedule/config/config.default.js",
    "start": 1576003206403,
    "end": 1576003206403,
    "duration": 0,
    "pid": 4109,
    "index": 10
  },
  {
    "name": "Require(8) node_modules/egg-multipart/config/config.default.js",
    "start": 1576003206403,
    "end": 1576003206403,
    "duration": 0,
    "pid": 4109,
    "index": 11
  },
  {
    "name": "Require(9) node_modules/egg-development/config/config.default.js",
    "start": 1576003206404,
    "end": 1576003206404,
    "duration": 0,
    "pid": 4109,
    "index": 12
  },
  {
    "name": "Require(10) node_modules/egg-logrotator/config/config.default.js",
    "start": 1576003206404,
    "end": 1576003206404,
    "duration": 0,
    "pid": 4109,
    "index": 13
  },
  {
    "name": "Require(11) node_modules/egg-static/config/config.default.js",
    "start": 1576003206404,
    "end": 1576003206404,
    "duration": 0,
    "pid": 4109,
    "index": 14
  },
  {
    "name": "Require(12) node_modules/egg-view/config/config.default.js",
    "start": 1576003206404,
    "end": 1576003206405,
    "duration": 1,
    "pid": 4109,
    "index": 15
  },
  {
    "name": "Require(13) node_modules/egg-view-ejs/config/config.default.js",
    "start": 1576003206405,
    "end": 1576003206405,
    "duration": 0,
    "pid": 4109,
    "index": 16
  },
  {
    "name": "Require(14) node_modules/egg-mysql/config/config.default.js",
    "start": 1576003206405,
    "end": 1576003206405,
    "duration": 0,
    "pid": 4109,
    "index": 17
  },
  {
    "name": "Require(15) node_modules/egg-validate/config/config.default.js",
    "start": 1576003206405,
    "end": 1576003206405,
    "duration": 0,
    "pid": 4109,
    "index": 18
  },
  {
    "name": "Require(16) node_modules/egg-jwt/config/config.default.js",
    "start": 1576003206406,
    "end": 1576003206406,
    "duration": 0,
    "pid": 4109,
    "index": 19
  },
  {
    "name": "Require(17) node_modules/egg/config/config.default.js",
    "start": 1576003206406,
    "end": 1576003206406,
    "duration": 0,
    "pid": 4109,
    "index": 20
  },
  {
    "name": "Require(18) config/config.default.js",
    "start": 1576003206407,
    "end": 1576003206407,
    "duration": 0,
    "pid": 4109,
    "index": 21
  },
  {
    "name": "Require(19) node_modules/egg-security/config/config.local.js",
    "start": 1576003206407,
    "end": 1576003206407,
    "duration": 0,
    "pid": 4109,
    "index": 22
  },
  {
    "name": "Require(20) node_modules/egg-watcher/config/config.local.js",
    "start": 1576003206407,
    "end": 1576003206408,
    "duration": 1,
    "pid": 4109,
    "index": 23
  },
  {
    "name": "Require(21) node_modules/egg-view/config/config.local.js",
    "start": 1576003206408,
    "end": 1576003206408,
    "duration": 0,
    "pid": 4109,
    "index": 24
  },
  {
    "name": "Require(22) node_modules/egg-view-ejs/config/config.local.js",
    "start": 1576003206408,
    "end": 1576003206408,
    "duration": 0,
    "pid": 4109,
    "index": 25
  },
  {
    "name": "Require(23) node_modules/egg/config/config.local.js",
    "start": 1576003206409,
    "end": 1576003206409,
    "duration": 0,
    "pid": 4109,
    "index": 26
  },
  {
    "name": "Load extend/application.js",
    "start": 1576003206411,
    "end": 1576003206431,
    "duration": 20,
    "pid": 4109,
    "index": 27
  },
  {
    "name": "Require(24) node_modules/egg-session/app/extend/application.js",
    "start": 1576003206411,
    "end": 1576003206412,
    "duration": 1,
    "pid": 4109,
    "index": 28
  },
  {
    "name": "Require(25) node_modules/egg-security/app/extend/application.js",
    "start": 1576003206412,
    "end": 1576003206412,
    "duration": 0,
    "pid": 4109,
    "index": 29
  },
  {
    "name": "Require(26) node_modules/egg-jsonp/app/extend/application.js",
    "start": 1576003206412,
    "end": 1576003206413,
    "duration": 1,
    "pid": 4109,
    "index": 30
  },
  {
    "name": "Require(27) node_modules/egg-logrotator/app/extend/application.js",
    "start": 1576003206413,
    "end": 1576003206414,
    "duration": 1,
    "pid": 4109,
    "index": 31
  },
  {
    "name": "Require(28) node_modules/egg-view/app/extend/application.js",
    "start": 1576003206414,
    "end": 1576003206415,
    "duration": 1,
    "pid": 4109,
    "index": 32
  },
  {
    "name": "Require(29) node_modules/egg-jwt/app/extend/application.js",
    "start": 1576003206415,
    "end": 1576003206431,
    "duration": 16,
    "pid": 4109,
    "index": 33
  },
  {
    "name": "Load extend/request.js",
    "start": 1576003206431,
    "end": 1576003206433,
    "duration": 2,
    "pid": 4109,
    "index": 34
  },
  {
    "name": "Require(30) node_modules/egg/app/extend/request.js",
    "start": 1576003206432,
    "end": 1576003206432,
    "duration": 0,
    "pid": 4109,
    "index": 35
  },
  {
    "name": "Load extend/response.js",
    "start": 1576003206433,
    "end": 1576003206435,
    "duration": 2,
    "pid": 4109,
    "index": 36
  },
  {
    "name": "Require(31) node_modules/egg/app/extend/response.js",
    "start": 1576003206433,
    "end": 1576003206434,
    "duration": 1,
    "pid": 4109,
    "index": 37
  },
  {
    "name": "Load extend/context.js",
    "start": 1576003206435,
    "end": 1576003206468,
    "duration": 33,
    "pid": 4109,
    "index": 38
  },
  {
    "name": "Require(32) node_modules/egg-security/app/extend/context.js",
    "start": 1576003206435,
    "end": 1576003206439,
    "duration": 4,
    "pid": 4109,
    "index": 39
  },
  {
    "name": "Require(33) node_modules/egg-jsonp/app/extend/context.js",
    "start": 1576003206439,
    "end": 1576003206439,
    "duration": 0,
    "pid": 4109,
    "index": 40
  },
  {
    "name": "Require(34) node_modules/egg-i18n/app/extend/context.js",
    "start": 1576003206439,
    "end": 1576003206440,
    "duration": 1,
    "pid": 4109,
    "index": 41
  },
  {
    "name": "Require(35) node_modules/egg-multipart/app/extend/context.js",
    "start": 1576003206440,
    "end": 1576003206465,
    "duration": 25,
    "pid": 4109,
    "index": 42
  },
  {
    "name": "Require(36) node_modules/egg-view/app/extend/context.js",
    "start": 1576003206466,
    "end": 1576003206466,
    "duration": 0,
    "pid": 4109,
    "index": 43
  },
  {
    "name": "Require(37) node_modules/egg-validate/app/extend/context.js",
    "start": 1576003206466,
    "end": 1576003206467,
    "duration": 1,
    "pid": 4109,
    "index": 44
  },
  {
    "name": "Require(38) node_modules/egg/app/extend/context.js",
    "start": 1576003206467,
    "end": 1576003206467,
    "duration": 0,
    "pid": 4109,
    "index": 45
  },
  {
    "name": "Load extend/helper.js",
    "start": 1576003206468,
    "end": 1576003206477,
    "duration": 9,
    "pid": 4109,
    "index": 46
  },
  {
    "name": "Require(39) node_modules/egg-security/app/extend/helper.js",
    "start": 1576003206468,
    "end": 1576003206476,
    "duration": 8,
    "pid": 4109,
    "index": 47
  },
  {
    "name": "Require(40) node_modules/egg/app/extend/helper.js",
    "start": 1576003206476,
    "end": 1576003206476,
    "duration": 0,
    "pid": 4109,
    "index": 48
  },
  {
    "name": "Load app.js",
    "start": 1576003206477,
    "end": 1576003206501,
    "duration": 24,
    "pid": 4109,
    "index": 49
  },
  {
    "name": "Require(41) node_modules/egg-session/app.js",
    "start": 1576003206477,
    "end": 1576003206477,
    "duration": 0,
    "pid": 4109,
    "index": 50
  },
  {
    "name": "Require(42) node_modules/egg-security/app.js",
    "start": 1576003206477,
    "end": 1576003206478,
    "duration": 1,
    "pid": 4109,
    "index": 51
  },
  {
    "name": "Require(43) node_modules/egg-onerror/app.js",
    "start": 1576003206478,
    "end": 1576003206482,
    "duration": 4,
    "pid": 4109,
    "index": 52
  },
  {
    "name": "Require(44) node_modules/egg-i18n/app.js",
    "start": 1576003206483,
    "end": 1576003206489,
    "duration": 6,
    "pid": 4109,
    "index": 53
  },
  {
    "name": "Require(45) node_modules/egg-watcher/app.js",
    "start": 1576003206489,
    "end": 1576003206490,
    "duration": 1,
    "pid": 4109,
    "index": 54
  },
  {
    "name": "Require(46) node_modules/egg-schedule/app.js",
    "start": 1576003206490,
    "end": 1576003206491,
    "duration": 1,
    "pid": 4109,
    "index": 55
  },
  {
    "name": "Require(47) node_modules/egg-multipart/app.js",
    "start": 1576003206491,
    "end": 1576003206492,
    "duration": 1,
    "pid": 4109,
    "index": 56
  },
  {
    "name": "Require(48) node_modules/egg-development/app.js",
    "start": 1576003206492,
    "end": 1576003206492,
    "duration": 0,
    "pid": 4109,
    "index": 57
  },
  {
    "name": "Require(49) node_modules/egg-logrotator/app.js",
    "start": 1576003206492,
    "end": 1576003206492,
    "duration": 0,
    "pid": 4109,
    "index": 58
  },
  {
    "name": "Require(50) node_modules/egg-static/app.js",
    "start": 1576003206492,
    "end": 1576003206493,
    "duration": 1,
    "pid": 4109,
    "index": 59
  },
  {
    "name": "Require(51) node_modules/egg-view-ejs/app.js",
    "start": 1576003206493,
    "end": 1576003206493,
    "duration": 0,
    "pid": 4109,
    "index": 60
  },
  {
    "name": "Require(52) node_modules/egg-mysql/app.js",
    "start": 1576003206493,
    "end": 1576003206499,
    "duration": 6,
    "pid": 4109,
    "index": 61
  },
  {
    "name": "Require(53) node_modules/egg-validate/app.js",
    "start": 1576003206499,
    "end": 1576003206500,
    "duration": 1,
    "pid": 4109,
    "index": 62
  },
  {
    "name": "Require(54) node_modules/egg-jwt/app.js",
    "start": 1576003206500,
    "end": 1576003206500,
    "duration": 0,
    "pid": 4109,
    "index": 63
  },
  {
    "name": "Before Start in node_modules/egg-watcher/lib/init.js:15:14",
    "start": 1576003206510,
    "end": 1576003206622,
    "duration": 112,
    "pid": 4109,
    "index": 64
  },
  {
    "name": "Before Start in node_modules/egg-mysql/lib/mysql.js:20:7",
    "start": 1576003206562,
    "end": 1576003206623,
    "duration": 61,
    "pid": 4109,
    "index": 65
  },
  {
    "name": "Load Service",
    "start": 1576003206563,
    "end": 1576003206568,
    "duration": 5,
    "pid": 4109,
    "index": 66
  },
  {
    "name": "Load \"service\" to Context",
    "start": 1576003206563,
    "end": 1576003206568,
    "duration": 5,
    "pid": 4109,
    "index": 67
  },
  {
    "name": "Load Middleware",
    "start": 1576003206568,
    "end": 1576003206597,
    "duration": 29,
    "pid": 4109,
    "index": 68
  },
  {
    "name": "Load \"middlewares\" to Application",
    "start": 1576003206568,
    "end": 1576003206592,
    "duration": 24,
    "pid": 4109,
    "index": 69
  },
  {
    "name": "Load Controller",
    "start": 1576003206597,
    "end": 1576003206602,
    "duration": 5,
    "pid": 4109,
    "index": 70
  },
  {
    "name": "Load \"controller\" to Application",
    "start": 1576003206597,
    "end": 1576003206602,
    "duration": 5,
    "pid": 4109,
    "index": 71
  },
  {
    "name": "Load Router",
    "start": 1576003206602,
    "end": 1576003206604,
    "duration": 2,
    "pid": 4109,
    "index": 72
  },
  {
    "name": "Require(55) app/router.js",
    "start": 1576003206603,
    "end": 1576003206603,
    "duration": 0,
    "pid": 4109,
    "index": 73
  },
  {
    "name": "Before Start in node_modules/egg-core/lib/egg.js:303:10",
    "start": 1576003206603,
    "end": 1576003206612,
    "duration": 9,
    "pid": 4109,
    "index": 74
  }
]