[
  {
    "name": "Application Start",
    "start": 1575999485616,
    "end": 1575999485842,
    "duration": 226,
    "pid": 2810,
    "index": 0
  },
  {
    "name": "Load Plugin",
    "start": 1575999485618,
    "end": 1575999485624,
    "duration": 6,
    "pid": 2810,
    "index": 1
  },
  {
    "name": "Load Config",
    "start": 1575999485624,
    "end": 1575999485634,
    "duration": 10,
    "pid": 2810,
    "index": 2
  },
  {
    "name": "Require(0) config/config.default.js",
    "start": 1575999485625,
    "end": 1575999485625,
    "duration": 0,
    "pid": 2810,
    "index": 3
  },
  {
    "name": "Require(1) node_modules/egg-session/config/config.default.js",
    "start": 1575999485626,
    "end": 1575999485626,
    "duration": 0,
    "pid": 2810,
    "index": 4
  },
  {
    "name": "Require(2) node_modules/egg-security/config/config.default.js",
    "start": 1575999485627,
    "end": 1575999485627,
    "duration": 0,
    "pid": 2810,
    "index": 5
  },
  {
    "name": "Require(3) node_modules/egg-jsonp/config/config.default.js",
    "start": 1575999485627,
    "end": 1575999485627,
    "duration": 0,
    "pid": 2810,
    "index": 6
  },
  {
    "name": "Require(4) node_modules/egg-onerror/config/config.default.js",
    "start": 1575999485627,
    "end": 1575999485627,
    "duration": 0,
    "pid": 2810,
    "index": 7
  },
  {
    "name": "Require(5) node_modules/egg-i18n/config/config.default.js",
    "start": 1575999485628,
    "end": 1575999485628,
    "duration": 0,
    "pid": 2810,
    "index": 8
  },
  {
    "name": "Require(6) node_modules/egg-watcher/config/config.default.js",
    "start": 1575999485628,
    "end": 1575999485628,
    "duration": 0,
    "pid": 2810,
    "index": 9
  },
  {
    "name": "Require(7) node_modules/egg-schedule/config/config.default.js",
    "start": 1575999485629,
    "end": 1575999485629,
    "duration": 0,
    "pid": 2810,
    "index": 10
  },
  {
    "name": "Require(8) node_modules/egg-multipart/config/config.default.js",
    "start": 1575999485629,
    "end": 1575999485629,
    "duration": 0,
    "pid": 2810,
    "index": 11
  },
  {
    "name": "Require(9) node_modules/egg-development/config/config.default.js",
    "start": 1575999485629,
    "end": 1575999485629,
    "duration": 0,
    "pid": 2810,
    "index": 12
  },
  {
    "name": "Require(10) node_modules/egg-logrotator/config/config.default.js",
    "start": 1575999485630,
    "end": 1575999485630,
    "duration": 0,
    "pid": 2810,
    "index": 13
  },
  {
    "name": "Require(11) node_modules/egg-static/config/config.default.js",
    "start": 1575999485630,
    "end": 1575999485630,
    "duration": 0,
    "pid": 2810,
    "index": 14
  },
  {
    "name": "Require(12) node_modules/egg-view/config/config.default.js",
    "start": 1575999485630,
    "end": 1575999485630,
    "duration": 0,
    "pid": 2810,
    "index": 15
  },
  {
    "name": "Require(13) node_modules/egg-view-ejs/config/config.default.js",
    "start": 1575999485630,
    "end": 1575999485631,
    "duration": 1,
    "pid": 2810,
    "index": 16
  },
  {
    "name": "Require(14) node_modules/egg-mysql/config/config.default.js",
    "start": 1575999485631,
    "end": 1575999485631,
    "duration": 0,
    "pid": 2810,
    "index": 17
  },
  {
    "name": "Require(15) node_modules/egg-validate/config/config.default.js",
    "start": 1575999485631,
    "end": 1575999485631,
    "duration": 0,
    "pid": 2810,
    "index": 18
  },
  {
    "name": "Require(16) node_modules/egg-jwt/config/config.default.js",
    "start": 1575999485631,
    "end": 1575999485631,
    "duration": 0,
    "pid": 2810,
    "index": 19
  },
  {
    "name": "Require(17) node_modules/egg/config/config.default.js",
    "start": 1575999485632,
    "end": 1575999485632,
    "duration": 0,
    "pid": 2810,
    "index": 20
  },
  {
    "name": "Require(18) config/config.default.js",
    "start": 1575999485633,
    "end": 1575999485633,
    "duration": 0,
    "pid": 2810,
    "index": 21
  },
  {
    "name": "Require(19) node_modules/egg-security/config/config.local.js",
    "start": 1575999485633,
    "end": 1575999485633,
    "duration": 0,
    "pid": 2810,
    "index": 22
  },
  {
    "name": "Require(20) node_modules/egg-watcher/config/config.local.js",
    "start": 1575999485633,
    "end": 1575999485633,
    "duration": 0,
    "pid": 2810,
    "index": 23
  },
  {
    "name": "Require(21) node_modules/egg-view/config/config.local.js",
    "start": 1575999485634,
    "end": 1575999485634,
    "duration": 0,
    "pid": 2810,
    "index": 24
  },
  {
    "name": "Require(22) node_modules/egg-view-ejs/config/config.local.js",
    "start": 1575999485634,
    "end": 1575999485634,
    "duration": 0,
    "pid": 2810,
    "index": 25
  },
  {
    "name": "Require(23) node_modules/egg/config/config.local.js",
    "start": 1575999485634,
    "end": 1575999485634,
    "duration": 0,
    "pid": 2810,
    "index": 26
  },
  {
    "name": "Load extend/application.js",
    "start": 1575999485635,
    "end": 1575999485654,
    "duration": 19,
    "pid": 2810,
    "index": 27
  },
  {
    "name": "Require(24) node_modules/egg-session/app/extend/application.js",
    "start": 1575999485635,
    "end": 1575999485636,
    "duration": 1,
    "pid": 2810,
    "index": 28
  },
  {
    "name": "Require(25) node_modules/egg-security/app/extend/application.js",
    "start": 1575999485636,
    "end": 1575999485636,
    "duration": 0,
    "pid": 2810,
    "index": 29
  },
  {
    "name": "Require(26) node_modules/egg-jsonp/app/extend/application.js",
    "start": 1575999485636,
    "end": 1575999485637,
    "duration": 1,
    "pid": 2810,
    "index": 30
  },
  {
    "name": "Require(27) node_modules/egg-logrotator/app/extend/application.js",
    "start": 1575999485637,
    "end": 1575999485637,
    "duration": 0,
    "pid": 2810,
    "index": 31
  },
  {
    "name": "Require(28) node_modules/egg-view/app/extend/application.js",
    "start": 1575999485637,
    "end": 1575999485638,
    "duration": 1,
    "pid": 2810,
    "index": 32
  },
  {
    "name": "Require(29) node_modules/egg-jwt/app/extend/application.js",
    "start": 1575999485638,
    "end": 1575999485653,
    "duration": 15,
    "pid": 2810,
    "index": 33
  },
  {
    "name": "Load extend/request.js",
    "start": 1575999485654,
    "end": 1575999485655,
    "duration": 1,
    "pid": 2810,
    "index": 34
  },
  {
    "name": "Require(30) node_modules/egg/app/extend/request.js",
    "start": 1575999485654,
    "end": 1575999485655,
    "duration": 1,
    "pid": 2810,
    "index": 35
  },
  {
    "name": "Load extend/response.js",
    "start": 1575999485655,
    "end": 1575999485657,
    "duration": 2,
    "pid": 2810,
    "index": 36
  },
  {
    "name": "Require(31) node_modules/egg/app/extend/response.js",
    "start": 1575999485656,
    "end": 1575999485656,
    "duration": 0,
    "pid": 2810,
    "index": 37
  },
  {
    "name": "Load extend/context.js",
    "start": 1575999485657,
    "end": 1575999485689,
    "duration": 32,
    "pid": 2810,
    "index": 38
  },
  {
    "name": "Require(32) node_modules/egg-security/app/extend/context.js",
    "start": 1575999485657,
    "end": 1575999485661,
    "duration": 4,
    "pid": 2810,
    "index": 39
  },
  {
    "name": "Require(33) node_modules/egg-jsonp/app/extend/context.js",
    "start": 1575999485661,
    "end": 1575999485661,
    "duration": 0,
    "pid": 2810,
    "index": 40
  },
  {
    "name": "Require(34) node_modules/egg-i18n/app/extend/context.js",
    "start": 1575999485662,
    "end": 1575999485662,
    "duration": 0,
    "pid": 2810,
    "index": 41
  },
  {
    "name": "Require(35) node_modules/egg-multipart/app/extend/context.js",
    "start": 1575999485662,
    "end": 1575999485686,
    "duration": 24,
    "pid": 2810,
    "index": 42
  },
  {
    "name": "Require(36) node_modules/egg-view/app/extend/context.js",
    "start": 1575999485687,
    "end": 1575999485687,
    "duration": 0,
    "pid": 2810,
    "index": 43
  },
  {
    "name": "Require(37) node_modules/egg-validate/app/extend/context.js",
    "start": 1575999485687,
    "end": 1575999485687,
    "duration": 0,
    "pid": 2810,
    "index": 44
  },
  {
    "name": "Require(38) node_modules/egg/app/extend/context.js",
    "start": 1575999485688,
    "end": 1575999485688,
    "duration": 0,
    "pid": 2810,
    "index": 45
  },
  {
    "name": "Load extend/helper.js",
    "start": 1575999485689,
    "end": 1575999485696,
    "duration": 7,
    "pid": 2810,
    "index": 46
  },
  {
    "name": "Require(39) node_modules/egg-security/app/extend/helper.js",
    "start": 1575999485689,
    "end": 1575999485695,
    "duration": 6,
    "pid": 2810,
    "index": 47
  },
  {
    "name": "Require(40) node_modules/egg/app/extend/helper.js",
    "start": 1575999485695,
    "end": 1575999485696,
    "duration": 1,
    "pid": 2810,
    "index": 48
  },
  {
    "name": "Load app.js",
    "start": 1575999485697,
    "end": 1575999485717,
    "duration": 20,
    "pid": 2810,
    "index": 49
  },
  {
    "name": "Require(41) node_modules/egg-session/app.js",
    "start": 1575999485697,
    "end": 1575999485697,
    "duration": 0,
    "pid": 2810,
    "index": 50
  },
  {
    "name": "Require(42) node_modules/egg-security/app.js",
    "start": 1575999485697,
    "end": 1575999485697,
    "duration": 0,
    "pid": 2810,
    "index": 51
  },
  {
    "name": "Require(43) node_modules/egg-onerror/app.js",
    "start": 1575999485698,
    "end": 1575999485701,
    "duration": 3,
    "pid": 2810,
    "index": 52
  },
  {
    "name": "Require(44) node_modules/egg-i18n/app.js",
    "start": 1575999485701,
    "end": 1575999485706,
    "duration": 5,
    "pid": 2810,
    "index": 53
  },
  {
    "name": "Require(45) node_modules/egg-watcher/app.js",
    "start": 1575999485706,
    "end": 1575999485707,
    "duration": 1,
    "pid": 2810,
    "index": 54
  },
  {
    "name": "Require(46) node_modules/egg-schedule/app.js",
    "start": 1575999485707,
    "end": 1575999485708,
    "duration": 1,
    "pid": 2810,
    "index": 55
  },
  {
    "name": "Require(47) node_modules/egg-multipart/app.js",
    "start": 1575999485708,
    "end": 1575999485709,
    "duration": 1,
    "pid": 2810,
    "index": 56
  },
  {
    "name": "Require(48) node_modules/egg-development/app.js",
    "start": 1575999485709,
    "end": 1575999485709,
    "duration": 0,
    "pid": 2810,
    "index": 57
  },
  {
    "name": "Require(49) node_modules/egg-logrotator/app.js",
    "start": 1575999485709,
    "end": 1575999485709,
    "duration": 0,
    "pid": 2810,
    "index": 58
  },
  {
    "name": "Require(50) node_modules/egg-static/app.js",
    "start": 1575999485709,
    "end": 1575999485709,
    "duration": 0,
    "pid": 2810,
    "index": 59
  },
  {
    "name": "Require(51) node_modules/egg-view-ejs/app.js",
    "start": 1575999485709,
    "end": 1575999485710,
    "duration": 1,
    "pid": 2810,
    "index": 60
  },
  {
    "name": "Require(52) node_modules/egg-mysql/app.js",
    "start": 1575999485710,
    "end": 1575999485715,
    "duration": 5,
    "pid": 2810,
    "index": 61
  },
  {
    "name": "Require(53) node_modules/egg-validate/app.js",
    "start": 1575999485715,
    "end": 1575999485716,
    "duration": 1,
    "pid": 2810,
    "index": 62
  },
  {
    "name": "Require(54) node_modules/egg-jwt/app.js",
    "start": 1575999485716,
    "end": 1575999485716,
    "duration": 0,
    "pid": 2810,
    "index": 63
  },
  {
    "name": "Before Start in node_modules/egg-watcher/lib/init.js:15:14",
    "start": 1575999485724,
    "end": 1575999485839,
    "duration": 115,
    "pid": 2810,
    "index": 64
  },
  {
    "name": "Before Start in node_modules/egg-mysql/lib/mysql.js:20:7",
    "start": 1575999485772,
    "end": 1575999485841,
    "duration": 69,
    "pid": 2810,
    "index": 65
  },
  {
    "name": "Load Service",
    "start": 1575999485773,
    "end": 1575999485779,
    "duration": 6,
    "pid": 2810,
    "index": 66
  },
  {
    "name": "Load \"service\" to Context",
    "start": 1575999485773,
    "end": 1575999485779,
    "duration": 6,
    "pid": 2810,
    "index": 67
  },
  {
    "name": "Load Middleware",
    "start": 1575999485779,
    "end": 1575999485811,
    "duration": 32,
    "pid": 2810,
    "index": 68
  },
  {
    "name": "Load \"middlewares\" to Application",
    "start": 1575999485779,
    "end": 1575999485805,
    "duration": 26,
    "pid": 2810,
    "index": 69
  },
  {
    "name": "Load Controller",
    "start": 1575999485811,
    "end": 1575999485815,
    "duration": 4,
    "pid": 2810,
    "index": 70
  },
  {
    "name": "Load \"controller\" to Application",
    "start": 1575999485811,
    "end": 1575999485815,
    "duration": 4,
    "pid": 2810,
    "index": 71
  },
  {
    "name": "Load Router",
    "start": 1575999485815,
    "end": 1575999485817,
    "duration": 2,
    "pid": 2810,
    "index": 72
  },
  {
    "name": "Require(55) app/router.js",
    "start": 1575999485815,
    "end": 1575999485816,
    "duration": 1,
    "pid": 2810,
    "index": 73
  },
  {
    "name": "Before Start in node_modules/egg-core/lib/egg.js:303:10",
    "start": 1575999485816,
    "end": 1575999485829,
    "duration": 13,
    "pid": 2810,
    "index": 74
  }
]