[
  {
    "name": "Application Start",
    "start": 1576004134908,
    "end": 1576004135133,
    "duration": 225,
    "pid": 4423,
    "index": 0
  },
  {
    "name": "Load Plugin",
    "start": 1576004134911,
    "end": 1576004134917,
    "duration": 6,
    "pid": 4423,
    "index": 1
  },
  {
    "name": "Load Config",
    "start": 1576004134917,
    "end": 1576004134928,
    "duration": 11,
    "pid": 4423,
    "index": 2
  },
  {
    "name": "Require(0) config/config.default.js",
    "start": 1576004134918,
    "end": 1576004134918,
    "duration": 0,
    "pid": 4423,
    "index": 3
  },
  {
    "name": "Require(1) node_modules/egg-session/config/config.default.js",
    "start": 1576004134919,
    "end": 1576004134919,
    "duration": 0,
    "pid": 4423,
    "index": 4
  },
  {
    "name": "Require(2) node_modules/egg-security/config/config.default.js",
    "start": 1576004134919,
    "end": 1576004134919,
    "duration": 0,
    "pid": 4423,
    "index": 5
  },
  {
    "name": "Require(3) node_modules/egg-jsonp/config/config.default.js",
    "start": 1576004134920,
    "end": 1576004134920,
    "duration": 0,
    "pid": 4423,
    "index": 6
  },
  {
    "name": "Require(4) node_modules/egg-onerror/config/config.default.js",
    "start": 1576004134920,
    "end": 1576004134920,
    "duration": 0,
    "pid": 4423,
    "index": 7
  },
  {
    "name": "Require(5) node_modules/egg-i18n/config/config.default.js",
    "start": 1576004134920,
    "end": 1576004134920,
    "duration": 0,
    "pid": 4423,
    "index": 8
  },
  {
    "name": "Require(6) node_modules/egg-watcher/config/config.default.js",
    "start": 1576004134921,
    "end": 1576004134921,
    "duration": 0,
    "pid": 4423,
    "index": 9
  },
  {
    "name": "Require(7) node_modules/egg-schedule/config/config.default.js",
    "start": 1576004134921,
    "end": 1576004134921,
    "duration": 0,
    "pid": 4423,
    "index": 10
  },
  {
    "name": "Require(8) node_modules/egg-multipart/config/config.default.js",
    "start": 1576004134921,
    "end": 1576004134922,
    "duration": 1,
    "pid": 4423,
    "index": 11
  },
  {
    "name": "Require(9) node_modules/egg-development/config/config.default.js",
    "start": 1576004134922,
    "end": 1576004134922,
    "duration": 0,
    "pid": 4423,
    "index": 12
  },
  {
    "name": "Require(10) node_modules/egg-logrotator/config/config.default.js",
    "start": 1576004134922,
    "end": 1576004134922,
    "duration": 0,
    "pid": 4423,
    "index": 13
  },
  {
    "name": "Require(11) node_modules/egg-static/config/config.default.js",
    "start": 1576004134923,
    "end": 1576004134923,
    "duration": 0,
    "pid": 4423,
    "index": 14
  },
  {
    "name": "Require(12) node_modules/egg-view/config/config.default.js",
    "start": 1576004134923,
    "end": 1576004134923,
    "duration": 0,
    "pid": 4423,
    "index": 15
  },
  {
    "name": "Require(13) node_modules/egg-view-ejs/config/config.default.js",
    "start": 1576004134923,
    "end": 1576004134923,
    "duration": 0,
    "pid": 4423,
    "index": 16
  },
  {
    "name": "Require(14) node_modules/egg-mysql/config/config.default.js",
    "start": 1576004134924,
    "end": 1576004134924,
    "duration": 0,
    "pid": 4423,
    "index": 17
  },
  {
    "name": "Require(15) node_modules/egg-validate/config/config.default.js",
    "start": 1576004134924,
    "end": 1576004134924,
    "duration": 0,
    "pid": 4423,
    "index": 18
  },
  {
    "name": "Require(16) node_modules/egg-jwt/config/config.default.js",
    "start": 1576004134924,
    "end": 1576004134924,
    "duration": 0,
    "pid": 4423,
    "index": 19
  },
  {
    "name": "Require(17) node_modules/egg/config/config.default.js",
    "start": 1576004134924,
    "end": 1576004134925,
    "duration": 1,
    "pid": 4423,
    "index": 20
  },
  {
    "name": "Require(18) config/config.default.js",
    "start": 1576004134927,
    "end": 1576004134927,
    "duration": 0,
    "pid": 4423,
    "index": 21
  },
  {
    "name": "Require(19) node_modules/egg-security/config/config.local.js",
    "start": 1576004134927,
    "end": 1576004134927,
    "duration": 0,
    "pid": 4423,
    "index": 22
  },
  {
    "name": "Require(20) node_modules/egg-watcher/config/config.local.js",
    "start": 1576004134927,
    "end": 1576004134928,
    "duration": 1,
    "pid": 4423,
    "index": 23
  },
  {
    "name": "Require(21) node_modules/egg-view/config/config.local.js",
    "start": 1576004134928,
    "end": 1576004134928,
    "duration": 0,
    "pid": 4423,
    "index": 24
  },
  {
    "name": "Require(22) node_modules/egg-view-ejs/config/config.local.js",
    "start": 1576004134928,
    "end": 1576004134928,
    "duration": 0,
    "pid": 4423,
    "index": 25
  },
  {
    "name": "Require(23) node_modules/egg/config/config.local.js",
    "start": 1576004134928,
    "end": 1576004134928,
    "duration": 0,
    "pid": 4423,
    "index": 26
  },
  {
    "name": "Load extend/application.js",
    "start": 1576004134929,
    "end": 1576004134948,
    "duration": 19,
    "pid": 4423,
    "index": 27
  },
  {
    "name": "Require(24) node_modules/egg-session/app/extend/application.js",
    "start": 1576004134930,
    "end": 1576004134930,
    "duration": 0,
    "pid": 4423,
    "index": 28
  },
  {
    "name": "Require(25) node_modules/egg-security/app/extend/application.js",
    "start": 1576004134930,
    "end": 1576004134930,
    "duration": 0,
    "pid": 4423,
    "index": 29
  },
  {
    "name": "Require(26) node_modules/egg-jsonp/app/extend/application.js",
    "start": 1576004134930,
    "end": 1576004134931,
    "duration": 1,
    "pid": 4423,
    "index": 30
  },
  {
    "name": "Require(27) node_modules/egg-logrotator/app/extend/application.js",
    "start": 1576004134931,
    "end": 1576004134932,
    "duration": 1,
    "pid": 4423,
    "index": 31
  },
  {
    "name": "Require(28) node_modules/egg-view/app/extend/application.js",
    "start": 1576004134932,
    "end": 1576004134932,
    "duration": 0,
    "pid": 4423,
    "index": 32
  },
  {
    "name": "Require(29) node_modules/egg-jwt/app/extend/application.js",
    "start": 1576004134932,
    "end": 1576004134948,
    "duration": 16,
    "pid": 4423,
    "index": 33
  },
  {
    "name": "Load extend/request.js",
    "start": 1576004134948,
    "end": 1576004134950,
    "duration": 2,
    "pid": 4423,
    "index": 34
  },
  {
    "name": "Require(30) node_modules/egg/app/extend/request.js",
    "start": 1576004134949,
    "end": 1576004134949,
    "duration": 0,
    "pid": 4423,
    "index": 35
  },
  {
    "name": "Load extend/response.js",
    "start": 1576004134950,
    "end": 1576004134951,
    "duration": 1,
    "pid": 4423,
    "index": 36
  },
  {
    "name": "Require(31) node_modules/egg/app/extend/response.js",
    "start": 1576004134950,
    "end": 1576004134951,
    "duration": 1,
    "pid": 4423,
    "index": 37
  },
  {
    "name": "Load extend/context.js",
    "start": 1576004134951,
    "end": 1576004134983,
    "duration": 32,
    "pid": 4423,
    "index": 38
  },
  {
    "name": "Require(32) node_modules/egg-security/app/extend/context.js",
    "start": 1576004134951,
    "end": 1576004134954,
    "duration": 3,
    "pid": 4423,
    "index": 39
  },
  {
    "name": "Require(33) node_modules/egg-jsonp/app/extend/context.js",
    "start": 1576004134954,
    "end": 1576004134955,
    "duration": 1,
    "pid": 4423,
    "index": 40
  },
  {
    "name": "Require(34) node_modules/egg-i18n/app/extend/context.js",
    "start": 1576004134955,
    "end": 1576004134955,
    "duration": 0,
    "pid": 4423,
    "index": 41
  },
  {
    "name": "Require(35) node_modules/egg-multipart/app/extend/context.js",
    "start": 1576004134955,
    "end": 1576004134981,
    "duration": 26,
    "pid": 4423,
    "index": 42
  },
  {
    "name": "Require(36) node_modules/egg-view/app/extend/context.js",
    "start": 1576004134981,
    "end": 1576004134982,
    "duration": 1,
    "pid": 4423,
    "index": 43
  },
  {
    "name": "Require(37) node_modules/egg-validate/app/extend/context.js",
    "start": 1576004134982,
    "end": 1576004134982,
    "duration": 0,
    "pid": 4423,
    "index": 44
  },
  {
    "name": "Require(38) node_modules/egg/app/extend/context.js",
    "start": 1576004134982,
    "end": 1576004134983,
    "duration": 1,
    "pid": 4423,
    "index": 45
  },
  {
    "name": "Load extend/helper.js",
    "start": 1576004134983,
    "end": 1576004134992,
    "duration": 9,
    "pid": 4423,
    "index": 46
  },
  {
    "name": "Require(39) node_modules/egg-security/app/extend/helper.js",
    "start": 1576004134983,
    "end": 1576004134990,
    "duration": 7,
    "pid": 4423,
    "index": 47
  },
  {
    "name": "Require(40) node_modules/egg/app/extend/helper.js",
    "start": 1576004134991,
    "end": 1576004134991,
    "duration": 0,
    "pid": 4423,
    "index": 48
  },
  {
    "name": "Load app.js",
    "start": 1576004134992,
    "end": 1576004135013,
    "duration": 21,
    "pid": 4423,
    "index": 49
  },
  {
    "name": "Require(41) node_modules/egg-session/app.js",
    "start": 1576004134992,
    "end": 1576004134992,
    "duration": 0,
    "pid": 4423,
    "index": 50
  },
  {
    "name": "Require(42) node_modules/egg-security/app.js",
    "start": 1576004134992,
    "end": 1576004134993,
    "duration": 1,
    "pid": 4423,
    "index": 51
  },
  {
    "name": "Require(43) node_modules/egg-onerror/app.js",
    "start": 1576004134993,
    "end": 1576004134996,
    "duration": 3,
    "pid": 4423,
    "index": 52
  },
  {
    "name": "Require(44) node_modules/egg-i18n/app.js",
    "start": 1576004134996,
    "end": 1576004135001,
    "duration": 5,
    "pid": 4423,
    "index": 53
  },
  {
    "name": "Require(45) node_modules/egg-watcher/app.js",
    "start": 1576004135001,
    "end": 1576004135002,
    "duration": 1,
    "pid": 4423,
    "index": 54
  },
  {
    "name": "Require(46) node_modules/egg-schedule/app.js",
    "start": 1576004135002,
    "end": 1576004135003,
    "duration": 1,
    "pid": 4423,
    "index": 55
  },
  {
    "name": "Require(47) node_modules/egg-multipart/app.js",
    "start": 1576004135003,
    "end": 1576004135004,
    "duration": 1,
    "pid": 4423,
    "index": 56
  },
  {
    "name": "Require(48) node_modules/egg-development/app.js",
    "start": 1576004135004,
    "end": 1576004135004,
    "duration": 0,
    "pid": 4423,
    "index": 57
  },
  {
    "name": "Require(49) node_modules/egg-logrotator/app.js",
    "start": 1576004135004,
    "end": 1576004135004,
    "duration": 0,
    "pid": 4423,
    "index": 58
  },
  {
    "name": "Require(50) node_modules/egg-static/app.js",
    "start": 1576004135004,
    "end": 1576004135004,
    "duration": 0,
    "pid": 4423,
    "index": 59
  },
  {
    "name": "Require(51) node_modules/egg-view-ejs/app.js",
    "start": 1576004135005,
    "end": 1576004135005,
    "duration": 0,
    "pid": 4423,
    "index": 60
  },
  {
    "name": "Require(52) node_modules/egg-mysql/app.js",
    "start": 1576004135005,
    "end": 1576004135011,
    "duration": 6,
    "pid": 4423,
    "index": 61
  },
  {
    "name": "Require(53) node_modules/egg-validate/app.js",
    "start": 1576004135012,
    "end": 1576004135012,
    "duration": 0,
    "pid": 4423,
    "index": 62
  },
  {
    "name": "Require(54) node_modules/egg-jwt/app.js",
    "start": 1576004135012,
    "end": 1576004135013,
    "duration": 1,
    "pid": 4423,
    "index": 63
  },
  {
    "name": "Before Start in node_modules/egg-watcher/lib/init.js:15:14",
    "start": 1576004135021,
    "end": 1576004135129,
    "duration": 108,
    "pid": 4423,
    "index": 64
  },
  {
    "name": "Before Start in node_modules/egg-mysql/lib/mysql.js:20:7",
    "start": 1576004135070,
    "end": 1576004135132,
    "duration": 62,
    "pid": 4423,
    "index": 65
  },
  {
    "name": "Load Service",
    "start": 1576004135070,
    "end": 1576004135076,
    "duration": 6,
    "pid": 4423,
    "index": 66
  },
  {
    "name": "Load \"service\" to Context",
    "start": 1576004135070,
    "end": 1576004135076,
    "duration": 6,
    "pid": 4423,
    "index": 67
  },
  {
    "name": "Load Middleware",
    "start": 1576004135076,
    "end": 1576004135104,
    "duration": 28,
    "pid": 4423,
    "index": 68
  },
  {
    "name": "Load \"middlewares\" to Application",
    "start": 1576004135076,
    "end": 1576004135099,
    "duration": 23,
    "pid": 4423,
    "index": 69
  },
  {
    "name": "Load Controller",
    "start": 1576004135104,
    "end": 1576004135109,
    "duration": 5,
    "pid": 4423,
    "index": 70
  },
  {
    "name": "Load \"controller\" to Application",
    "start": 1576004135104,
    "end": 1576004135109,
    "duration": 5,
    "pid": 4423,
    "index": 71
  },
  {
    "name": "Load Router",
    "start": 1576004135109,
    "end": 1576004135111,
    "duration": 2,
    "pid": 4423,
    "index": 72
  },
  {
    "name": "Require(55) app/router.js",
    "start": 1576004135109,
    "end": 1576004135110,
    "duration": 1,
    "pid": 4423,
    "index": 73
  },
  {
    "name": "Before Start in node_modules/egg-core/lib/egg.js:303:10",
    "start": 1576004135110,
    "end": 1576004135119,
    "duration": 9,
    "pid": 4423,
    "index": 74
  }
]