[
  {
    "name": "Application Start",
    "start": 1576000572471,
    "end": 1576000572710,
    "duration": 239,
    "pid": 3105,
    "index": 0
  },
  {
    "name": "Load Plugin",
    "start": 1576000572474,
    "end": 1576000572480,
    "duration": 6,
    "pid": 3105,
    "index": 1
  },
  {
    "name": "Load Config",
    "start": 1576000572480,
    "end": 1576000572490,
    "duration": 10,
    "pid": 3105,
    "index": 2
  },
  {
    "name": "Require(0) config/config.default.js",
    "start": 1576000572481,
    "end": 1576000572481,
    "duration": 0,
    "pid": 3105,
    "index": 3
  },
  {
    "name": "Require(1) node_modules/egg-session/config/config.default.js",
    "start": 1576000572482,
    "end": 1576000572482,
    "duration": 0,
    "pid": 3105,
    "index": 4
  },
  {
    "name": "Require(2) node_modules/egg-security/config/config.default.js",
    "start": 1576000572482,
    "end": 1576000572482,
    "duration": 0,
    "pid": 3105,
    "index": 5
  },
  {
    "name": "Require(3) node_modules/egg-jsonp/config/config.default.js",
    "start": 1576000572483,
    "end": 1576000572483,
    "duration": 0,
    "pid": 3105,
    "index": 6
  },
  {
    "name": "Require(4) node_modules/egg-onerror/config/config.default.js",
    "start": 1576000572483,
    "end": 1576000572483,
    "duration": 0,
    "pid": 3105,
    "index": 7
  },
  {
    "name": "Require(5) node_modules/egg-i18n/config/config.default.js",
    "start": 1576000572483,
    "end": 1576000572483,
    "duration": 0,
    "pid": 3105,
    "index": 8
  },
  {
    "name": "Require(6) node_modules/egg-watcher/config/config.default.js",
    "start": 1576000572484,
    "end": 1576000572484,
    "duration": 0,
    "pid": 3105,
    "index": 9
  },
  {
    "name": "Require(7) node_modules/egg-schedule/config/config.default.js",
    "start": 1576000572484,
    "end": 1576000572484,
    "duration": 0,
    "pid": 3105,
    "index": 10
  },
  {
    "name": "Require(8) node_modules/egg-multipart/config/config.default.js",
    "start": 1576000572485,
    "end": 1576000572485,
    "duration": 0,
    "pid": 3105,
    "index": 11
  },
  {
    "name": "Require(9) node_modules/egg-development/config/config.default.js",
    "start": 1576000572485,
    "end": 1576000572485,
    "duration": 0,
    "pid": 3105,
    "index": 12
  },
  {
    "name": "Require(10) node_modules/egg-logrotator/config/config.default.js",
    "start": 1576000572485,
    "end": 1576000572485,
    "duration": 0,
    "pid": 3105,
    "index": 13
  },
  {
    "name": "Require(11) node_modules/egg-static/config/config.default.js",
    "start": 1576000572485,
    "end": 1576000572486,
    "duration": 1,
    "pid": 3105,
    "index": 14
  },
  {
    "name": "Require(12) node_modules/egg-view/config/config.default.js",
    "start": 1576000572486,
    "end": 1576000572486,
    "duration": 0,
    "pid": 3105,
    "index": 15
  },
  {
    "name": "Require(13) node_modules/egg-view-ejs/config/config.default.js",
    "start": 1576000572486,
    "end": 1576000572486,
    "duration": 0,
    "pid": 3105,
    "index": 16
  },
  {
    "name": "Require(14) node_modules/egg-mysql/config/config.default.js",
    "start": 1576000572486,
    "end": 1576000572486,
    "duration": 0,
    "pid": 3105,
    "index": 17
  },
  {
    "name": "Require(15) node_modules/egg-validate/config/config.default.js",
    "start": 1576000572487,
    "end": 1576000572487,
    "duration": 0,
    "pid": 3105,
    "index": 18
  },
  {
    "name": "Require(16) node_modules/egg-jwt/config/config.default.js",
    "start": 1576000572487,
    "end": 1576000572487,
    "duration": 0,
    "pid": 3105,
    "index": 19
  },
  {
    "name": "Require(17) node_modules/egg/config/config.default.js",
    "start": 1576000572487,
    "end": 1576000572487,
    "duration": 0,
    "pid": 3105,
    "index": 20
  },
  {
    "name": "Require(18) config/config.default.js",
    "start": 1576000572488,
    "end": 1576000572488,
    "duration": 0,
    "pid": 3105,
    "index": 21
  },
  {
    "name": "Require(19) node_modules/egg-security/config/config.local.js",
    "start": 1576000572488,
    "end": 1576000572488,
    "duration": 0,
    "pid": 3105,
    "index": 22
  },
  {
    "name": "Require(20) node_modules/egg-watcher/config/config.local.js",
    "start": 1576000572489,
    "end": 1576000572489,
    "duration": 0,
    "pid": 3105,
    "index": 23
  },
  {
    "name": "Require(21) node_modules/egg-view/config/config.local.js",
    "start": 1576000572489,
    "end": 1576000572489,
    "duration": 0,
    "pid": 3105,
    "index": 24
  },
  {
    "name": "Require(22) node_modules/egg-view-ejs/config/config.local.js",
    "start": 1576000572489,
    "end": 1576000572489,
    "duration": 0,
    "pid": 3105,
    "index": 25
  },
  {
    "name": "Require(23) node_modules/egg/config/config.local.js",
    "start": 1576000572489,
    "end": 1576000572490,
    "duration": 1,
    "pid": 3105,
    "index": 26
  },
  {
    "name": "Load extend/application.js",
    "start": 1576000572491,
    "end": 1576000572511,
    "duration": 20,
    "pid": 3105,
    "index": 27
  },
  {
    "name": "Require(24) node_modules/egg-session/app/extend/application.js",
    "start": 1576000572491,
    "end": 1576000572491,
    "duration": 0,
    "pid": 3105,
    "index": 28
  },
  {
    "name": "Require(25) node_modules/egg-security/app/extend/application.js",
    "start": 1576000572491,
    "end": 1576000572492,
    "duration": 1,
    "pid": 3105,
    "index": 29
  },
  {
    "name": "Require(26) node_modules/egg-jsonp/app/extend/application.js",
    "start": 1576000572492,
    "end": 1576000572492,
    "duration": 0,
    "pid": 3105,
    "index": 30
  },
  {
    "name": "Require(27) node_modules/egg-logrotator/app/extend/application.js",
    "start": 1576000572492,
    "end": 1576000572493,
    "duration": 1,
    "pid": 3105,
    "index": 31
  },
  {
    "name": "Require(28) node_modules/egg-view/app/extend/application.js",
    "start": 1576000572493,
    "end": 1576000572493,
    "duration": 0,
    "pid": 3105,
    "index": 32
  },
  {
    "name": "Require(29) node_modules/egg-jwt/app/extend/application.js",
    "start": 1576000572493,
    "end": 1576000572510,
    "duration": 17,
    "pid": 3105,
    "index": 33
  },
  {
    "name": "Load extend/request.js",
    "start": 1576000572511,
    "end": 1576000572512,
    "duration": 1,
    "pid": 3105,
    "index": 34
  },
  {
    "name": "Require(30) node_modules/egg/app/extend/request.js",
    "start": 1576000572511,
    "end": 1576000572512,
    "duration": 1,
    "pid": 3105,
    "index": 35
  },
  {
    "name": "Load extend/response.js",
    "start": 1576000572512,
    "end": 1576000572514,
    "duration": 2,
    "pid": 3105,
    "index": 36
  },
  {
    "name": "Require(31) node_modules/egg/app/extend/response.js",
    "start": 1576000572513,
    "end": 1576000572513,
    "duration": 0,
    "pid": 3105,
    "index": 37
  },
  {
    "name": "Load extend/context.js",
    "start": 1576000572514,
    "end": 1576000572547,
    "duration": 33,
    "pid": 3105,
    "index": 38
  },
  {
    "name": "Require(32) node_modules/egg-security/app/extend/context.js",
    "start": 1576000572514,
    "end": 1576000572518,
    "duration": 4,
    "pid": 3105,
    "index": 39
  },
  {
    "name": "Require(33) node_modules/egg-jsonp/app/extend/context.js",
    "start": 1576000572518,
    "end": 1576000572519,
    "duration": 1,
    "pid": 3105,
    "index": 40
  },
  {
    "name": "Require(34) node_modules/egg-i18n/app/extend/context.js",
    "start": 1576000572519,
    "end": 1576000572519,
    "duration": 0,
    "pid": 3105,
    "index": 41
  },
  {
    "name": "Require(35) node_modules/egg-multipart/app/extend/context.js",
    "start": 1576000572519,
    "end": 1576000572545,
    "duration": 26,
    "pid": 3105,
    "index": 42
  },
  {
    "name": "Require(36) node_modules/egg-view/app/extend/context.js",
    "start": 1576000572545,
    "end": 1576000572545,
    "duration": 0,
    "pid": 3105,
    "index": 43
  },
  {
    "name": "Require(37) node_modules/egg-validate/app/extend/context.js",
    "start": 1576000572545,
    "end": 1576000572546,
    "duration": 1,
    "pid": 3105,
    "index": 44
  },
  {
    "name": "Require(38) node_modules/egg/app/extend/context.js",
    "start": 1576000572546,
    "end": 1576000572546,
    "duration": 0,
    "pid": 3105,
    "index": 45
  },
  {
    "name": "Load extend/helper.js",
    "start": 1576000572547,
    "end": 1576000572554,
    "duration": 7,
    "pid": 3105,
    "index": 46
  },
  {
    "name": "Require(39) node_modules/egg-security/app/extend/helper.js",
    "start": 1576000572547,
    "end": 1576000572553,
    "duration": 6,
    "pid": 3105,
    "index": 47
  },
  {
    "name": "Require(40) node_modules/egg/app/extend/helper.js",
    "start": 1576000572553,
    "end": 1576000572554,
    "duration": 1,
    "pid": 3105,
    "index": 48
  },
  {
    "name": "Load app.js",
    "start": 1576000572554,
    "end": 1576000572574,
    "duration": 20,
    "pid": 3105,
    "index": 49
  },
  {
    "name": "Require(41) node_modules/egg-session/app.js",
    "start": 1576000572555,
    "end": 1576000572555,
    "duration": 0,
    "pid": 3105,
    "index": 50
  },
  {
    "name": "Require(42) node_modules/egg-security/app.js",
    "start": 1576000572555,
    "end": 1576000572555,
    "duration": 0,
    "pid": 3105,
    "index": 51
  },
  {
    "name": "Require(43) node_modules/egg-onerror/app.js",
    "start": 1576000572555,
    "end": 1576000572558,
    "duration": 3,
    "pid": 3105,
    "index": 52
  },
  {
    "name": "Require(44) node_modules/egg-i18n/app.js",
    "start": 1576000572558,
    "end": 1576000572564,
    "duration": 6,
    "pid": 3105,
    "index": 53
  },
  {
    "name": "Require(45) node_modules/egg-watcher/app.js",
    "start": 1576000572564,
    "end": 1576000572565,
    "duration": 1,
    "pid": 3105,
    "index": 54
  },
  {
    "name": "Require(46) node_modules/egg-schedule/app.js",
    "start": 1576000572565,
    "end": 1576000572565,
    "duration": 0,
    "pid": 3105,
    "index": 55
  },
  {
    "name": "Require(47) node_modules/egg-multipart/app.js",
    "start": 1576000572565,
    "end": 1576000572566,
    "duration": 1,
    "pid": 3105,
    "index": 56
  },
  {
    "name": "Require(48) node_modules/egg-development/app.js",
    "start": 1576000572566,
    "end": 1576000572566,
    "duration": 0,
    "pid": 3105,
    "index": 57
  },
  {
    "name": "Require(49) node_modules/egg-logrotator/app.js",
    "start": 1576000572566,
    "end": 1576000572566,
    "duration": 0,
    "pid": 3105,
    "index": 58
  },
  {
    "name": "Require(50) node_modules/egg-static/app.js",
    "start": 1576000572567,
    "end": 1576000572567,
    "duration": 0,
    "pid": 3105,
    "index": 59
  },
  {
    "name": "Require(51) node_modules/egg-view-ejs/app.js",
    "start": 1576000572567,
    "end": 1576000572567,
    "duration": 0,
    "pid": 3105,
    "index": 60
  },
  {
    "name": "Require(52) node_modules/egg-mysql/app.js",
    "start": 1576000572567,
    "end": 1576000572572,
    "duration": 5,
    "pid": 3105,
    "index": 61
  },
  {
    "name": "Require(53) node_modules/egg-validate/app.js",
    "start": 1576000572573,
    "end": 1576000572573,
    "duration": 0,
    "pid": 3105,
    "index": 62
  },
  {
    "name": "Require(54) node_modules/egg-jwt/app.js",
    "start": 1576000572573,
    "end": 1576000572574,
    "duration": 1,
    "pid": 3105,
    "index": 63
  },
  {
    "name": "Before Start in node_modules/egg-watcher/lib/init.js:15:14",
    "start": 1576000572584,
    "end": 1576000572708,
    "duration": 124,
    "pid": 3105,
    "index": 64
  },
  {
    "name": "Before Start in node_modules/egg-mysql/lib/mysql.js:20:7",
    "start": 1576000572639,
    "end": 1576000572709,
    "duration": 70,
    "pid": 3105,
    "index": 65
  },
  {
    "name": "Load Service",
    "start": 1576000572639,
    "end": 1576000572645,
    "duration": 6,
    "pid": 3105,
    "index": 66
  },
  {
    "name": "Load \"service\" to Context",
    "start": 1576000572639,
    "end": 1576000572645,
    "duration": 6,
    "pid": 3105,
    "index": 67
  },
  {
    "name": "Load Middleware",
    "start": 1576000572646,
    "end": 1576000572677,
    "duration": 31,
    "pid": 3105,
    "index": 68
  },
  {
    "name": "Load \"middlewares\" to Application",
    "start": 1576000572646,
    "end": 1576000572671,
    "duration": 25,
    "pid": 3105,
    "index": 69
  },
  {
    "name": "Load Controller",
    "start": 1576000572677,
    "end": 1576000572682,
    "duration": 5,
    "pid": 3105,
    "index": 70
  },
  {
    "name": "Load \"controller\" to Application",
    "start": 1576000572677,
    "end": 1576000572682,
    "duration": 5,
    "pid": 3105,
    "index": 71
  },
  {
    "name": "Load Router",
    "start": 1576000572682,
    "end": 1576000572684,
    "duration": 2,
    "pid": 3105,
    "index": 72
  },
  {
    "name": "Require(55) app/router.js",
    "start": 1576000572682,
    "end": 1576000572683,
    "duration": 1,
    "pid": 3105,
    "index": 73
  },
  {
    "name": "Before Start in node_modules/egg-core/lib/egg.js:303:10",
    "start": 1576000572683,
    "end": 1576000572697,
    "duration": 14,
    "pid": 3105,
    "index": 74
  }
]