[
  {
    "name": "Application Start",
    "start": 1576005372384,
    "end": 1576005372642,
    "duration": 258,
    "pid": 4831,
    "index": 0
  },
  {
    "name": "Load Plugin",
    "start": 1576005372387,
    "end": 1576005372394,
    "duration": 7,
    "pid": 4831,
    "index": 1
  },
  {
    "name": "Load Config",
    "start": 1576005372394,
    "end": 1576005372405,
    "duration": 11,
    "pid": 4831,
    "index": 2
  },
  {
    "name": "Require(0) config/config.default.js",
    "start": 1576005372394,
    "end": 1576005372395,
    "duration": 1,
    "pid": 4831,
    "index": 3
  },
  {
    "name": "Require(1) node_modules/egg-session/config/config.default.js",
    "start": 1576005372396,
    "end": 1576005372396,
    "duration": 0,
    "pid": 4831,
    "index": 4
  },
  {
    "name": "Require(2) node_modules/egg-security/config/config.default.js",
    "start": 1576005372396,
    "end": 1576005372396,
    "duration": 0,
    "pid": 4831,
    "index": 5
  },
  {
    "name": "Require(3) node_modules/egg-jsonp/config/config.default.js",
    "start": 1576005372397,
    "end": 1576005372397,
    "duration": 0,
    "pid": 4831,
    "index": 6
  },
  {
    "name": "Require(4) node_modules/egg-onerror/config/config.default.js",
    "start": 1576005372397,
    "end": 1576005372397,
    "duration": 0,
    "pid": 4831,
    "index": 7
  },
  {
    "name": "Require(5) node_modules/egg-i18n/config/config.default.js",
    "start": 1576005372397,
    "end": 1576005372397,
    "duration": 0,
    "pid": 4831,
    "index": 8
  },
  {
    "name": "Require(6) node_modules/egg-watcher/config/config.default.js",
    "start": 1576005372398,
    "end": 1576005372398,
    "duration": 0,
    "pid": 4831,
    "index": 9
  },
  {
    "name": "Require(7) node_modules/egg-schedule/config/config.default.js",
    "start": 1576005372398,
    "end": 1576005372398,
    "duration": 0,
    "pid": 4831,
    "index": 10
  },
  {
    "name": "Require(8) node_modules/egg-multipart/config/config.default.js",
    "start": 1576005372398,
    "end": 1576005372399,
    "duration": 1,
    "pid": 4831,
    "index": 11
  },
  {
    "name": "Require(9) node_modules/egg-development/config/config.default.js",
    "start": 1576005372399,
    "end": 1576005372399,
    "duration": 0,
    "pid": 4831,
    "index": 12
  },
  {
    "name": "Require(10) node_modules/egg-logrotator/config/config.default.js",
    "start": 1576005372399,
    "end": 1576005372399,
    "duration": 0,
    "pid": 4831,
    "index": 13
  },
  {
    "name": "Require(11) node_modules/egg-static/config/config.default.js",
    "start": 1576005372400,
    "end": 1576005372400,
    "duration": 0,
    "pid": 4831,
    "index": 14
  },
  {
    "name": "Require(12) node_modules/egg-view/config/config.default.js",
    "start": 1576005372400,
    "end": 1576005372400,
    "duration": 0,
    "pid": 4831,
    "index": 15
  },
  {
    "name": "Require(13) node_modules/egg-view-ejs/config/config.default.js",
    "start": 1576005372400,
    "end": 1576005372401,
    "duration": 1,
    "pid": 4831,
    "index": 16
  },
  {
    "name": "Require(14) node_modules/egg-mysql/config/config.default.js",
    "start": 1576005372401,
    "end": 1576005372401,
    "duration": 0,
    "pid": 4831,
    "index": 17
  },
  {
    "name": "Require(15) node_modules/egg-validate/config/config.default.js",
    "start": 1576005372401,
    "end": 1576005372401,
    "duration": 0,
    "pid": 4831,
    "index": 18
  },
  {
    "name": "Require(16) node_modules/egg-jwt/config/config.default.js",
    "start": 1576005372401,
    "end": 1576005372402,
    "duration": 1,
    "pid": 4831,
    "index": 19
  },
  {
    "name": "Require(17) node_modules/egg/config/config.default.js",
    "start": 1576005372402,
    "end": 1576005372402,
    "duration": 0,
    "pid": 4831,
    "index": 20
  },
  {
    "name": "Require(18) config/config.default.js",
    "start": 1576005372403,
    "end": 1576005372403,
    "duration": 0,
    "pid": 4831,
    "index": 21
  },
  {
    "name": "Require(19) node_modules/egg-security/config/config.local.js",
    "start": 1576005372404,
    "end": 1576005372404,
    "duration": 0,
    "pid": 4831,
    "index": 22
  },
  {
    "name": "Require(20) node_modules/egg-watcher/config/config.local.js",
    "start": 1576005372404,
    "end": 1576005372404,
    "duration": 0,
    "pid": 4831,
    "index": 23
  },
  {
    "name": "Require(21) node_modules/egg-view/config/config.local.js",
    "start": 1576005372404,
    "end": 1576005372405,
    "duration": 1,
    "pid": 4831,
    "index": 24
  },
  {
    "name": "Require(22) node_modules/egg-view-ejs/config/config.local.js",
    "start": 1576005372405,
    "end": 1576005372405,
    "duration": 0,
    "pid": 4831,
    "index": 25
  },
  {
    "name": "Require(23) node_modules/egg/config/config.local.js",
    "start": 1576005372405,
    "end": 1576005372405,
    "duration": 0,
    "pid": 4831,
    "index": 26
  },
  {
    "name": "Load extend/application.js",
    "start": 1576005372406,
    "end": 1576005372427,
    "duration": 21,
    "pid": 4831,
    "index": 27
  },
  {
    "name": "Require(24) node_modules/egg-session/app/extend/application.js",
    "start": 1576005372407,
    "end": 1576005372407,
    "duration": 0,
    "pid": 4831,
    "index": 28
  },
  {
    "name": "Require(25) node_modules/egg-security/app/extend/application.js",
    "start": 1576005372407,
    "end": 1576005372407,
    "duration": 0,
    "pid": 4831,
    "index": 29
  },
  {
    "name": "Require(26) node_modules/egg-jsonp/app/extend/application.js",
    "start": 1576005372407,
    "end": 1576005372408,
    "duration": 1,
    "pid": 4831,
    "index": 30
  },
  {
    "name": "Require(27) node_modules/egg-logrotator/app/extend/application.js",
    "start": 1576005372408,
    "end": 1576005372409,
    "duration": 1,
    "pid": 4831,
    "index": 31
  },
  {
    "name": "Require(28) node_modules/egg-view/app/extend/application.js",
    "start": 1576005372409,
    "end": 1576005372409,
    "duration": 0,
    "pid": 4831,
    "index": 32
  },
  {
    "name": "Require(29) node_modules/egg-jwt/app/extend/application.js",
    "start": 1576005372410,
    "end": 1576005372426,
    "duration": 16,
    "pid": 4831,
    "index": 33
  },
  {
    "name": "Load extend/request.js",
    "start": 1576005372427,
    "end": 1576005372429,
    "duration": 2,
    "pid": 4831,
    "index": 34
  },
  {
    "name": "Require(30) node_modules/egg/app/extend/request.js",
    "start": 1576005372427,
    "end": 1576005372428,
    "duration": 1,
    "pid": 4831,
    "index": 35
  },
  {
    "name": "Load extend/response.js",
    "start": 1576005372429,
    "end": 1576005372432,
    "duration": 3,
    "pid": 4831,
    "index": 36
  },
  {
    "name": "Require(31) node_modules/egg/app/extend/response.js",
    "start": 1576005372429,
    "end": 1576005372430,
    "duration": 1,
    "pid": 4831,
    "index": 37
  },
  {
    "name": "Load extend/context.js",
    "start": 1576005372432,
    "end": 1576005372469,
    "duration": 37,
    "pid": 4831,
    "index": 38
  },
  {
    "name": "Require(32) node_modules/egg-security/app/extend/context.js",
    "start": 1576005372432,
    "end": 1576005372435,
    "duration": 3,
    "pid": 4831,
    "index": 39
  },
  {
    "name": "Require(33) node_modules/egg-jsonp/app/extend/context.js",
    "start": 1576005372436,
    "end": 1576005372436,
    "duration": 0,
    "pid": 4831,
    "index": 40
  },
  {
    "name": "Require(34) node_modules/egg-i18n/app/extend/context.js",
    "start": 1576005372436,
    "end": 1576005372437,
    "duration": 1,
    "pid": 4831,
    "index": 41
  },
  {
    "name": "Require(35) node_modules/egg-multipart/app/extend/context.js",
    "start": 1576005372437,
    "end": 1576005372466,
    "duration": 29,
    "pid": 4831,
    "index": 42
  },
  {
    "name": "Require(36) node_modules/egg-view/app/extend/context.js",
    "start": 1576005372466,
    "end": 1576005372467,
    "duration": 1,
    "pid": 4831,
    "index": 43
  },
  {
    "name": "Require(37) node_modules/egg-validate/app/extend/context.js",
    "start": 1576005372467,
    "end": 1576005372467,
    "duration": 0,
    "pid": 4831,
    "index": 44
  },
  {
    "name": "Require(38) node_modules/egg/app/extend/context.js",
    "start": 1576005372467,
    "end": 1576005372468,
    "duration": 1,
    "pid": 4831,
    "index": 45
  },
  {
    "name": "Load extend/helper.js",
    "start": 1576005372469,
    "end": 1576005372478,
    "duration": 9,
    "pid": 4831,
    "index": 46
  },
  {
    "name": "Require(39) node_modules/egg-security/app/extend/helper.js",
    "start": 1576005372469,
    "end": 1576005372476,
    "duration": 7,
    "pid": 4831,
    "index": 47
  },
  {
    "name": "Require(40) node_modules/egg/app/extend/helper.js",
    "start": 1576005372477,
    "end": 1576005372477,
    "duration": 0,
    "pid": 4831,
    "index": 48
  },
  {
    "name": "Load app.js",
    "start": 1576005372478,
    "end": 1576005372501,
    "duration": 23,
    "pid": 4831,
    "index": 49
  },
  {
    "name": "Require(41) node_modules/egg-session/app.js",
    "start": 1576005372478,
    "end": 1576005372478,
    "duration": 0,
    "pid": 4831,
    "index": 50
  },
  {
    "name": "Require(42) node_modules/egg-security/app.js",
    "start": 1576005372478,
    "end": 1576005372479,
    "duration": 1,
    "pid": 4831,
    "index": 51
  },
  {
    "name": "Require(43) node_modules/egg-onerror/app.js",
    "start": 1576005372479,
    "end": 1576005372482,
    "duration": 3,
    "pid": 4831,
    "index": 52
  },
  {
    "name": "Require(44) node_modules/egg-i18n/app.js",
    "start": 1576005372483,
    "end": 1576005372488,
    "duration": 5,
    "pid": 4831,
    "index": 53
  },
  {
    "name": "Require(45) node_modules/egg-watcher/app.js",
    "start": 1576005372488,
    "end": 1576005372490,
    "duration": 2,
    "pid": 4831,
    "index": 54
  },
  {
    "name": "Require(46) node_modules/egg-schedule/app.js",
    "start": 1576005372490,
    "end": 1576005372490,
    "duration": 0,
    "pid": 4831,
    "index": 55
  },
  {
    "name": "Require(47) node_modules/egg-multipart/app.js",
    "start": 1576005372490,
    "end": 1576005372491,
    "duration": 1,
    "pid": 4831,
    "index": 56
  },
  {
    "name": "Require(48) node_modules/egg-development/app.js",
    "start": 1576005372491,
    "end": 1576005372492,
    "duration": 1,
    "pid": 4831,
    "index": 57
  },
  {
    "name": "Require(49) node_modules/egg-logrotator/app.js",
    "start": 1576005372492,
    "end": 1576005372492,
    "duration": 0,
    "pid": 4831,
    "index": 58
  },
  {
    "name": "Require(50) node_modules/egg-static/app.js",
    "start": 1576005372492,
    "end": 1576005372492,
    "duration": 0,
    "pid": 4831,
    "index": 59
  },
  {
    "name": "Require(51) node_modules/egg-view-ejs/app.js",
    "start": 1576005372492,
    "end": 1576005372492,
    "duration": 0,
    "pid": 4831,
    "index": 60
  },
  {
    "name": "Require(52) node_modules/egg-mysql/app.js",
    "start": 1576005372492,
    "end": 1576005372499,
    "duration": 7,
    "pid": 4831,
    "index": 61
  },
  {
    "name": "Require(53) node_modules/egg-validate/app.js",
    "start": 1576005372499,
    "end": 1576005372500,
    "duration": 1,
    "pid": 4831,
    "index": 62
  },
  {
    "name": "Require(54) node_modules/egg-jwt/app.js",
    "start": 1576005372500,
    "end": 1576005372501,
    "duration": 1,
    "pid": 4831,
    "index": 63
  },
  {
    "name": "Before Start in node_modules/egg-watcher/lib/init.js:15:14",
    "start": 1576005372511,
    "end": 1576005372640,
    "duration": 129,
    "pid": 4831,
    "index": 64
  },
  {
    "name": "Before Start in node_modules/egg-mysql/lib/mysql.js:20:7",
    "start": 1576005372567,
    "end": 1576005372641,
    "duration": 74,
    "pid": 4831,
    "index": 65
  },
  {
    "name": "Load Service",
    "start": 1576005372567,
    "end": 1576005372574,
    "duration": 7,
    "pid": 4831,
    "index": 66
  },
  {
    "name": "Load \"service\" to Context",
    "start": 1576005372567,
    "end": 1576005372574,
    "duration": 7,
    "pid": 4831,
    "index": 67
  },
  {
    "name": "Load Middleware",
    "start": 1576005372574,
    "end": 1576005372611,
    "duration": 37,
    "pid": 4831,
    "index": 68
  },
  {
    "name": "Load \"middlewares\" to Application",
    "start": 1576005372574,
    "end": 1576005372604,
    "duration": 30,
    "pid": 4831,
    "index": 69
  },
  {
    "name": "Load Controller",
    "start": 1576005372611,
    "end": 1576005372617,
    "duration": 6,
    "pid": 4831,
    "index": 70
  },
  {
    "name": "Load \"controller\" to Application",
    "start": 1576005372611,
    "end": 1576005372617,
    "duration": 6,
    "pid": 4831,
    "index": 71
  },
  {
    "name": "Load Router",
    "start": 1576005372617,
    "end": 1576005372619,
    "duration": 2,
    "pid": 4831,
    "index": 72
  },
  {
    "name": "Require(55) app/router.js",
    "start": 1576005372617,
    "end": 1576005372617,
    "duration": 0,
    "pid": 4831,
    "index": 73
  },
  {
    "name": "Before Start in node_modules/egg-core/lib/egg.js:303:10",
    "start": 1576005372617,
    "end": 1576005372628,
    "duration": 11,
    "pid": 4831,
    "index": 74
  }
]