[
  {
    "name": "Application Start",
    "start": 1576002484875,
    "end": 1576002485132,
    "duration": 257,
    "pid": 3838,
    "index": 0
  },
  {
    "name": "Load Plugin",
    "start": 1576002484879,
    "end": 1576002484885,
    "duration": 6,
    "pid": 3838,
    "index": 1
  },
  {
    "name": "Load Config",
    "start": 1576002484886,
    "end": 1576002484896,
    "duration": 10,
    "pid": 3838,
    "index": 2
  },
  {
    "name": "Require(0) config/config.default.js",
    "start": 1576002484886,
    "end": 1576002484887,
    "duration": 1,
    "pid": 3838,
    "index": 3
  },
  {
    "name": "Require(1) node_modules/egg-session/config/config.default.js",
    "start": 1576002484888,
    "end": 1576002484888,
    "duration": 0,
    "pid": 3838,
    "index": 4
  },
  {
    "name": "Require(2) node_modules/egg-security/config/config.default.js",
    "start": 1576002484888,
    "end": 1576002484888,
    "duration": 0,
    "pid": 3838,
    "index": 5
  },
  {
    "name": "Require(3) node_modules/egg-jsonp/config/config.default.js",
    "start": 1576002484889,
    "end": 1576002484889,
    "duration": 0,
    "pid": 3838,
    "index": 6
  },
  {
    "name": "Require(4) node_modules/egg-onerror/config/config.default.js",
    "start": 1576002484889,
    "end": 1576002484889,
    "duration": 0,
    "pid": 3838,
    "index": 7
  },
  {
    "name": "Require(5) node_modules/egg-i18n/config/config.default.js",
    "start": 1576002484889,
    "end": 1576002484889,
    "duration": 0,
    "pid": 3838,
    "index": 8
  },
  {
    "name": "Require(6) node_modules/egg-watcher/config/config.default.js",
    "start": 1576002484890,
    "end": 1576002484890,
    "duration": 0,
    "pid": 3838,
    "index": 9
  },
  {
    "name": "Require(7) node_modules/egg-schedule/config/config.default.js",
    "start": 1576002484890,
    "end": 1576002484890,
    "duration": 0,
    "pid": 3838,
    "index": 10
  },
  {
    "name": "Require(8) node_modules/egg-multipart/config/config.default.js",
    "start": 1576002484890,
    "end": 1576002484890,
    "duration": 0,
    "pid": 3838,
    "index": 11
  },
  {
    "name": "Require(9) node_modules/egg-development/config/config.default.js",
    "start": 1576002484891,
    "end": 1576002484891,
    "duration": 0,
    "pid": 3838,
    "index": 12
  },
  {
    "name": "Require(10) node_modules/egg-logrotator/config/config.default.js",
    "start": 1576002484891,
    "end": 1576002484891,
    "duration": 0,
    "pid": 3838,
    "index": 13
  },
  {
    "name": "Require(11) node_modules/egg-static/config/config.default.js",
    "start": 1576002484891,
    "end": 1576002484891,
    "duration": 0,
    "pid": 3838,
    "index": 14
  },
  {
    "name": "Require(12) node_modules/egg-view/config/config.default.js",
    "start": 1576002484891,
    "end": 1576002484891,
    "duration": 0,
    "pid": 3838,
    "index": 15
  },
  {
    "name": "Require(13) node_modules/egg-view-ejs/config/config.default.js",
    "start": 1576002484892,
    "end": 1576002484892,
    "duration": 0,
    "pid": 3838,
    "index": 16
  },
  {
    "name": "Require(14) node_modules/egg-mysql/config/config.default.js",
    "start": 1576002484892,
    "end": 1576002484892,
    "duration": 0,
    "pid": 3838,
    "index": 17
  },
  {
    "name": "Require(15) node_modules/egg-validate/config/config.default.js",
    "start": 1576002484892,
    "end": 1576002484892,
    "duration": 0,
    "pid": 3838,
    "index": 18
  },
  {
    "name": "Require(16) node_modules/egg-jwt/config/config.default.js",
    "start": 1576002484892,
    "end": 1576002484893,
    "duration": 1,
    "pid": 3838,
    "index": 19
  },
  {
    "name": "Require(17) node_modules/egg/config/config.default.js",
    "start": 1576002484893,
    "end": 1576002484893,
    "duration": 0,
    "pid": 3838,
    "index": 20
  },
  {
    "name": "Require(18) config/config.default.js",
    "start": 1576002484894,
    "end": 1576002484894,
    "duration": 0,
    "pid": 3838,
    "index": 21
  },
  {
    "name": "Require(19) node_modules/egg-security/config/config.local.js",
    "start": 1576002484894,
    "end": 1576002484895,
    "duration": 1,
    "pid": 3838,
    "index": 22
  },
  {
    "name": "Require(20) node_modules/egg-watcher/config/config.local.js",
    "start": 1576002484895,
    "end": 1576002484895,
    "duration": 0,
    "pid": 3838,
    "index": 23
  },
  {
    "name": "Require(21) node_modules/egg-view/config/config.local.js",
    "start": 1576002484895,
    "end": 1576002484895,
    "duration": 0,
    "pid": 3838,
    "index": 24
  },
  {
    "name": "Require(22) node_modules/egg-view-ejs/config/config.local.js",
    "start": 1576002484895,
    "end": 1576002484896,
    "duration": 1,
    "pid": 3838,
    "index": 25
  },
  {
    "name": "Require(23) node_modules/egg/config/config.local.js",
    "start": 1576002484896,
    "end": 1576002484896,
    "duration": 0,
    "pid": 3838,
    "index": 26
  },
  {
    "name": "Load extend/application.js",
    "start": 1576002484897,
    "end": 1576002484917,
    "duration": 20,
    "pid": 3838,
    "index": 27
  },
  {
    "name": "Require(24) node_modules/egg-session/app/extend/application.js",
    "start": 1576002484897,
    "end": 1576002484898,
    "duration": 1,
    "pid": 3838,
    "index": 28
  },
  {
    "name": "Require(25) node_modules/egg-security/app/extend/application.js",
    "start": 1576002484898,
    "end": 1576002484898,
    "duration": 0,
    "pid": 3838,
    "index": 29
  },
  {
    "name": "Require(26) node_modules/egg-jsonp/app/extend/application.js",
    "start": 1576002484898,
    "end": 1576002484899,
    "duration": 1,
    "pid": 3838,
    "index": 30
  },
  {
    "name": "Require(27) node_modules/egg-logrotator/app/extend/application.js",
    "start": 1576002484899,
    "end": 1576002484899,
    "duration": 0,
    "pid": 3838,
    "index": 31
  },
  {
    "name": "Require(28) node_modules/egg-view/app/extend/application.js",
    "start": 1576002484899,
    "end": 1576002484900,
    "duration": 1,
    "pid": 3838,
    "index": 32
  },
  {
    "name": "Require(29) node_modules/egg-jwt/app/extend/application.js",
    "start": 1576002484900,
    "end": 1576002484916,
    "duration": 16,
    "pid": 3838,
    "index": 33
  },
  {
    "name": "Load extend/request.js",
    "start": 1576002484917,
    "end": 1576002484919,
    "duration": 2,
    "pid": 3838,
    "index": 34
  },
  {
    "name": "Require(30) node_modules/egg/app/extend/request.js",
    "start": 1576002484918,
    "end": 1576002484918,
    "duration": 0,
    "pid": 3838,
    "index": 35
  },
  {
    "name": "Load extend/response.js",
    "start": 1576002484919,
    "end": 1576002484922,
    "duration": 3,
    "pid": 3838,
    "index": 36
  },
  {
    "name": "Require(31) node_modules/egg/app/extend/response.js",
    "start": 1576002484921,
    "end": 1576002484921,
    "duration": 0,
    "pid": 3838,
    "index": 37
  },
  {
    "name": "Load extend/context.js",
    "start": 1576002484922,
    "end": 1576002484957,
    "duration": 35,
    "pid": 3838,
    "index": 38
  },
  {
    "name": "Require(32) node_modules/egg-security/app/extend/context.js",
    "start": 1576002484922,
    "end": 1576002484925,
    "duration": 3,
    "pid": 3838,
    "index": 39
  },
  {
    "name": "Require(33) node_modules/egg-jsonp/app/extend/context.js",
    "start": 1576002484925,
    "end": 1576002484926,
    "duration": 1,
    "pid": 3838,
    "index": 40
  },
  {
    "name": "Require(34) node_modules/egg-i18n/app/extend/context.js",
    "start": 1576002484926,
    "end": 1576002484926,
    "duration": 0,
    "pid": 3838,
    "index": 41
  },
  {
    "name": "Require(35) node_modules/egg-multipart/app/extend/context.js",
    "start": 1576002484926,
    "end": 1576002484954,
    "duration": 28,
    "pid": 3838,
    "index": 42
  },
  {
    "name": "Require(36) node_modules/egg-view/app/extend/context.js",
    "start": 1576002484954,
    "end": 1576002484955,
    "duration": 1,
    "pid": 3838,
    "index": 43
  },
  {
    "name": "Require(37) node_modules/egg-validate/app/extend/context.js",
    "start": 1576002484955,
    "end": 1576002484955,
    "duration": 0,
    "pid": 3838,
    "index": 44
  },
  {
    "name": "Require(38) node_modules/egg/app/extend/context.js",
    "start": 1576002484955,
    "end": 1576002484956,
    "duration": 1,
    "pid": 3838,
    "index": 45
  },
  {
    "name": "Load extend/helper.js",
    "start": 1576002484957,
    "end": 1576002484965,
    "duration": 8,
    "pid": 3838,
    "index": 46
  },
  {
    "name": "Require(39) node_modules/egg-security/app/extend/helper.js",
    "start": 1576002484957,
    "end": 1576002484964,
    "duration": 7,
    "pid": 3838,
    "index": 47
  },
  {
    "name": "Require(40) node_modules/egg/app/extend/helper.js",
    "start": 1576002484965,
    "end": 1576002484965,
    "duration": 0,
    "pid": 3838,
    "index": 48
  },
  {
    "name": "Load app.js",
    "start": 1576002484966,
    "end": 1576002484990,
    "duration": 24,
    "pid": 3838,
    "index": 49
  },
  {
    "name": "Require(41) node_modules/egg-session/app.js",
    "start": 1576002484966,
    "end": 1576002484966,
    "duration": 0,
    "pid": 3838,
    "index": 50
  },
  {
    "name": "Require(42) node_modules/egg-security/app.js",
    "start": 1576002484966,
    "end": 1576002484967,
    "duration": 1,
    "pid": 3838,
    "index": 51
  },
  {
    "name": "Require(43) node_modules/egg-onerror/app.js",
    "start": 1576002484967,
    "end": 1576002484971,
    "duration": 4,
    "pid": 3838,
    "index": 52
  },
  {
    "name": "Require(44) node_modules/egg-i18n/app.js",
    "start": 1576002484971,
    "end": 1576002484977,
    "duration": 6,
    "pid": 3838,
    "index": 53
  },
  {
    "name": "Require(45) node_modules/egg-watcher/app.js",
    "start": 1576002484977,
    "end": 1576002484978,
    "duration": 1,
    "pid": 3838,
    "index": 54
  },
  {
    "name": "Require(46) node_modules/egg-schedule/app.js",
    "start": 1576002484978,
    "end": 1576002484979,
    "duration": 1,
    "pid": 3838,
    "index": 55
  },
  {
    "name": "Require(47) node_modules/egg-multipart/app.js",
    "start": 1576002484979,
    "end": 1576002484980,
    "duration": 1,
    "pid": 3838,
    "index": 56
  },
  {
    "name": "Require(48) node_modules/egg-development/app.js",
    "start": 1576002484980,
    "end": 1576002484980,
    "duration": 0,
    "pid": 3838,
    "index": 57
  },
  {
    "name": "Require(49) node_modules/egg-logrotator/app.js",
    "start": 1576002484980,
    "end": 1576002484980,
    "duration": 0,
    "pid": 3838,
    "index": 58
  },
  {
    "name": "Require(50) node_modules/egg-static/app.js",
    "start": 1576002484980,
    "end": 1576002484980,
    "duration": 0,
    "pid": 3838,
    "index": 59
  },
  {
    "name": "Require(51) node_modules/egg-view-ejs/app.js",
    "start": 1576002484981,
    "end": 1576002484981,
    "duration": 0,
    "pid": 3838,
    "index": 60
  },
  {
    "name": "Require(52) node_modules/egg-mysql/app.js",
    "start": 1576002484981,
    "end": 1576002484988,
    "duration": 7,
    "pid": 3838,
    "index": 61
  },
  {
    "name": "Require(53) node_modules/egg-validate/app.js",
    "start": 1576002484988,
    "end": 1576002484989,
    "duration": 1,
    "pid": 3838,
    "index": 62
  },
  {
    "name": "Require(54) node_modules/egg-jwt/app.js",
    "start": 1576002484989,
    "end": 1576002484989,
    "duration": 0,
    "pid": 3838,
    "index": 63
  },
  {
    "name": "Before Start in node_modules/egg-watcher/lib/init.js:15:14",
    "start": 1576002484999,
    "end": 1576002485130,
    "duration": 131,
    "pid": 3838,
    "index": 64
  },
  {
    "name": "Before Start in node_modules/egg-mysql/lib/mysql.js:20:7",
    "start": 1576002485061,
    "end": 1576002485131,
    "duration": 70,
    "pid": 3838,
    "index": 65
  },
  {
    "name": "Load Service",
    "start": 1576002485062,
    "end": 1576002485068,
    "duration": 6,
    "pid": 3838,
    "index": 66
  },
  {
    "name": "Load \"service\" to Context",
    "start": 1576002485062,
    "end": 1576002485068,
    "duration": 6,
    "pid": 3838,
    "index": 67
  },
  {
    "name": "Load Middleware",
    "start": 1576002485068,
    "end": 1576002485101,
    "duration": 33,
    "pid": 3838,
    "index": 68
  },
  {
    "name": "Load \"middlewares\" to Application",
    "start": 1576002485069,
    "end": 1576002485095,
    "duration": 26,
    "pid": 3838,
    "index": 69
  },
  {
    "name": "Load Controller",
    "start": 1576002485101,
    "end": 1576002485107,
    "duration": 6,
    "pid": 3838,
    "index": 70
  },
  {
    "name": "Load \"controller\" to Application",
    "start": 1576002485101,
    "end": 1576002485107,
    "duration": 6,
    "pid": 3838,
    "index": 71
  },
  {
    "name": "Load Router",
    "start": 1576002485107,
    "end": 1576002485109,
    "duration": 2,
    "pid": 3838,
    "index": 72
  },
  {
    "name": "Require(55) app/router.js",
    "start": 1576002485107,
    "end": 1576002485107,
    "duration": 0,
    "pid": 3838,
    "index": 73
  },
  {
    "name": "Before Start in node_modules/egg-core/lib/egg.js:303:10",
    "start": 1576002485108,
    "end": 1576002485118,
    "duration": 10,
    "pid": 3838,
    "index": 74
  }
]