[
  {
    "name": "Application Start",
    "start": 1575998752765,
    "end": 1575998753058,
    "duration": 293,
    "pid": 720,
    "index": 0
  },
  {
    "name": "Load Plugin",
    "start": 1575998752769,
    "end": 1575998752775,
    "duration": 6,
    "pid": 720,
    "index": 1
  },
  {
    "name": "Load Config",
    "start": 1575998752775,
    "end": 1575998752787,
    "duration": 12,
    "pid": 720,
    "index": 2
  },
  {
    "name": "Require(0) config/config.default.js",
    "start": 1575998752776,
    "end": 1575998752776,
    "duration": 0,
    "pid": 720,
    "index": 3
  },
  {
    "name": "Require(1) node_modules/egg-session/config/config.default.js",
    "start": 1575998752778,
    "end": 1575998752778,
    "duration": 0,
    "pid": 720,
    "index": 4
  },
  {
    "name": "Require(2) node_modules/egg-security/config/config.default.js",
    "start": 1575998752778,
    "end": 1575998752778,
    "duration": 0,
    "pid": 720,
    "index": 5
  },
  {
    "name": "Require(3) node_modules/egg-jsonp/config/config.default.js",
    "start": 1575998752779,
    "end": 1575998752779,
    "duration": 0,
    "pid": 720,
    "index": 6
  },
  {
    "name": "Require(4) node_modules/egg-onerror/config/config.default.js",
    "start": 1575998752779,
    "end": 1575998752779,
    "duration": 0,
    "pid": 720,
    "index": 7
  },
  {
    "name": "Require(5) node_modules/egg-i18n/config/config.default.js",
    "start": 1575998752779,
    "end": 1575998752779,
    "duration": 0,
    "pid": 720,
    "index": 8
  },
  {
    "name": "Require(6) node_modules/egg-watcher/config/config.default.js",
    "start": 1575998752780,
    "end": 1575998752780,
    "duration": 0,
    "pid": 720,
    "index": 9
  },
  {
    "name": "Require(7) node_modules/egg-schedule/config/config.default.js",
    "start": 1575998752780,
    "end": 1575998752780,
    "duration": 0,
    "pid": 720,
    "index": 10
  },
  {
    "name": "Require(8) node_modules/egg-multipart/config/config.default.js",
    "start": 1575998752780,
    "end": 1575998752780,
    "duration": 0,
    "pid": 720,
    "index": 11
  },
  {
    "name": "Require(9) node_modules/egg-development/config/config.default.js",
    "start": 1575998752781,
    "end": 1575998752781,
    "duration": 0,
    "pid": 720,
    "index": 12
  },
  {
    "name": "Require(10) node_modules/egg-logrotator/config/config.default.js",
    "start": 1575998752781,
    "end": 1575998752781,
    "duration": 0,
    "pid": 720,
    "index": 13
  },
  {
    "name": "Require(11) node_modules/egg-static/config/config.default.js",
    "start": 1575998752781,
    "end": 1575998752781,
    "duration": 0,
    "pid": 720,
    "index": 14
  },
  {
    "name": "Require(12) node_modules/egg-view/config/config.default.js",
    "start": 1575998752782,
    "end": 1575998752782,
    "duration": 0,
    "pid": 720,
    "index": 15
  },
  {
    "name": "Require(13) node_modules/egg-view-ejs/config/config.default.js",
    "start": 1575998752782,
    "end": 1575998752782,
    "duration": 0,
    "pid": 720,
    "index": 16
  },
  {
    "name": "Require(14) node_modules/egg-mysql/config/config.default.js",
    "start": 1575998752782,
    "end": 1575998752782,
    "duration": 0,
    "pid": 720,
    "index": 17
  },
  {
    "name": "Require(15) node_modules/egg-validate/config/config.default.js",
    "start": 1575998752784,
    "end": 1575998752784,
    "duration": 0,
    "pid": 720,
    "index": 18
  },
  {
    "name": "Require(16) node_modules/egg-jwt/config/config.default.js",
    "start": 1575998752784,
    "end": 1575998752784,
    "duration": 0,
    "pid": 720,
    "index": 19
  },
  {
    "name": "Require(17) node_modules/egg/config/config.default.js",
    "start": 1575998752784,
    "end": 1575998752785,
    "duration": 1,
    "pid": 720,
    "index": 20
  },
  {
    "name": "Require(18) config/config.default.js",
    "start": 1575998752785,
    "end": 1575998752785,
    "duration": 0,
    "pid": 720,
    "index": 21
  },
  {
    "name": "Require(19) node_modules/egg-security/config/config.local.js",
    "start": 1575998752786,
    "end": 1575998752786,
    "duration": 0,
    "pid": 720,
    "index": 22
  },
  {
    "name": "Require(20) node_modules/egg-watcher/config/config.local.js",
    "start": 1575998752786,
    "end": 1575998752786,
    "duration": 0,
    "pid": 720,
    "index": 23
  },
  {
    "name": "Require(21) node_modules/egg-view/config/config.local.js",
    "start": 1575998752786,
    "end": 1575998752787,
    "duration": 1,
    "pid": 720,
    "index": 24
  },
  {
    "name": "Require(22) node_modules/egg-view-ejs/config/config.local.js",
    "start": 1575998752787,
    "end": 1575998752787,
    "duration": 0,
    "pid": 720,
    "index": 25
  },
  {
    "name": "Require(23) node_modules/egg/config/config.local.js",
    "start": 1575998752787,
    "end": 1575998752787,
    "duration": 0,
    "pid": 720,
    "index": 26
  },
  {
    "name": "Load extend/application.js",
    "start": 1575998752788,
    "end": 1575998752815,
    "duration": 27,
    "pid": 720,
    "index": 27
  },
  {
    "name": "Require(24) node_modules/egg-session/app/extend/application.js",
    "start": 1575998752788,
    "end": 1575998752789,
    "duration": 1,
    "pid": 720,
    "index": 28
  },
  {
    "name": "Require(25) node_modules/egg-security/app/extend/application.js",
    "start": 1575998752789,
    "end": 1575998752789,
    "duration": 0,
    "pid": 720,
    "index": 29
  },
  {
    "name": "Require(26) node_modules/egg-jsonp/app/extend/application.js",
    "start": 1575998752790,
    "end": 1575998752790,
    "duration": 0,
    "pid": 720,
    "index": 30
  },
  {
    "name": "Require(27) node_modules/egg-logrotator/app/extend/application.js",
    "start": 1575998752791,
    "end": 1575998752791,
    "duration": 0,
    "pid": 720,
    "index": 31
  },
  {
    "name": "Require(28) node_modules/egg-view/app/extend/application.js",
    "start": 1575998752791,
    "end": 1575998752792,
    "duration": 1,
    "pid": 720,
    "index": 32
  },
  {
    "name": "Require(29) node_modules/egg-jwt/app/extend/application.js",
    "start": 1575998752793,
    "end": 1575998752814,
    "duration": 21,
    "pid": 720,
    "index": 33
  },
  {
    "name": "Load extend/request.js",
    "start": 1575998752815,
    "end": 1575998752817,
    "duration": 2,
    "pid": 720,
    "index": 34
  },
  {
    "name": "Require(30) node_modules/egg/app/extend/request.js",
    "start": 1575998752815,
    "end": 1575998752816,
    "duration": 1,
    "pid": 720,
    "index": 35
  },
  {
    "name": "Load extend/response.js",
    "start": 1575998752817,
    "end": 1575998752819,
    "duration": 2,
    "pid": 720,
    "index": 36
  },
  {
    "name": "Require(31) node_modules/egg/app/extend/response.js",
    "start": 1575998752817,
    "end": 1575998752818,
    "duration": 1,
    "pid": 720,
    "index": 37
  },
  {
    "name": "Load extend/context.js",
    "start": 1575998752819,
    "end": 1575998752853,
    "duration": 34,
    "pid": 720,
    "index": 38
  },
  {
    "name": "Require(32) node_modules/egg-security/app/extend/context.js",
    "start": 1575998752819,
    "end": 1575998752822,
    "duration": 3,
    "pid": 720,
    "index": 39
  },
  {
    "name": "Require(33) node_modules/egg-jsonp/app/extend/context.js",
    "start": 1575998752822,
    "end": 1575998752823,
    "duration": 1,
    "pid": 720,
    "index": 40
  },
  {
    "name": "Require(34) node_modules/egg-i18n/app/extend/context.js",
    "start": 1575998752823,
    "end": 1575998752823,
    "duration": 0,
    "pid": 720,
    "index": 41
  },
  {
    "name": "Require(35) node_modules/egg-multipart/app/extend/context.js",
    "start": 1575998752823,
    "end": 1575998752851,
    "duration": 28,
    "pid": 720,
    "index": 42
  },
  {
    "name": "Require(36) node_modules/egg-view/app/extend/context.js",
    "start": 1575998752851,
    "end": 1575998752852,
    "duration": 1,
    "pid": 720,
    "index": 43
  },
  {
    "name": "Require(37) node_modules/egg-validate/app/extend/context.js",
    "start": 1575998752852,
    "end": 1575998752852,
    "duration": 0,
    "pid": 720,
    "index": 44
  },
  {
    "name": "Require(38) node_modules/egg/app/extend/context.js",
    "start": 1575998752852,
    "end": 1575998752853,
    "duration": 1,
    "pid": 720,
    "index": 45
  },
  {
    "name": "Load extend/helper.js",
    "start": 1575998752853,
    "end": 1575998752868,
    "duration": 15,
    "pid": 720,
    "index": 46
  },
  {
    "name": "Require(39) node_modules/egg-security/app/extend/helper.js",
    "start": 1575998752854,
    "end": 1575998752866,
    "duration": 12,
    "pid": 720,
    "index": 47
  },
  {
    "name": "Require(40) node_modules/egg/app/extend/helper.js",
    "start": 1575998752867,
    "end": 1575998752867,
    "duration": 0,
    "pid": 720,
    "index": 48
  },
  {
    "name": "Load app.js",
    "start": 1575998752868,
    "end": 1575998752899,
    "duration": 31,
    "pid": 720,
    "index": 49
  },
  {
    "name": "Require(41) node_modules/egg-session/app.js",
    "start": 1575998752868,
    "end": 1575998752869,
    "duration": 1,
    "pid": 720,
    "index": 50
  },
  {
    "name": "Require(42) node_modules/egg-security/app.js",
    "start": 1575998752869,
    "end": 1575998752870,
    "duration": 1,
    "pid": 720,
    "index": 51
  },
  {
    "name": "Require(43) node_modules/egg-onerror/app.js",
    "start": 1575998752870,
    "end": 1575998752875,
    "duration": 5,
    "pid": 720,
    "index": 52
  },
  {
    "name": "Require(44) node_modules/egg-i18n/app.js",
    "start": 1575998752876,
    "end": 1575998752884,
    "duration": 8,
    "pid": 720,
    "index": 53
  },
  {
    "name": "Require(45) node_modules/egg-watcher/app.js",
    "start": 1575998752885,
    "end": 1575998752886,
    "duration": 1,
    "pid": 720,
    "index": 54
  },
  {
    "name": "Require(46) node_modules/egg-schedule/app.js",
    "start": 1575998752886,
    "end": 1575998752887,
    "duration": 1,
    "pid": 720,
    "index": 55
  },
  {
    "name": "Require(47) node_modules/egg-multipart/app.js",
    "start": 1575998752887,
    "end": 1575998752888,
    "duration": 1,
    "pid": 720,
    "index": 56
  },
  {
    "name": "Require(48) node_modules/egg-development/app.js",
    "start": 1575998752888,
    "end": 1575998752889,
    "duration": 1,
    "pid": 720,
    "index": 57
  },
  {
    "name": "Require(49) node_modules/egg-logrotator/app.js",
    "start": 1575998752889,
    "end": 1575998752889,
    "duration": 0,
    "pid": 720,
    "index": 58
  },
  {
    "name": "Require(50) node_modules/egg-static/app.js",
    "start": 1575998752889,
    "end": 1575998752889,
    "duration": 0,
    "pid": 720,
    "index": 59
  },
  {
    "name": "Require(51) node_modules/egg-view-ejs/app.js",
    "start": 1575998752890,
    "end": 1575998752890,
    "duration": 0,
    "pid": 720,
    "index": 60
  },
  {
    "name": "Require(52) node_modules/egg-mysql/app.js",
    "start": 1575998752890,
    "end": 1575998752897,
    "duration": 7,
    "pid": 720,
    "index": 61
  },
  {
    "name": "Require(53) node_modules/egg-validate/app.js",
    "start": 1575998752897,
    "end": 1575998752898,
    "duration": 1,
    "pid": 720,
    "index": 62
  },
  {
    "name": "Require(54) node_modules/egg-jwt/app.js",
    "start": 1575998752898,
    "end": 1575998752899,
    "duration": 1,
    "pid": 720,
    "index": 63
  },
  {
    "name": "Before Start in node_modules/egg-watcher/lib/init.js:15:14",
    "start": 1575998752910,
    "end": 1575998753051,
    "duration": 141,
    "pid": 720,
    "index": 64
  },
  {
    "name": "Before Start in node_modules/egg-mysql/lib/mysql.js:20:7",
    "start": 1575998752971,
    "end": 1575998753058,
    "duration": 87,
    "pid": 720,
    "index": 65
  },
  {
    "name": "Load Service",
    "start": 1575998752971,
    "end": 1575998752977,
    "duration": 6,
    "pid": 720,
    "index": 66
  },
  {
    "name": "Load \"service\" to Context",
    "start": 1575998752971,
    "end": 1575998752977,
    "duration": 6,
    "pid": 720,
    "index": 67
  },
  {
    "name": "Load Middleware",
    "start": 1575998752977,
    "end": 1575998753023,
    "duration": 46,
    "pid": 720,
    "index": 68
  },
  {
    "name": "Load \"middlewares\" to Application",
    "start": 1575998752978,
    "end": 1575998753018,
    "duration": 40,
    "pid": 720,
    "index": 69
  },
  {
    "name": "Load Controller",
    "start": 1575998753023,
    "end": 1575998753029,
    "duration": 6,
    "pid": 720,
    "index": 70
  },
  {
    "name": "Load \"controller\" to Application",
    "start": 1575998753024,
    "end": 1575998753029,
    "duration": 5,
    "pid": 720,
    "index": 71
  },
  {
    "name": "Load Router",
    "start": 1575998753029,
    "end": 1575998753033,
    "duration": 4,
    "pid": 720,
    "index": 72
  },
  {
    "name": "Require(55) app/router.js",
    "start": 1575998753029,
    "end": 1575998753030,
    "duration": 1,
    "pid": 720,
    "index": 73
  },
  {
    "name": "Before Start in node_modules/egg-core/lib/egg.js:303:10",
    "start": 1575998753030,
    "end": 1575998753041,
    "duration": 11,
    "pid": 720,
    "index": 74
  }
]