[
  {
    "name": "Application Start",
    "start": 1576003437707,
    "end": 1576003437941,
    "duration": 234,
    "pid": 4179,
    "index": 0
  },
  {
    "name": "Load Plugin",
    "start": 1576003437711,
    "end": 1576003437718,
    "duration": 7,
    "pid": 4179,
    "index": 1
  },
  {
    "name": "Load Config",
    "start": 1576003437718,
    "end": 1576003437727,
    "duration": 9,
    "pid": 4179,
    "index": 2
  },
  {
    "name": "Require(0) config/config.default.js",
    "start": 1576003437718,
    "end": 1576003437718,
    "duration": 0,
    "pid": 4179,
    "index": 3
  },
  {
    "name": "Require(1) node_modules/egg-session/config/config.default.js",
    "start": 1576003437719,
    "end": 1576003437720,
    "duration": 1,
    "pid": 4179,
    "index": 4
  },
  {
    "name": "Require(2) node_modules/egg-security/config/config.default.js",
    "start": 1576003437720,
    "end": 1576003437720,
    "duration": 0,
    "pid": 4179,
    "index": 5
  },
  {
    "name": "Require(3) node_modules/egg-jsonp/config/config.default.js",
    "start": 1576003437720,
    "end": 1576003437721,
    "duration": 1,
    "pid": 4179,
    "index": 6
  },
  {
    "name": "Require(4) node_modules/egg-onerror/config/config.default.js",
    "start": 1576003437721,
    "end": 1576003437721,
    "duration": 0,
    "pid": 4179,
    "index": 7
  },
  {
    "name": "Require(5) node_modules/egg-i18n/config/config.default.js",
    "start": 1576003437721,
    "end": 1576003437721,
    "duration": 0,
    "pid": 4179,
    "index": 8
  },
  {
    "name": "Require(6) node_modules/egg-watcher/config/config.default.js",
    "start": 1576003437722,
    "end": 1576003437722,
    "duration": 0,
    "pid": 4179,
    "index": 9
  },
  {
    "name": "Require(7) node_modules/egg-schedule/config/config.default.js",
    "start": 1576003437722,
    "end": 1576003437722,
    "duration": 0,
    "pid": 4179,
    "index": 10
  },
  {
    "name": "Require(8) node_modules/egg-multipart/config/config.default.js",
    "start": 1576003437722,
    "end": 1576003437722,
    "duration": 0,
    "pid": 4179,
    "index": 11
  },
  {
    "name": "Require(9) node_modules/egg-development/config/config.default.js",
    "start": 1576003437723,
    "end": 1576003437723,
    "duration": 0,
    "pid": 4179,
    "index": 12
  },
  {
    "name": "Require(10) node_modules/egg-logrotator/config/config.default.js",
    "start": 1576003437723,
    "end": 1576003437723,
    "duration": 0,
    "pid": 4179,
    "index": 13
  },
  {
    "name": "Require(11) node_modules/egg-static/config/config.default.js",
    "start": 1576003437723,
    "end": 1576003437723,
    "duration": 0,
    "pid": 4179,
    "index": 14
  },
  {
    "name": "Require(12) node_modules/egg-view/config/config.default.js",
    "start": 1576003437724,
    "end": 1576003437724,
    "duration": 0,
    "pid": 4179,
    "index": 15
  },
  {
    "name": "Require(13) node_modules/egg-view-ejs/config/config.default.js",
    "start": 1576003437724,
    "end": 1576003437724,
    "duration": 0,
    "pid": 4179,
    "index": 16
  },
  {
    "name": "Require(14) node_modules/egg-mysql/config/config.default.js",
    "start": 1576003437724,
    "end": 1576003437724,
    "duration": 0,
    "pid": 4179,
    "index": 17
  },
  {
    "name": "Require(15) node_modules/egg-validate/config/config.default.js",
    "start": 1576003437724,
    "end": 1576003437725,
    "duration": 1,
    "pid": 4179,
    "index": 18
  },
  {
    "name": "Require(16) node_modules/egg-jwt/config/config.default.js",
    "start": 1576003437725,
    "end": 1576003437725,
    "duration": 0,
    "pid": 4179,
    "index": 19
  },
  {
    "name": "Require(17) node_modules/egg/config/config.default.js",
    "start": 1576003437725,
    "end": 1576003437725,
    "duration": 0,
    "pid": 4179,
    "index": 20
  },
  {
    "name": "Require(18) config/config.default.js",
    "start": 1576003437726,
    "end": 1576003437726,
    "duration": 0,
    "pid": 4179,
    "index": 21
  },
  {
    "name": "Require(19) node_modules/egg-security/config/config.local.js",
    "start": 1576003437726,
    "end": 1576003437726,
    "duration": 0,
    "pid": 4179,
    "index": 22
  },
  {
    "name": "Require(20) node_modules/egg-watcher/config/config.local.js",
    "start": 1576003437726,
    "end": 1576003437727,
    "duration": 1,
    "pid": 4179,
    "index": 23
  },
  {
    "name": "Require(21) node_modules/egg-view/config/config.local.js",
    "start": 1576003437727,
    "end": 1576003437727,
    "duration": 0,
    "pid": 4179,
    "index": 24
  },
  {
    "name": "Require(22) node_modules/egg-view-ejs/config/config.local.js",
    "start": 1576003437727,
    "end": 1576003437727,
    "duration": 0,
    "pid": 4179,
    "index": 25
  },
  {
    "name": "Require(23) node_modules/egg/config/config.local.js",
    "start": 1576003437727,
    "end": 1576003437727,
    "duration": 0,
    "pid": 4179,
    "index": 26
  },
  {
    "name": "Load extend/application.js",
    "start": 1576003437728,
    "end": 1576003437747,
    "duration": 19,
    "pid": 4179,
    "index": 27
  },
  {
    "name": "Require(24) node_modules/egg-session/app/extend/application.js",
    "start": 1576003437729,
    "end": 1576003437729,
    "duration": 0,
    "pid": 4179,
    "index": 28
  },
  {
    "name": "Require(25) node_modules/egg-security/app/extend/application.js",
    "start": 1576003437729,
    "end": 1576003437730,
    "duration": 1,
    "pid": 4179,
    "index": 29
  },
  {
    "name": "Require(26) node_modules/egg-jsonp/app/extend/application.js",
    "start": 1576003437730,
    "end": 1576003437730,
    "duration": 0,
    "pid": 4179,
    "index": 30
  },
  {
    "name": "Require(27) node_modules/egg-logrotator/app/extend/application.js",
    "start": 1576003437730,
    "end": 1576003437731,
    "duration": 1,
    "pid": 4179,
    "index": 31
  },
  {
    "name": "Require(28) node_modules/egg-view/app/extend/application.js",
    "start": 1576003437731,
    "end": 1576003437732,
    "duration": 1,
    "pid": 4179,
    "index": 32
  },
  {
    "name": "Require(29) node_modules/egg-jwt/app/extend/application.js",
    "start": 1576003437732,
    "end": 1576003437747,
    "duration": 15,
    "pid": 4179,
    "index": 33
  },
  {
    "name": "Load extend/request.js",
    "start": 1576003437747,
    "end": 1576003437749,
    "duration": 2,
    "pid": 4179,
    "index": 34
  },
  {
    "name": "Require(30) node_modules/egg/app/extend/request.js",
    "start": 1576003437748,
    "end": 1576003437748,
    "duration": 0,
    "pid": 4179,
    "index": 35
  },
  {
    "name": "Load extend/response.js",
    "start": 1576003437749,
    "end": 1576003437750,
    "duration": 1,
    "pid": 4179,
    "index": 36
  },
  {
    "name": "Require(31) node_modules/egg/app/extend/response.js",
    "start": 1576003437749,
    "end": 1576003437750,
    "duration": 1,
    "pid": 4179,
    "index": 37
  },
  {
    "name": "Load extend/context.js",
    "start": 1576003437750,
    "end": 1576003437785,
    "duration": 35,
    "pid": 4179,
    "index": 38
  },
  {
    "name": "Require(32) node_modules/egg-security/app/extend/context.js",
    "start": 1576003437751,
    "end": 1576003437755,
    "duration": 4,
    "pid": 4179,
    "index": 39
  },
  {
    "name": "Require(33) node_modules/egg-jsonp/app/extend/context.js",
    "start": 1576003437755,
    "end": 1576003437756,
    "duration": 1,
    "pid": 4179,
    "index": 40
  },
  {
    "name": "Require(34) node_modules/egg-i18n/app/extend/context.js",
    "start": 1576003437756,
    "end": 1576003437756,
    "duration": 0,
    "pid": 4179,
    "index": 41
  },
  {
    "name": "Require(35) node_modules/egg-multipart/app/extend/context.js",
    "start": 1576003437756,
    "end": 1576003437781,
    "duration": 25,
    "pid": 4179,
    "index": 42
  },
  {
    "name": "Require(36) node_modules/egg-view/app/extend/context.js",
    "start": 1576003437782,
    "end": 1576003437783,
    "duration": 1,
    "pid": 4179,
    "index": 43
  },
  {
    "name": "Require(37) node_modules/egg-validate/app/extend/context.js",
    "start": 1576003437783,
    "end": 1576003437783,
    "duration": 0,
    "pid": 4179,
    "index": 44
  },
  {
    "name": "Require(38) node_modules/egg/app/extend/context.js",
    "start": 1576003437783,
    "end": 1576003437784,
    "duration": 1,
    "pid": 4179,
    "index": 45
  },
  {
    "name": "Load extend/helper.js",
    "start": 1576003437785,
    "end": 1576003437793,
    "duration": 8,
    "pid": 4179,
    "index": 46
  },
  {
    "name": "Require(39) node_modules/egg-security/app/extend/helper.js",
    "start": 1576003437785,
    "end": 1576003437792,
    "duration": 7,
    "pid": 4179,
    "index": 47
  },
  {
    "name": "Require(40) node_modules/egg/app/extend/helper.js",
    "start": 1576003437792,
    "end": 1576003437792,
    "duration": 0,
    "pid": 4179,
    "index": 48
  },
  {
    "name": "Load app.js",
    "start": 1576003437793,
    "end": 1576003437814,
    "duration": 21,
    "pid": 4179,
    "index": 49
  },
  {
    "name": "Require(41) node_modules/egg-session/app.js",
    "start": 1576003437793,
    "end": 1576003437793,
    "duration": 0,
    "pid": 4179,
    "index": 50
  },
  {
    "name": "Require(42) node_modules/egg-security/app.js",
    "start": 1576003437793,
    "end": 1576003437794,
    "duration": 1,
    "pid": 4179,
    "index": 51
  },
  {
    "name": "Require(43) node_modules/egg-onerror/app.js",
    "start": 1576003437794,
    "end": 1576003437797,
    "duration": 3,
    "pid": 4179,
    "index": 52
  },
  {
    "name": "Require(44) node_modules/egg-i18n/app.js",
    "start": 1576003437797,
    "end": 1576003437803,
    "duration": 6,
    "pid": 4179,
    "index": 53
  },
  {
    "name": "Require(45) node_modules/egg-watcher/app.js",
    "start": 1576003437803,
    "end": 1576003437804,
    "duration": 1,
    "pid": 4179,
    "index": 54
  },
  {
    "name": "Require(46) node_modules/egg-schedule/app.js",
    "start": 1576003437804,
    "end": 1576003437804,
    "duration": 0,
    "pid": 4179,
    "index": 55
  },
  {
    "name": "Require(47) node_modules/egg-multipart/app.js",
    "start": 1576003437805,
    "end": 1576003437805,
    "duration": 0,
    "pid": 4179,
    "index": 56
  },
  {
    "name": "Require(48) node_modules/egg-development/app.js",
    "start": 1576003437805,
    "end": 1576003437806,
    "duration": 1,
    "pid": 4179,
    "index": 57
  },
  {
    "name": "Require(49) node_modules/egg-logrotator/app.js",
    "start": 1576003437806,
    "end": 1576003437806,
    "duration": 0,
    "pid": 4179,
    "index": 58
  },
  {
    "name": "Require(50) node_modules/egg-static/app.js",
    "start": 1576003437806,
    "end": 1576003437806,
    "duration": 0,
    "pid": 4179,
    "index": 59
  },
  {
    "name": "Require(51) node_modules/egg-view-ejs/app.js",
    "start": 1576003437806,
    "end": 1576003437806,
    "duration": 0,
    "pid": 4179,
    "index": 60
  },
  {
    "name": "Require(52) node_modules/egg-mysql/app.js",
    "start": 1576003437806,
    "end": 1576003437812,
    "duration": 6,
    "pid": 4179,
    "index": 61
  },
  {
    "name": "Require(53) node_modules/egg-validate/app.js",
    "start": 1576003437812,
    "end": 1576003437813,
    "duration": 1,
    "pid": 4179,
    "index": 62
  },
  {
    "name": "Require(54) node_modules/egg-jwt/app.js",
    "start": 1576003437813,
    "end": 1576003437813,
    "duration": 0,
    "pid": 4179,
    "index": 63
  },
  {
    "name": "Before Start in node_modules/egg-watcher/lib/init.js:15:14",
    "start": 1576003437821,
    "end": 1576003437939,
    "duration": 118,
    "pid": 4179,
    "index": 64
  },
  {
    "name": "Before Start in node_modules/egg-mysql/lib/mysql.js:20:7",
    "start": 1576003437874,
    "end": 1576003437941,
    "duration": 67,
    "pid": 4179,
    "index": 65
  },
  {
    "name": "Load Service",
    "start": 1576003437874,
    "end": 1576003437880,
    "duration": 6,
    "pid": 4179,
    "index": 66
  },
  {
    "name": "Load \"service\" to Context",
    "start": 1576003437874,
    "end": 1576003437880,
    "duration": 6,
    "pid": 4179,
    "index": 67
  },
  {
    "name": "Load Middleware",
    "start": 1576003437880,
    "end": 1576003437912,
    "duration": 32,
    "pid": 4179,
    "index": 68
  },
  {
    "name": "Load \"middlewares\" to Application",
    "start": 1576003437880,
    "end": 1576003437906,
    "duration": 26,
    "pid": 4179,
    "index": 69
  },
  {
    "name": "Load Controller",
    "start": 1576003437912,
    "end": 1576003437917,
    "duration": 5,
    "pid": 4179,
    "index": 70
  },
  {
    "name": "Load \"controller\" to Application",
    "start": 1576003437912,
    "end": 1576003437917,
    "duration": 5,
    "pid": 4179,
    "index": 71
  },
  {
    "name": "Load Router",
    "start": 1576003437917,
    "end": 1576003437918,
    "duration": 1,
    "pid": 4179,
    "index": 72
  },
  {
    "name": "Require(55) app/router.js",
    "start": 1576003437917,
    "end": 1576003437917,
    "duration": 0,
    "pid": 4179,
    "index": 73
  },
  {
    "name": "Before Start in node_modules/egg-core/lib/egg.js:303:10",
    "start": 1576003437917,
    "end": 1576003437928,
    "duration": 11,
    "pid": 4179,
    "index": 74
  }
]