[
  {
    "name": "Application Start",
    "start": 1576004266357,
    "end": 1576004266563,
    "duration": 206,
    "pid": 4573,
    "index": 0
  },
  {
    "name": "Load Plugin",
    "start": 1576004266359,
    "end": 1576004266365,
    "duration": 6,
    "pid": 4573,
    "index": 1
  },
  {
    "name": "Load Config",
    "start": 1576004266365,
    "end": 1576004266373,
    "duration": 8,
    "pid": 4573,
    "index": 2
  },
  {
    "name": "Require(0) config/config.default.js",
    "start": 1576004266365,
    "end": 1576004266365,
    "duration": 0,
    "pid": 4573,
    "index": 3
  },
  {
    "name": "Require(1) node_modules/egg-session/config/config.default.js",
    "start": 1576004266366,
    "end": 1576004266366,
    "duration": 0,
    "pid": 4573,
    "index": 4
  },
  {
    "name": "Require(2) node_modules/egg-security/config/config.default.js",
    "start": 1576004266366,
    "end": 1576004266367,
    "duration": 1,
    "pid": 4573,
    "index": 5
  },
  {
    "name": "Require(3) node_modules/egg-jsonp/config/config.default.js",
    "start": 1576004266367,
    "end": 1576004266367,
    "duration": 0,
    "pid": 4573,
    "index": 6
  },
  {
    "name": "Require(4) node_modules/egg-onerror/config/config.default.js",
    "start": 1576004266367,
    "end": 1576004266367,
    "duration": 0,
    "pid": 4573,
    "index": 7
  },
  {
    "name": "Require(5) node_modules/egg-i18n/config/config.default.js",
    "start": 1576004266367,
    "end": 1576004266367,
    "duration": 0,
    "pid": 4573,
    "index": 8
  },
  {
    "name": "Require(6) node_modules/egg-watcher/config/config.default.js",
    "start": 1576004266368,
    "end": 1576004266368,
    "duration": 0,
    "pid": 4573,
    "index": 9
  },
  {
    "name": "Require(7) node_modules/egg-schedule/config/config.default.js",
    "start": 1576004266368,
    "end": 1576004266368,
    "duration": 0,
    "pid": 4573,
    "index": 10
  },
  {
    "name": "Require(8) node_modules/egg-multipart/config/config.default.js",
    "start": 1576004266368,
    "end": 1576004266369,
    "duration": 1,
    "pid": 4573,
    "index": 11
  },
  {
    "name": "Require(9) node_modules/egg-development/config/config.default.js",
    "start": 1576004266369,
    "end": 1576004266369,
    "duration": 0,
    "pid": 4573,
    "index": 12
  },
  {
    "name": "Require(10) node_modules/egg-logrotator/config/config.default.js",
    "start": 1576004266369,
    "end": 1576004266369,
    "duration": 0,
    "pid": 4573,
    "index": 13
  },
  {
    "name": "Require(11) node_modules/egg-static/config/config.default.js",
    "start": 1576004266369,
    "end": 1576004266369,
    "duration": 0,
    "pid": 4573,
    "index": 14
  },
  {
    "name": "Require(12) node_modules/egg-view/config/config.default.js",
    "start": 1576004266370,
    "end": 1576004266370,
    "duration": 0,
    "pid": 4573,
    "index": 15
  },
  {
    "name": "Require(13) node_modules/egg-view-ejs/config/config.default.js",
    "start": 1576004266370,
    "end": 1576004266370,
    "duration": 0,
    "pid": 4573,
    "index": 16
  },
  {
    "name": "Require(14) node_modules/egg-mysql/config/config.default.js",
    "start": 1576004266370,
    "end": 1576004266370,
    "duration": 0,
    "pid": 4573,
    "index": 17
  },
  {
    "name": "Require(15) node_modules/egg-validate/config/config.default.js",
    "start": 1576004266370,
    "end": 1576004266371,
    "duration": 1,
    "pid": 4573,
    "index": 18
  },
  {
    "name": "Require(16) node_modules/egg-jwt/config/config.default.js",
    "start": 1576004266371,
    "end": 1576004266371,
    "duration": 0,
    "pid": 4573,
    "index": 19
  },
  {
    "name": "Require(17) node_modules/egg/config/config.default.js",
    "start": 1576004266371,
    "end": 1576004266371,
    "duration": 0,
    "pid": 4573,
    "index": 20
  },
  {
    "name": "Require(18) config/config.default.js",
    "start": 1576004266372,
    "end": 1576004266372,
    "duration": 0,
    "pid": 4573,
    "index": 21
  },
  {
    "name": "Require(19) node_modules/egg-security/config/config.local.js",
    "start": 1576004266372,
    "end": 1576004266372,
    "duration": 0,
    "pid": 4573,
    "index": 22
  },
  {
    "name": "Require(20) node_modules/egg-watcher/config/config.local.js",
    "start": 1576004266372,
    "end": 1576004266372,
    "duration": 0,
    "pid": 4573,
    "index": 23
  },
  {
    "name": "Require(21) node_modules/egg-view/config/config.local.js",
    "start": 1576004266373,
    "end": 1576004266373,
    "duration": 0,
    "pid": 4573,
    "index": 24
  },
  {
    "name": "Require(22) node_modules/egg-view-ejs/config/config.local.js",
    "start": 1576004266373,
    "end": 1576004266373,
    "duration": 0,
    "pid": 4573,
    "index": 25
  },
  {
    "name": "Require(23) node_modules/egg/config/config.local.js",
    "start": 1576004266373,
    "end": 1576004266373,
    "duration": 0,
    "pid": 4573,
    "index": 26
  },
  {
    "name": "Load extend/application.js",
    "start": 1576004266374,
    "end": 1576004266391,
    "duration": 17,
    "pid": 4573,
    "index": 27
  },
  {
    "name": "Require(24) node_modules/egg-session/app/extend/application.js",
    "start": 1576004266374,
    "end": 1576004266375,
    "duration": 1,
    "pid": 4573,
    "index": 28
  },
  {
    "name": "Require(25) node_modules/egg-security/app/extend/application.js",
    "start": 1576004266375,
    "end": 1576004266375,
    "duration": 0,
    "pid": 4573,
    "index": 29
  },
  {
    "name": "Require(26) node_modules/egg-jsonp/app/extend/application.js",
    "start": 1576004266375,
    "end": 1576004266375,
    "duration": 0,
    "pid": 4573,
    "index": 30
  },
  {
    "name": "Require(27) node_modules/egg-logrotator/app/extend/application.js",
    "start": 1576004266376,
    "end": 1576004266376,
    "duration": 0,
    "pid": 4573,
    "index": 31
  },
  {
    "name": "Require(28) node_modules/egg-view/app/extend/application.js",
    "start": 1576004266376,
    "end": 1576004266377,
    "duration": 1,
    "pid": 4573,
    "index": 32
  },
  {
    "name": "Require(29) node_modules/egg-jwt/app/extend/application.js",
    "start": 1576004266377,
    "end": 1576004266391,
    "duration": 14,
    "pid": 4573,
    "index": 33
  },
  {
    "name": "Load extend/request.js",
    "start": 1576004266391,
    "end": 1576004266393,
    "duration": 2,
    "pid": 4573,
    "index": 34
  },
  {
    "name": "Require(30) node_modules/egg/app/extend/request.js",
    "start": 1576004266392,
    "end": 1576004266392,
    "duration": 0,
    "pid": 4573,
    "index": 35
  },
  {
    "name": "Load extend/response.js",
    "start": 1576004266393,
    "end": 1576004266395,
    "duration": 2,
    "pid": 4573,
    "index": 36
  },
  {
    "name": "Require(31) node_modules/egg/app/extend/response.js",
    "start": 1576004266393,
    "end": 1576004266394,
    "duration": 1,
    "pid": 4573,
    "index": 37
  },
  {
    "name": "Load extend/context.js",
    "start": 1576004266395,
    "end": 1576004266422,
    "duration": 27,
    "pid": 4573,
    "index": 38
  },
  {
    "name": "Require(32) node_modules/egg-security/app/extend/context.js",
    "start": 1576004266395,
    "end": 1576004266398,
    "duration": 3,
    "pid": 4573,
    "index": 39
  },
  {
    "name": "Require(33) node_modules/egg-jsonp/app/extend/context.js",
    "start": 1576004266398,
    "end": 1576004266398,
    "duration": 0,
    "pid": 4573,
    "index": 40
  },
  {
    "name": "Require(34) node_modules/egg-i18n/app/extend/context.js",
    "start": 1576004266398,
    "end": 1576004266399,
    "duration": 1,
    "pid": 4573,
    "index": 41
  },
  {
    "name": "Require(35) node_modules/egg-multipart/app/extend/context.js",
    "start": 1576004266399,
    "end": 1576004266420,
    "duration": 21,
    "pid": 4573,
    "index": 42
  },
  {
    "name": "Require(36) node_modules/egg-view/app/extend/context.js",
    "start": 1576004266420,
    "end": 1576004266421,
    "duration": 1,
    "pid": 4573,
    "index": 43
  },
  {
    "name": "Require(37) node_modules/egg-validate/app/extend/context.js",
    "start": 1576004266421,
    "end": 1576004266421,
    "duration": 0,
    "pid": 4573,
    "index": 44
  },
  {
    "name": "Require(38) node_modules/egg/app/extend/context.js",
    "start": 1576004266421,
    "end": 1576004266422,
    "duration": 1,
    "pid": 4573,
    "index": 45
  },
  {
    "name": "Load extend/helper.js",
    "start": 1576004266422,
    "end": 1576004266429,
    "duration": 7,
    "pid": 4573,
    "index": 46
  },
  {
    "name": "Require(39) node_modules/egg-security/app/extend/helper.js",
    "start": 1576004266422,
    "end": 1576004266428,
    "duration": 6,
    "pid": 4573,
    "index": 47
  },
  {
    "name": "Require(40) node_modules/egg/app/extend/helper.js",
    "start": 1576004266428,
    "end": 1576004266429,
    "duration": 1,
    "pid": 4573,
    "index": 48
  },
  {
    "name": "Load app.js",
    "start": 1576004266430,
    "end": 1576004266451,
    "duration": 21,
    "pid": 4573,
    "index": 49
  },
  {
    "name": "Require(41) node_modules/egg-session/app.js",
    "start": 1576004266430,
    "end": 1576004266430,
    "duration": 0,
    "pid": 4573,
    "index": 50
  },
  {
    "name": "Require(42) node_modules/egg-security/app.js",
    "start": 1576004266430,
    "end": 1576004266430,
    "duration": 0,
    "pid": 4573,
    "index": 51
  },
  {
    "name": "Require(43) node_modules/egg-onerror/app.js",
    "start": 1576004266430,
    "end": 1576004266434,
    "duration": 4,
    "pid": 4573,
    "index": 52
  },
  {
    "name": "Require(44) node_modules/egg-i18n/app.js",
    "start": 1576004266434,
    "end": 1576004266441,
    "duration": 7,
    "pid": 4573,
    "index": 53
  },
  {
    "name": "Require(45) node_modules/egg-watcher/app.js",
    "start": 1576004266441,
    "end": 1576004266442,
    "duration": 1,
    "pid": 4573,
    "index": 54
  },
  {
    "name": "Require(46) node_modules/egg-schedule/app.js",
    "start": 1576004266442,
    "end": 1576004266443,
    "duration": 1,
    "pid": 4573,
    "index": 55
  },
  {
    "name": "Require(47) node_modules/egg-multipart/app.js",
    "start": 1576004266443,
    "end": 1576004266443,
    "duration": 0,
    "pid": 4573,
    "index": 56
  },
  {
    "name": "Require(48) node_modules/egg-development/app.js",
    "start": 1576004266443,
    "end": 1576004266444,
    "duration": 1,
    "pid": 4573,
    "index": 57
  },
  {
    "name": "Require(49) node_modules/egg-logrotator/app.js",
    "start": 1576004266444,
    "end": 1576004266444,
    "duration": 0,
    "pid": 4573,
    "index": 58
  },
  {
    "name": "Require(50) node_modules/egg-static/app.js",
    "start": 1576004266444,
    "end": 1576004266444,
    "duration": 0,
    "pid": 4573,
    "index": 59
  },
  {
    "name": "Require(51) node_modules/egg-view-ejs/app.js",
    "start": 1576004266444,
    "end": 1576004266444,
    "duration": 0,
    "pid": 4573,
    "index": 60
  },
  {
    "name": "Require(52) node_modules/egg-mysql/app.js",
    "start": 1576004266444,
    "end": 1576004266450,
    "duration": 6,
    "pid": 4573,
    "index": 61
  },
  {
    "name": "Require(53) node_modules/egg-validate/app.js",
    "start": 1576004266450,
    "end": 1576004266451,
    "duration": 1,
    "pid": 4573,
    "index": 62
  },
  {
    "name": "Require(54) node_modules/egg-jwt/app.js",
    "start": 1576004266451,
    "end": 1576004266451,
    "duration": 0,
    "pid": 4573,
    "index": 63
  },
  {
    "name": "Before Start in node_modules/egg-watcher/lib/init.js:15:14",
    "start": 1576004266458,
    "end": 1576004266561,
    "duration": 103,
    "pid": 4573,
    "index": 64
  },
  {
    "name": "Before Start in node_modules/egg-mysql/lib/mysql.js:20:7",
    "start": 1576004266502,
    "end": 1576004266563,
    "duration": 61,
    "pid": 4573,
    "index": 65
  },
  {
    "name": "Load Service",
    "start": 1576004266502,
    "end": 1576004266507,
    "duration": 5,
    "pid": 4573,
    "index": 66
  },
  {
    "name": "Load \"service\" to Context",
    "start": 1576004266502,
    "end": 1576004266507,
    "duration": 5,
    "pid": 4573,
    "index": 67
  },
  {
    "name": "Load Middleware",
    "start": 1576004266507,
    "end": 1576004266534,
    "duration": 27,
    "pid": 4573,
    "index": 68
  },
  {
    "name": "Load \"middlewares\" to Application",
    "start": 1576004266507,
    "end": 1576004266529,
    "duration": 22,
    "pid": 4573,
    "index": 69
  },
  {
    "name": "Load Controller",
    "start": 1576004266534,
    "end": 1576004266539,
    "duration": 5,
    "pid": 4573,
    "index": 70
  },
  {
    "name": "Load \"controller\" to Application",
    "start": 1576004266534,
    "end": 1576004266539,
    "duration": 5,
    "pid": 4573,
    "index": 71
  },
  {
    "name": "Load Router",
    "start": 1576004266539,
    "end": 1576004266540,
    "duration": 1,
    "pid": 4573,
    "index": 72
  },
  {
    "name": "Require(55) app/router.js",
    "start": 1576004266539,
    "end": 1576004266539,
    "duration": 0,
    "pid": 4573,
    "index": 73
  },
  {
    "name": "Before Start in node_modules/egg-core/lib/egg.js:303:10",
    "start": 1576004266539,
    "end": 1576004266549,
    "duration": 10,
    "pid": 4573,
    "index": 74
  }
]