[
  {
    "name": "Application Start",
    "start": 1576001004049,
    "end": 1576001004255,
    "duration": 206,
    "pid": 3333,
    "index": 0
  },
  {
    "name": "Load Plugin",
    "start": 1576001004052,
    "end": 1576001004057,
    "duration": 5,
    "pid": 3333,
    "index": 1
  },
  {
    "name": "Load Config",
    "start": 1576001004057,
    "end": 1576001004065,
    "duration": 8,
    "pid": 3333,
    "index": 2
  },
  {
    "name": "Require(0) config/config.default.js",
    "start": 1576001004057,
    "end": 1576001004057,
    "duration": 0,
    "pid": 3333,
    "index": 3
  },
  {
    "name": "Require(1) node_modules/egg-session/config/config.default.js",
    "start": 1576001004058,
    "end": 1576001004058,
    "duration": 0,
    "pid": 3333,
    "index": 4
  },
  {
    "name": "Require(2) node_modules/egg-security/config/config.default.js",
    "start": 1576001004058,
    "end": 1576001004059,
    "duration": 1,
    "pid": 3333,
    "index": 5
  },
  {
    "name": "Require(3) node_modules/egg-jsonp/config/config.default.js",
    "start": 1576001004059,
    "end": 1576001004059,
    "duration": 0,
    "pid": 3333,
    "index": 6
  },
  {
    "name": "Require(4) node_modules/egg-onerror/config/config.default.js",
    "start": 1576001004059,
    "end": 1576001004059,
    "duration": 0,
    "pid": 3333,
    "index": 7
  },
  {
    "name": "Require(5) node_modules/egg-i18n/config/config.default.js",
    "start": 1576001004059,
    "end": 1576001004060,
    "duration": 1,
    "pid": 3333,
    "index": 8
  },
  {
    "name": "Require(6) node_modules/egg-watcher/config/config.default.js",
    "start": 1576001004060,
    "end": 1576001004060,
    "duration": 0,
    "pid": 3333,
    "index": 9
  },
  {
    "name": "Require(7) node_modules/egg-schedule/config/config.default.js",
    "start": 1576001004060,
    "end": 1576001004060,
    "duration": 0,
    "pid": 3333,
    "index": 10
  },
  {
    "name": "Require(8) node_modules/egg-multipart/config/config.default.js",
    "start": 1576001004060,
    "end": 1576001004061,
    "duration": 1,
    "pid": 3333,
    "index": 11
  },
  {
    "name": "Require(9) node_modules/egg-development/config/config.default.js",
    "start": 1576001004061,
    "end": 1576001004061,
    "duration": 0,
    "pid": 3333,
    "index": 12
  },
  {
    "name": "Require(10) node_modules/egg-logrotator/config/config.default.js",
    "start": 1576001004061,
    "end": 1576001004061,
    "duration": 0,
    "pid": 3333,
    "index": 13
  },
  {
    "name": "Require(11) node_modules/egg-static/config/config.default.js",
    "start": 1576001004061,
    "end": 1576001004061,
    "duration": 0,
    "pid": 3333,
    "index": 14
  },
  {
    "name": "Require(12) node_modules/egg-view/config/config.default.js",
    "start": 1576001004062,
    "end": 1576001004062,
    "duration": 0,
    "pid": 3333,
    "index": 15
  },
  {
    "name": "Require(13) node_modules/egg-view-ejs/config/config.default.js",
    "start": 1576001004062,
    "end": 1576001004062,
    "duration": 0,
    "pid": 3333,
    "index": 16
  },
  {
    "name": "Require(14) node_modules/egg-mysql/config/config.default.js",
    "start": 1576001004062,
    "end": 1576001004062,
    "duration": 0,
    "pid": 3333,
    "index": 17
  },
  {
    "name": "Require(15) node_modules/egg-validate/config/config.default.js",
    "start": 1576001004062,
    "end": 1576001004062,
    "duration": 0,
    "pid": 3333,
    "index": 18
  },
  {
    "name": "Require(16) node_modules/egg-jwt/config/config.default.js",
    "start": 1576001004062,
    "end": 1576001004063,
    "duration": 1,
    "pid": 3333,
    "index": 19
  },
  {
    "name": "Require(17) node_modules/egg/config/config.default.js",
    "start": 1576001004063,
    "end": 1576001004063,
    "duration": 0,
    "pid": 3333,
    "index": 20
  },
  {
    "name": "Require(18) config/config.default.js",
    "start": 1576001004064,
    "end": 1576001004064,
    "duration": 0,
    "pid": 3333,
    "index": 21
  },
  {
    "name": "Require(19) node_modules/egg-security/config/config.local.js",
    "start": 1576001004064,
    "end": 1576001004064,
    "duration": 0,
    "pid": 3333,
    "index": 22
  },
  {
    "name": "Require(20) node_modules/egg-watcher/config/config.local.js",
    "start": 1576001004064,
    "end": 1576001004064,
    "duration": 0,
    "pid": 3333,
    "index": 23
  },
  {
    "name": "Require(21) node_modules/egg-view/config/config.local.js",
    "start": 1576001004064,
    "end": 1576001004065,
    "duration": 1,
    "pid": 3333,
    "index": 24
  },
  {
    "name": "Require(22) node_modules/egg-view-ejs/config/config.local.js",
    "start": 1576001004065,
    "end": 1576001004065,
    "duration": 0,
    "pid": 3333,
    "index": 25
  },
  {
    "name": "Require(23) node_modules/egg/config/config.local.js",
    "start": 1576001004065,
    "end": 1576001004065,
    "duration": 0,
    "pid": 3333,
    "index": 26
  },
  {
    "name": "Load extend/application.js",
    "start": 1576001004066,
    "end": 1576001004084,
    "duration": 18,
    "pid": 3333,
    "index": 27
  },
  {
    "name": "Require(24) node_modules/egg-session/app/extend/application.js",
    "start": 1576001004066,
    "end": 1576001004066,
    "duration": 0,
    "pid": 3333,
    "index": 28
  },
  {
    "name": "Require(25) node_modules/egg-security/app/extend/application.js",
    "start": 1576001004067,
    "end": 1576001004067,
    "duration": 0,
    "pid": 3333,
    "index": 29
  },
  {
    "name": "Require(26) node_modules/egg-jsonp/app/extend/application.js",
    "start": 1576001004067,
    "end": 1576001004067,
    "duration": 0,
    "pid": 3333,
    "index": 30
  },
  {
    "name": "Require(27) node_modules/egg-logrotator/app/extend/application.js",
    "start": 1576001004068,
    "end": 1576001004068,
    "duration": 0,
    "pid": 3333,
    "index": 31
  },
  {
    "name": "Require(28) node_modules/egg-view/app/extend/application.js",
    "start": 1576001004068,
    "end": 1576001004069,
    "duration": 1,
    "pid": 3333,
    "index": 32
  },
  {
    "name": "Require(29) node_modules/egg-jwt/app/extend/application.js",
    "start": 1576001004069,
    "end": 1576001004084,
    "duration": 15,
    "pid": 3333,
    "index": 33
  },
  {
    "name": "Load extend/request.js",
    "start": 1576001004084,
    "end": 1576001004086,
    "duration": 2,
    "pid": 3333,
    "index": 34
  },
  {
    "name": "Require(30) node_modules/egg/app/extend/request.js",
    "start": 1576001004085,
    "end": 1576001004085,
    "duration": 0,
    "pid": 3333,
    "index": 35
  },
  {
    "name": "Load extend/response.js",
    "start": 1576001004086,
    "end": 1576001004087,
    "duration": 1,
    "pid": 3333,
    "index": 36
  },
  {
    "name": "Require(31) node_modules/egg/app/extend/response.js",
    "start": 1576001004086,
    "end": 1576001004087,
    "duration": 1,
    "pid": 3333,
    "index": 37
  },
  {
    "name": "Load extend/context.js",
    "start": 1576001004087,
    "end": 1576001004115,
    "duration": 28,
    "pid": 3333,
    "index": 38
  },
  {
    "name": "Require(32) node_modules/egg-security/app/extend/context.js",
    "start": 1576001004087,
    "end": 1576001004090,
    "duration": 3,
    "pid": 3333,
    "index": 39
  },
  {
    "name": "Require(33) node_modules/egg-jsonp/app/extend/context.js",
    "start": 1576001004090,
    "end": 1576001004090,
    "duration": 0,
    "pid": 3333,
    "index": 40
  },
  {
    "name": "Require(34) node_modules/egg-i18n/app/extend/context.js",
    "start": 1576001004091,
    "end": 1576001004091,
    "duration": 0,
    "pid": 3333,
    "index": 41
  },
  {
    "name": "Require(35) node_modules/egg-multipart/app/extend/context.js",
    "start": 1576001004091,
    "end": 1576001004113,
    "duration": 22,
    "pid": 3333,
    "index": 42
  },
  {
    "name": "Require(36) node_modules/egg-view/app/extend/context.js",
    "start": 1576001004113,
    "end": 1576001004114,
    "duration": 1,
    "pid": 3333,
    "index": 43
  },
  {
    "name": "Require(37) node_modules/egg-validate/app/extend/context.js",
    "start": 1576001004114,
    "end": 1576001004114,
    "duration": 0,
    "pid": 3333,
    "index": 44
  },
  {
    "name": "Require(38) node_modules/egg/app/extend/context.js",
    "start": 1576001004114,
    "end": 1576001004115,
    "duration": 1,
    "pid": 3333,
    "index": 45
  },
  {
    "name": "Load extend/helper.js",
    "start": 1576001004115,
    "end": 1576001004122,
    "duration": 7,
    "pid": 3333,
    "index": 46
  },
  {
    "name": "Require(39) node_modules/egg-security/app/extend/helper.js",
    "start": 1576001004115,
    "end": 1576001004121,
    "duration": 6,
    "pid": 3333,
    "index": 47
  },
  {
    "name": "Require(40) node_modules/egg/app/extend/helper.js",
    "start": 1576001004122,
    "end": 1576001004122,
    "duration": 0,
    "pid": 3333,
    "index": 48
  },
  {
    "name": "Load app.js",
    "start": 1576001004122,
    "end": 1576001004141,
    "duration": 19,
    "pid": 3333,
    "index": 49
  },
  {
    "name": "Require(41) node_modules/egg-session/app.js",
    "start": 1576001004122,
    "end": 1576001004123,
    "duration": 1,
    "pid": 3333,
    "index": 50
  },
  {
    "name": "Require(42) node_modules/egg-security/app.js",
    "start": 1576001004123,
    "end": 1576001004123,
    "duration": 0,
    "pid": 3333,
    "index": 51
  },
  {
    "name": "Require(43) node_modules/egg-onerror/app.js",
    "start": 1576001004123,
    "end": 1576001004126,
    "duration": 3,
    "pid": 3333,
    "index": 52
  },
  {
    "name": "Require(44) node_modules/egg-i18n/app.js",
    "start": 1576001004126,
    "end": 1576001004131,
    "duration": 5,
    "pid": 3333,
    "index": 53
  },
  {
    "name": "Require(45) node_modules/egg-watcher/app.js",
    "start": 1576001004131,
    "end": 1576001004132,
    "duration": 1,
    "pid": 3333,
    "index": 54
  },
  {
    "name": "Require(46) node_modules/egg-schedule/app.js",
    "start": 1576001004132,
    "end": 1576001004133,
    "duration": 1,
    "pid": 3333,
    "index": 55
  },
  {
    "name": "Require(47) node_modules/egg-multipart/app.js",
    "start": 1576001004133,
    "end": 1576001004134,
    "duration": 1,
    "pid": 3333,
    "index": 56
  },
  {
    "name": "Require(48) node_modules/egg-development/app.js",
    "start": 1576001004134,
    "end": 1576001004134,
    "duration": 0,
    "pid": 3333,
    "index": 57
  },
  {
    "name": "Require(49) node_modules/egg-logrotator/app.js",
    "start": 1576001004134,
    "end": 1576001004134,
    "duration": 0,
    "pid": 3333,
    "index": 58
  },
  {
    "name": "Require(50) node_modules/egg-static/app.js",
    "start": 1576001004134,
    "end": 1576001004134,
    "duration": 0,
    "pid": 3333,
    "index": 59
  },
  {
    "name": "Require(51) node_modules/egg-view-ejs/app.js",
    "start": 1576001004134,
    "end": 1576001004134,
    "duration": 0,
    "pid": 3333,
    "index": 60
  },
  {
    "name": "Require(52) node_modules/egg-mysql/app.js",
    "start": 1576001004134,
    "end": 1576001004140,
    "duration": 6,
    "pid": 3333,
    "index": 61
  },
  {
    "name": "Require(53) node_modules/egg-validate/app.js",
    "start": 1576001004140,
    "end": 1576001004140,
    "duration": 0,
    "pid": 3333,
    "index": 62
  },
  {
    "name": "Require(54) node_modules/egg-jwt/app.js",
    "start": 1576001004140,
    "end": 1576001004141,
    "duration": 1,
    "pid": 3333,
    "index": 63
  },
  {
    "name": "Before Start in node_modules/egg-watcher/lib/init.js:15:14",
    "start": 1576001004149,
    "end": 1576001004254,
    "duration": 105,
    "pid": 3333,
    "index": 64
  },
  {
    "name": "Before Start in node_modules/egg-mysql/lib/mysql.js:20:7",
    "start": 1576001004198,
    "end": 1576001004255,
    "duration": 57,
    "pid": 3333,
    "index": 65
  },
  {
    "name": "Load Service",
    "start": 1576001004198,
    "end": 1576001004204,
    "duration": 6,
    "pid": 3333,
    "index": 66
  },
  {
    "name": "Load \"service\" to Context",
    "start": 1576001004198,
    "end": 1576001004204,
    "duration": 6,
    "pid": 3333,
    "index": 67
  },
  {
    "name": "Load Middleware",
    "start": 1576001004204,
    "end": 1576001004230,
    "duration": 26,
    "pid": 3333,
    "index": 68
  },
  {
    "name": "Load \"middlewares\" to Application",
    "start": 1576001004204,
    "end": 1576001004225,
    "duration": 21,
    "pid": 3333,
    "index": 69
  },
  {
    "name": "Load Controller",
    "start": 1576001004230,
    "end": 1576001004235,
    "duration": 5,
    "pid": 3333,
    "index": 70
  },
  {
    "name": "Load \"controller\" to Application",
    "start": 1576001004230,
    "end": 1576001004235,
    "duration": 5,
    "pid": 3333,
    "index": 71
  },
  {
    "name": "Load Router",
    "start": 1576001004235,
    "end": 1576001004236,
    "duration": 1,
    "pid": 3333,
    "index": 72
  },
  {
    "name": "Require(55) app/router.js",
    "start": 1576001004235,
    "end": 1576001004235,
    "duration": 0,
    "pid": 3333,
    "index": 73
  },
  {
    "name": "Before Start in node_modules/egg-core/lib/egg.js:303:10",
    "start": 1576001004235,
    "end": 1576001004244,
    "duration": 9,
    "pid": 3333,
    "index": 74
  }
]