[
  {
    "name": "Application Start",
    "start": 1576004235331,
    "end": 1576004235569,
    "duration": 238,
    "pid": 4533,
    "index": 0
  },
  {
    "name": "Load Plugin",
    "start": 1576004235334,
    "end": 1576004235340,
    "duration": 6,
    "pid": 4533,
    "index": 1
  },
  {
    "name": "Load Config",
    "start": 1576004235341,
    "end": 1576004235353,
    "duration": 12,
    "pid": 4533,
    "index": 2
  },
  {
    "name": "Require(0) config/config.default.js",
    "start": 1576004235341,
    "end": 1576004235341,
    "duration": 0,
    "pid": 4533,
    "index": 3
  },
  {
    "name": "Require(1) node_modules/egg-session/config/config.default.js",
    "start": 1576004235343,
    "end": 1576004235343,
    "duration": 0,
    "pid": 4533,
    "index": 4
  },
  {
    "name": "Require(2) node_modules/egg-security/config/config.default.js",
    "start": 1576004235343,
    "end": 1576004235343,
    "duration": 0,
    "pid": 4533,
    "index": 5
  },
  {
    "name": "Require(3) node_modules/egg-jsonp/config/config.default.js",
    "start": 1576004235343,
    "end": 1576004235344,
    "duration": 1,
    "pid": 4533,
    "index": 6
  },
  {
    "name": "Require(4) node_modules/egg-onerror/config/config.default.js",
    "start": 1576004235344,
    "end": 1576004235344,
    "duration": 0,
    "pid": 4533,
    "index": 7
  },
  {
    "name": "Require(5) node_modules/egg-i18n/config/config.default.js",
    "start": 1576004235344,
    "end": 1576004235344,
    "duration": 0,
    "pid": 4533,
    "index": 8
  },
  {
    "name": "Require(6) node_modules/egg-watcher/config/config.default.js",
    "start": 1576004235345,
    "end": 1576004235345,
    "duration": 0,
    "pid": 4533,
    "index": 9
  },
  {
    "name": "Require(7) node_modules/egg-schedule/config/config.default.js",
    "start": 1576004235345,
    "end": 1576004235345,
    "duration": 0,
    "pid": 4533,
    "index": 10
  },
  {
    "name": "Require(8) node_modules/egg-multipart/config/config.default.js",
    "start": 1576004235345,
    "end": 1576004235346,
    "duration": 1,
    "pid": 4533,
    "index": 11
  },
  {
    "name": "Require(9) node_modules/egg-development/config/config.default.js",
    "start": 1576004235346,
    "end": 1576004235346,
    "duration": 0,
    "pid": 4533,
    "index": 12
  },
  {
    "name": "Require(10) node_modules/egg-logrotator/config/config.default.js",
    "start": 1576004235346,
    "end": 1576004235346,
    "duration": 0,
    "pid": 4533,
    "index": 13
  },
  {
    "name": "Require(11) node_modules/egg-static/config/config.default.js",
    "start": 1576004235346,
    "end": 1576004235347,
    "duration": 1,
    "pid": 4533,
    "index": 14
  },
  {
    "name": "Require(12) node_modules/egg-view/config/config.default.js",
    "start": 1576004235347,
    "end": 1576004235347,
    "duration": 0,
    "pid": 4533,
    "index": 15
  },
  {
    "name": "Require(13) node_modules/egg-view-ejs/config/config.default.js",
    "start": 1576004235347,
    "end": 1576004235347,
    "duration": 0,
    "pid": 4533,
    "index": 16
  },
  {
    "name": "Require(14) node_modules/egg-mysql/config/config.default.js",
    "start": 1576004235348,
    "end": 1576004235348,
    "duration": 0,
    "pid": 4533,
    "index": 17
  },
  {
    "name": "Require(15) node_modules/egg-validate/config/config.default.js",
    "start": 1576004235348,
    "end": 1576004235348,
    "duration": 0,
    "pid": 4533,
    "index": 18
  },
  {
    "name": "Require(16) node_modules/egg-jwt/config/config.default.js",
    "start": 1576004235348,
    "end": 1576004235348,
    "duration": 0,
    "pid": 4533,
    "index": 19
  },
  {
    "name": "Require(17) node_modules/egg/config/config.default.js",
    "start": 1576004235348,
    "end": 1576004235349,
    "duration": 1,
    "pid": 4533,
    "index": 20
  },
  {
    "name": "Require(18) config/config.default.js",
    "start": 1576004235351,
    "end": 1576004235351,
    "duration": 0,
    "pid": 4533,
    "index": 21
  },
  {
    "name": "Require(19) node_modules/egg-security/config/config.local.js",
    "start": 1576004235352,
    "end": 1576004235352,
    "duration": 0,
    "pid": 4533,
    "index": 22
  },
  {
    "name": "Require(20) node_modules/egg-watcher/config/config.local.js",
    "start": 1576004235352,
    "end": 1576004235352,
    "duration": 0,
    "pid": 4533,
    "index": 23
  },
  {
    "name": "Require(21) node_modules/egg-view/config/config.local.js",
    "start": 1576004235352,
    "end": 1576004235352,
    "duration": 0,
    "pid": 4533,
    "index": 24
  },
  {
    "name": "Require(22) node_modules/egg-view-ejs/config/config.local.js",
    "start": 1576004235353,
    "end": 1576004235353,
    "duration": 0,
    "pid": 4533,
    "index": 25
  },
  {
    "name": "Require(23) node_modules/egg/config/config.local.js",
    "start": 1576004235353,
    "end": 1576004235353,
    "duration": 0,
    "pid": 4533,
    "index": 26
  },
  {
    "name": "Load extend/application.js",
    "start": 1576004235354,
    "end": 1576004235375,
    "duration": 21,
    "pid": 4533,
    "index": 27
  },
  {
    "name": "Require(24) node_modules/egg-session/app/extend/application.js",
    "start": 1576004235355,
    "end": 1576004235355,
    "duration": 0,
    "pid": 4533,
    "index": 28
  },
  {
    "name": "Require(25) node_modules/egg-security/app/extend/application.js",
    "start": 1576004235355,
    "end": 1576004235355,
    "duration": 0,
    "pid": 4533,
    "index": 29
  },
  {
    "name": "Require(26) node_modules/egg-jsonp/app/extend/application.js",
    "start": 1576004235356,
    "end": 1576004235356,
    "duration": 0,
    "pid": 4533,
    "index": 30
  },
  {
    "name": "Require(27) node_modules/egg-logrotator/app/extend/application.js",
    "start": 1576004235356,
    "end": 1576004235357,
    "duration": 1,
    "pid": 4533,
    "index": 31
  },
  {
    "name": "Require(28) node_modules/egg-view/app/extend/application.js",
    "start": 1576004235357,
    "end": 1576004235358,
    "duration": 1,
    "pid": 4533,
    "index": 32
  },
  {
    "name": "Require(29) node_modules/egg-jwt/app/extend/application.js",
    "start": 1576004235358,
    "end": 1576004235375,
    "duration": 17,
    "pid": 4533,
    "index": 33
  },
  {
    "name": "Load extend/request.js",
    "start": 1576004235375,
    "end": 1576004235377,
    "duration": 2,
    "pid": 4533,
    "index": 34
  },
  {
    "name": "Require(30) node_modules/egg/app/extend/request.js",
    "start": 1576004235376,
    "end": 1576004235376,
    "duration": 0,
    "pid": 4533,
    "index": 35
  },
  {
    "name": "Load extend/response.js",
    "start": 1576004235377,
    "end": 1576004235379,
    "duration": 2,
    "pid": 4533,
    "index": 36
  },
  {
    "name": "Require(31) node_modules/egg/app/extend/response.js",
    "start": 1576004235377,
    "end": 1576004235378,
    "duration": 1,
    "pid": 4533,
    "index": 37
  },
  {
    "name": "Load extend/context.js",
    "start": 1576004235379,
    "end": 1576004235412,
    "duration": 33,
    "pid": 4533,
    "index": 38
  },
  {
    "name": "Require(32) node_modules/egg-security/app/extend/context.js",
    "start": 1576004235379,
    "end": 1576004235382,
    "duration": 3,
    "pid": 4533,
    "index": 39
  },
  {
    "name": "Require(33) node_modules/egg-jsonp/app/extend/context.js",
    "start": 1576004235382,
    "end": 1576004235383,
    "duration": 1,
    "pid": 4533,
    "index": 40
  },
  {
    "name": "Require(34) node_modules/egg-i18n/app/extend/context.js",
    "start": 1576004235383,
    "end": 1576004235383,
    "duration": 0,
    "pid": 4533,
    "index": 41
  },
  {
    "name": "Require(35) node_modules/egg-multipart/app/extend/context.js",
    "start": 1576004235383,
    "end": 1576004235410,
    "duration": 27,
    "pid": 4533,
    "index": 42
  },
  {
    "name": "Require(36) node_modules/egg-view/app/extend/context.js",
    "start": 1576004235410,
    "end": 1576004235411,
    "duration": 1,
    "pid": 4533,
    "index": 43
  },
  {
    "name": "Require(37) node_modules/egg-validate/app/extend/context.js",
    "start": 1576004235411,
    "end": 1576004235411,
    "duration": 0,
    "pid": 4533,
    "index": 44
  },
  {
    "name": "Require(38) node_modules/egg/app/extend/context.js",
    "start": 1576004235411,
    "end": 1576004235412,
    "duration": 1,
    "pid": 4533,
    "index": 45
  },
  {
    "name": "Load extend/helper.js",
    "start": 1576004235412,
    "end": 1576004235421,
    "duration": 9,
    "pid": 4533,
    "index": 46
  },
  {
    "name": "Require(39) node_modules/egg-security/app/extend/helper.js",
    "start": 1576004235413,
    "end": 1576004235419,
    "duration": 6,
    "pid": 4533,
    "index": 47
  },
  {
    "name": "Require(40) node_modules/egg/app/extend/helper.js",
    "start": 1576004235420,
    "end": 1576004235420,
    "duration": 0,
    "pid": 4533,
    "index": 48
  },
  {
    "name": "Load app.js",
    "start": 1576004235421,
    "end": 1576004235445,
    "duration": 24,
    "pid": 4533,
    "index": 49
  },
  {
    "name": "Require(41) node_modules/egg-session/app.js",
    "start": 1576004235421,
    "end": 1576004235421,
    "duration": 0,
    "pid": 4533,
    "index": 50
  },
  {
    "name": "Require(42) node_modules/egg-security/app.js",
    "start": 1576004235421,
    "end": 1576004235422,
    "duration": 1,
    "pid": 4533,
    "index": 51
  },
  {
    "name": "Require(43) node_modules/egg-onerror/app.js",
    "start": 1576004235422,
    "end": 1576004235425,
    "duration": 3,
    "pid": 4533,
    "index": 52
  },
  {
    "name": "Require(44) node_modules/egg-i18n/app.js",
    "start": 1576004235426,
    "end": 1576004235433,
    "duration": 7,
    "pid": 4533,
    "index": 53
  },
  {
    "name": "Require(45) node_modules/egg-watcher/app.js",
    "start": 1576004235433,
    "end": 1576004235434,
    "duration": 1,
    "pid": 4533,
    "index": 54
  },
  {
    "name": "Require(46) node_modules/egg-schedule/app.js",
    "start": 1576004235434,
    "end": 1576004235435,
    "duration": 1,
    "pid": 4533,
    "index": 55
  },
  {
    "name": "Require(47) node_modules/egg-multipart/app.js",
    "start": 1576004235435,
    "end": 1576004235436,
    "duration": 1,
    "pid": 4533,
    "index": 56
  },
  {
    "name": "Require(48) node_modules/egg-development/app.js",
    "start": 1576004235436,
    "end": 1576004235436,
    "duration": 0,
    "pid": 4533,
    "index": 57
  },
  {
    "name": "Require(49) node_modules/egg-logrotator/app.js",
    "start": 1576004235436,
    "end": 1576004235436,
    "duration": 0,
    "pid": 4533,
    "index": 58
  },
  {
    "name": "Require(50) node_modules/egg-static/app.js",
    "start": 1576004235436,
    "end": 1576004235437,
    "duration": 1,
    "pid": 4533,
    "index": 59
  },
  {
    "name": "Require(51) node_modules/egg-view-ejs/app.js",
    "start": 1576004235437,
    "end": 1576004235437,
    "duration": 0,
    "pid": 4533,
    "index": 60
  },
  {
    "name": "Require(52) node_modules/egg-mysql/app.js",
    "start": 1576004235437,
    "end": 1576004235444,
    "duration": 7,
    "pid": 4533,
    "index": 61
  },
  {
    "name": "Require(53) node_modules/egg-validate/app.js",
    "start": 1576004235444,
    "end": 1576004235445,
    "duration": 1,
    "pid": 4533,
    "index": 62
  },
  {
    "name": "Require(54) node_modules/egg-jwt/app.js",
    "start": 1576004235445,
    "end": 1576004235445,
    "duration": 0,
    "pid": 4533,
    "index": 63
  },
  {
    "name": "Before Start in node_modules/egg-watcher/lib/init.js:15:14",
    "start": 1576004235454,
    "end": 1576004235567,
    "duration": 113,
    "pid": 4533,
    "index": 64
  },
  {
    "name": "Before Start in node_modules/egg-mysql/lib/mysql.js:20:7",
    "start": 1576004235506,
    "end": 1576004235569,
    "duration": 63,
    "pid": 4533,
    "index": 65
  },
  {
    "name": "Load Service",
    "start": 1576004235506,
    "end": 1576004235512,
    "duration": 6,
    "pid": 4533,
    "index": 66
  },
  {
    "name": "Load \"service\" to Context",
    "start": 1576004235506,
    "end": 1576004235512,
    "duration": 6,
    "pid": 4533,
    "index": 67
  },
  {
    "name": "Load Middleware",
    "start": 1576004235512,
    "end": 1576004235541,
    "duration": 29,
    "pid": 4533,
    "index": 68
  },
  {
    "name": "Load \"middlewares\" to Application",
    "start": 1576004235513,
    "end": 1576004235535,
    "duration": 22,
    "pid": 4533,
    "index": 69
  },
  {
    "name": "Load Controller",
    "start": 1576004235541,
    "end": 1576004235546,
    "duration": 5,
    "pid": 4533,
    "index": 70
  },
  {
    "name": "Load \"controller\" to Application",
    "start": 1576004235541,
    "end": 1576004235546,
    "duration": 5,
    "pid": 4533,
    "index": 71
  },
  {
    "name": "Load Router",
    "start": 1576004235546,
    "end": 1576004235547,
    "duration": 1,
    "pid": 4533,
    "index": 72
  },
  {
    "name": "Require(55) app/router.js",
    "start": 1576004235546,
    "end": 1576004235546,
    "duration": 0,
    "pid": 4533,
    "index": 73
  },
  {
    "name": "Before Start in node_modules/egg-core/lib/egg.js:303:10",
    "start": 1576004235546,
    "end": 1576004235555,
    "duration": 9,
    "pid": 4533,
    "index": 74
  }
]