[
  {
    "name": "Application Start",
    "start": 1576005181511,
    "end": 1576005181779,
    "duration": 268,
    "pid": 4797,
    "index": 0
  },
  {
    "name": "Load Plugin",
    "start": 1576005181515,
    "end": 1576005181522,
    "duration": 7,
    "pid": 4797,
    "index": 1
  },
  {
    "name": "Load Config",
    "start": 1576005181522,
    "end": 1576005181533,
    "duration": 11,
    "pid": 4797,
    "index": 2
  },
  {
    "name": "Require(0) config/config.default.js",
    "start": 1576005181522,
    "end": 1576005181522,
    "duration": 0,
    "pid": 4797,
    "index": 3
  },
  {
    "name": "Require(1) node_modules/egg-session/config/config.default.js",
    "start": 1576005181523,
    "end": 1576005181523,
    "duration": 0,
    "pid": 4797,
    "index": 4
  },
  {
    "name": "Require(2) node_modules/egg-security/config/config.default.js",
    "start": 1576005181524,
    "end": 1576005181524,
    "duration": 0,
    "pid": 4797,
    "index": 5
  },
  {
    "name": "Require(3) node_modules/egg-jsonp/config/config.default.js",
    "start": 1576005181524,
    "end": 1576005181524,
    "duration": 0,
    "pid": 4797,
    "index": 6
  },
  {
    "name": "Require(4) node_modules/egg-onerror/config/config.default.js",
    "start": 1576005181524,
    "end": 1576005181525,
    "duration": 1,
    "pid": 4797,
    "index": 7
  },
  {
    "name": "Require(5) node_modules/egg-i18n/config/config.default.js",
    "start": 1576005181525,
    "end": 1576005181525,
    "duration": 0,
    "pid": 4797,
    "index": 8
  },
  {
    "name": "Require(6) node_modules/egg-watcher/config/config.default.js",
    "start": 1576005181526,
    "end": 1576005181526,
    "duration": 0,
    "pid": 4797,
    "index": 9
  },
  {
    "name": "Require(7) node_modules/egg-schedule/config/config.default.js",
    "start": 1576005181526,
    "end": 1576005181526,
    "duration": 0,
    "pid": 4797,
    "index": 10
  },
  {
    "name": "Require(8) node_modules/egg-multipart/config/config.default.js",
    "start": 1576005181526,
    "end": 1576005181527,
    "duration": 1,
    "pid": 4797,
    "index": 11
  },
  {
    "name": "Require(9) node_modules/egg-development/config/config.default.js",
    "start": 1576005181527,
    "end": 1576005181527,
    "duration": 0,
    "pid": 4797,
    "index": 12
  },
  {
    "name": "Require(10) node_modules/egg-logrotator/config/config.default.js",
    "start": 1576005181527,
    "end": 1576005181527,
    "duration": 0,
    "pid": 4797,
    "index": 13
  },
  {
    "name": "Require(11) node_modules/egg-static/config/config.default.js",
    "start": 1576005181527,
    "end": 1576005181527,
    "duration": 0,
    "pid": 4797,
    "index": 14
  },
  {
    "name": "Require(12) node_modules/egg-view/config/config.default.js",
    "start": 1576005181528,
    "end": 1576005181528,
    "duration": 0,
    "pid": 4797,
    "index": 15
  },
  {
    "name": "Require(13) node_modules/egg-view-ejs/config/config.default.js",
    "start": 1576005181528,
    "end": 1576005181529,
    "duration": 1,
    "pid": 4797,
    "index": 16
  },
  {
    "name": "Require(14) node_modules/egg-mysql/config/config.default.js",
    "start": 1576005181529,
    "end": 1576005181529,
    "duration": 0,
    "pid": 4797,
    "index": 17
  },
  {
    "name": "Require(15) node_modules/egg-validate/config/config.default.js",
    "start": 1576005181529,
    "end": 1576005181529,
    "duration": 0,
    "pid": 4797,
    "index": 18
  },
  {
    "name": "Require(16) node_modules/egg-jwt/config/config.default.js",
    "start": 1576005181530,
    "end": 1576005181530,
    "duration": 0,
    "pid": 4797,
    "index": 19
  },
  {
    "name": "Require(17) node_modules/egg/config/config.default.js",
    "start": 1576005181530,
    "end": 1576005181530,
    "duration": 0,
    "pid": 4797,
    "index": 20
  },
  {
    "name": "Require(18) config/config.default.js",
    "start": 1576005181531,
    "end": 1576005181531,
    "duration": 0,
    "pid": 4797,
    "index": 21
  },
  {
    "name": "Require(19) node_modules/egg-security/config/config.local.js",
    "start": 1576005181532,
    "end": 1576005181532,
    "duration": 0,
    "pid": 4797,
    "index": 22
  },
  {
    "name": "Require(20) node_modules/egg-watcher/config/config.local.js",
    "start": 1576005181532,
    "end": 1576005181532,
    "duration": 0,
    "pid": 4797,
    "index": 23
  },
  {
    "name": "Require(21) node_modules/egg-view/config/config.local.js",
    "start": 1576005181532,
    "end": 1576005181532,
    "duration": 0,
    "pid": 4797,
    "index": 24
  },
  {
    "name": "Require(22) node_modules/egg-view-ejs/config/config.local.js",
    "start": 1576005181533,
    "end": 1576005181533,
    "duration": 0,
    "pid": 4797,
    "index": 25
  },
  {
    "name": "Require(23) node_modules/egg/config/config.local.js",
    "start": 1576005181533,
    "end": 1576005181533,
    "duration": 0,
    "pid": 4797,
    "index": 26
  },
  {
    "name": "Load extend/application.js",
    "start": 1576005181535,
    "end": 1576005181554,
    "duration": 19,
    "pid": 4797,
    "index": 27
  },
  {
    "name": "Require(24) node_modules/egg-session/app/extend/application.js",
    "start": 1576005181535,
    "end": 1576005181535,
    "duration": 0,
    "pid": 4797,
    "index": 28
  },
  {
    "name": "Require(25) node_modules/egg-security/app/extend/application.js",
    "start": 1576005181535,
    "end": 1576005181536,
    "duration": 1,
    "pid": 4797,
    "index": 29
  },
  {
    "name": "Require(26) node_modules/egg-jsonp/app/extend/application.js",
    "start": 1576005181536,
    "end": 1576005181536,
    "duration": 0,
    "pid": 4797,
    "index": 30
  },
  {
    "name": "Require(27) node_modules/egg-logrotator/app/extend/application.js",
    "start": 1576005181536,
    "end": 1576005181537,
    "duration": 1,
    "pid": 4797,
    "index": 31
  },
  {
    "name": "Require(28) node_modules/egg-view/app/extend/application.js",
    "start": 1576005181537,
    "end": 1576005181537,
    "duration": 0,
    "pid": 4797,
    "index": 32
  },
  {
    "name": "Require(29) node_modules/egg-jwt/app/extend/application.js",
    "start": 1576005181538,
    "end": 1576005181553,
    "duration": 15,
    "pid": 4797,
    "index": 33
  },
  {
    "name": "Load extend/request.js",
    "start": 1576005181554,
    "end": 1576005181556,
    "duration": 2,
    "pid": 4797,
    "index": 34
  },
  {
    "name": "Require(30) node_modules/egg/app/extend/request.js",
    "start": 1576005181555,
    "end": 1576005181556,
    "duration": 1,
    "pid": 4797,
    "index": 35
  },
  {
    "name": "Load extend/response.js",
    "start": 1576005181556,
    "end": 1576005181559,
    "duration": 3,
    "pid": 4797,
    "index": 36
  },
  {
    "name": "Require(31) node_modules/egg/app/extend/response.js",
    "start": 1576005181557,
    "end": 1576005181558,
    "duration": 1,
    "pid": 4797,
    "index": 37
  },
  {
    "name": "Load extend/context.js",
    "start": 1576005181559,
    "end": 1576005181593,
    "duration": 34,
    "pid": 4797,
    "index": 38
  },
  {
    "name": "Require(32) node_modules/egg-security/app/extend/context.js",
    "start": 1576005181559,
    "end": 1576005181563,
    "duration": 4,
    "pid": 4797,
    "index": 39
  },
  {
    "name": "Require(33) node_modules/egg-jsonp/app/extend/context.js",
    "start": 1576005181563,
    "end": 1576005181563,
    "duration": 0,
    "pid": 4797,
    "index": 40
  },
  {
    "name": "Require(34) node_modules/egg-i18n/app/extend/context.js",
    "start": 1576005181564,
    "end": 1576005181564,
    "duration": 0,
    "pid": 4797,
    "index": 41
  },
  {
    "name": "Require(35) node_modules/egg-multipart/app/extend/context.js",
    "start": 1576005181564,
    "end": 1576005181591,
    "duration": 27,
    "pid": 4797,
    "index": 42
  },
  {
    "name": "Require(36) node_modules/egg-view/app/extend/context.js",
    "start": 1576005181591,
    "end": 1576005181592,
    "duration": 1,
    "pid": 4797,
    "index": 43
  },
  {
    "name": "Require(37) node_modules/egg-validate/app/extend/context.js",
    "start": 1576005181592,
    "end": 1576005181592,
    "duration": 0,
    "pid": 4797,
    "index": 44
  },
  {
    "name": "Require(38) node_modules/egg/app/extend/context.js",
    "start": 1576005181592,
    "end": 1576005181593,
    "duration": 1,
    "pid": 4797,
    "index": 45
  },
  {
    "name": "Load extend/helper.js",
    "start": 1576005181594,
    "end": 1576005181603,
    "duration": 9,
    "pid": 4797,
    "index": 46
  },
  {
    "name": "Require(39) node_modules/egg-security/app/extend/helper.js",
    "start": 1576005181594,
    "end": 1576005181601,
    "duration": 7,
    "pid": 4797,
    "index": 47
  },
  {
    "name": "Require(40) node_modules/egg/app/extend/helper.js",
    "start": 1576005181602,
    "end": 1576005181602,
    "duration": 0,
    "pid": 4797,
    "index": 48
  },
  {
    "name": "Load app.js",
    "start": 1576005181603,
    "end": 1576005181630,
    "duration": 27,
    "pid": 4797,
    "index": 49
  },
  {
    "name": "Require(41) node_modules/egg-session/app.js",
    "start": 1576005181603,
    "end": 1576005181603,
    "duration": 0,
    "pid": 4797,
    "index": 50
  },
  {
    "name": "Require(42) node_modules/egg-security/app.js",
    "start": 1576005181603,
    "end": 1576005181604,
    "duration": 1,
    "pid": 4797,
    "index": 51
  },
  {
    "name": "Require(43) node_modules/egg-onerror/app.js",
    "start": 1576005181604,
    "end": 1576005181607,
    "duration": 3,
    "pid": 4797,
    "index": 52
  },
  {
    "name": "Require(44) node_modules/egg-i18n/app.js",
    "start": 1576005181607,
    "end": 1576005181613,
    "duration": 6,
    "pid": 4797,
    "index": 53
  },
  {
    "name": "Require(45) node_modules/egg-watcher/app.js",
    "start": 1576005181613,
    "end": 1576005181615,
    "duration": 2,
    "pid": 4797,
    "index": 54
  },
  {
    "name": "Require(46) node_modules/egg-schedule/app.js",
    "start": 1576005181615,
    "end": 1576005181615,
    "duration": 0,
    "pid": 4797,
    "index": 55
  },
  {
    "name": "Require(47) node_modules/egg-multipart/app.js",
    "start": 1576005181615,
    "end": 1576005181616,
    "duration": 1,
    "pid": 4797,
    "index": 56
  },
  {
    "name": "Require(48) node_modules/egg-development/app.js",
    "start": 1576005181616,
    "end": 1576005181616,
    "duration": 0,
    "pid": 4797,
    "index": 57
  },
  {
    "name": "Require(49) node_modules/egg-logrotator/app.js",
    "start": 1576005181617,
    "end": 1576005181617,
    "duration": 0,
    "pid": 4797,
    "index": 58
  },
  {
    "name": "Require(50) node_modules/egg-static/app.js",
    "start": 1576005181617,
    "end": 1576005181617,
    "duration": 0,
    "pid": 4797,
    "index": 59
  },
  {
    "name": "Require(51) node_modules/egg-view-ejs/app.js",
    "start": 1576005181617,
    "end": 1576005181617,
    "duration": 0,
    "pid": 4797,
    "index": 60
  },
  {
    "name": "Require(52) node_modules/egg-mysql/app.js",
    "start": 1576005181617,
    "end": 1576005181628,
    "duration": 11,
    "pid": 4797,
    "index": 61
  },
  {
    "name": "Require(53) node_modules/egg-validate/app.js",
    "start": 1576005181629,
    "end": 1576005181630,
    "duration": 1,
    "pid": 4797,
    "index": 62
  },
  {
    "name": "Require(54) node_modules/egg-jwt/app.js",
    "start": 1576005181630,
    "end": 1576005181630,
    "duration": 0,
    "pid": 4797,
    "index": 63
  },
  {
    "name": "Before Start in node_modules/egg-watcher/lib/init.js:15:14",
    "start": 1576005181642,
    "end": 1576005181777,
    "duration": 135,
    "pid": 4797,
    "index": 64
  },
  {
    "name": "Before Start in node_modules/egg-mysql/lib/mysql.js:20:7",
    "start": 1576005181704,
    "end": 1576005181778,
    "duration": 74,
    "pid": 4797,
    "index": 65
  },
  {
    "name": "Load Service",
    "start": 1576005181704,
    "end": 1576005181711,
    "duration": 7,
    "pid": 4797,
    "index": 66
  },
  {
    "name": "Load \"service\" to Context",
    "start": 1576005181704,
    "end": 1576005181711,
    "duration": 7,
    "pid": 4797,
    "index": 67
  },
  {
    "name": "Load Middleware",
    "start": 1576005181712,
    "end": 1576005181745,
    "duration": 33,
    "pid": 4797,
    "index": 68
  },
  {
    "name": "Load \"middlewares\" to Application",
    "start": 1576005181712,
    "end": 1576005181739,
    "duration": 27,
    "pid": 4797,
    "index": 69
  },
  {
    "name": "Load Controller",
    "start": 1576005181746,
    "end": 1576005181752,
    "duration": 6,
    "pid": 4797,
    "index": 70
  },
  {
    "name": "Load \"controller\" to Application",
    "start": 1576005181746,
    "end": 1576005181752,
    "duration": 6,
    "pid": 4797,
    "index": 71
  },
  {
    "name": "Load Router",
    "start": 1576005181752,
    "end": 1576005181754,
    "duration": 2,
    "pid": 4797,
    "index": 72
  },
  {
    "name": "Require(55) app/router.js",
    "start": 1576005181752,
    "end": 1576005181752,
    "duration": 0,
    "pid": 4797,
    "index": 73
  },
  {
    "name": "Before Start in node_modules/egg-core/lib/egg.js:303:10",
    "start": 1576005181752,
    "end": 1576005181763,
    "duration": 11,
    "pid": 4797,
    "index": 74
  }
]