[
  {
    "name": "Application Start",
    "start": 1576005387214,
    "end": 1576005387452,
    "duration": 238,
    "pid": 4850,
    "index": 0
  },
  {
    "name": "Load Plugin",
    "start": 1576005387217,
    "end": 1576005387224,
    "duration": 7,
    "pid": 4850,
    "index": 1
  },
  {
    "name": "Load Config",
    "start": 1576005387224,
    "end": 1576005387235,
    "duration": 11,
    "pid": 4850,
    "index": 2
  },
  {
    "name": "Require(0) config/config.default.js",
    "start": 1576005387225,
    "end": 1576005387225,
    "duration": 0,
    "pid": 4850,
    "index": 3
  },
  {
    "name": "Require(1) node_modules/egg-session/config/config.default.js",
    "start": 1576005387226,
    "end": 1576005387226,
    "duration": 0,
    "pid": 4850,
    "index": 4
  },
  {
    "name": "Require(2) node_modules/egg-security/config/config.default.js",
    "start": 1576005387226,
    "end": 1576005387227,
    "duration": 1,
    "pid": 4850,
    "index": 5
  },
  {
    "name": "Require(3) node_modules/egg-jsonp/config/config.default.js",
    "start": 1576005387227,
    "end": 1576005387227,
    "duration": 0,
    "pid": 4850,
    "index": 6
  },
  {
    "name": "Require(4) node_modules/egg-onerror/config/config.default.js",
    "start": 1576005387227,
    "end": 1576005387228,
    "duration": 1,
    "pid": 4850,
    "index": 7
  },
  {
    "name": "Require(5) node_modules/egg-i18n/config/config.default.js",
    "start": 1576005387228,
    "end": 1576005387228,
    "duration": 0,
    "pid": 4850,
    "index": 8
  },
  {
    "name": "Require(6) node_modules/egg-watcher/config/config.default.js",
    "start": 1576005387228,
    "end": 1576005387228,
    "duration": 0,
    "pid": 4850,
    "index": 9
  },
  {
    "name": "Require(7) node_modules/egg-schedule/config/config.default.js",
    "start": 1576005387229,
    "end": 1576005387229,
    "duration": 0,
    "pid": 4850,
    "index": 10
  },
  {
    "name": "Require(8) node_modules/egg-multipart/config/config.default.js",
    "start": 1576005387229,
    "end": 1576005387229,
    "duration": 0,
    "pid": 4850,
    "index": 11
  },
  {
    "name": "Require(9) node_modules/egg-development/config/config.default.js",
    "start": 1576005387229,
    "end": 1576005387230,
    "duration": 1,
    "pid": 4850,
    "index": 12
  },
  {
    "name": "Require(10) node_modules/egg-logrotator/config/config.default.js",
    "start": 1576005387230,
    "end": 1576005387230,
    "duration": 0,
    "pid": 4850,
    "index": 13
  },
  {
    "name": "Require(11) node_modules/egg-static/config/config.default.js",
    "start": 1576005387230,
    "end": 1576005387230,
    "duration": 0,
    "pid": 4850,
    "index": 14
  },
  {
    "name": "Require(12) node_modules/egg-view/config/config.default.js",
    "start": 1576005387231,
    "end": 1576005387231,
    "duration": 0,
    "pid": 4850,
    "index": 15
  },
  {
    "name": "Require(13) node_modules/egg-view-ejs/config/config.default.js",
    "start": 1576005387231,
    "end": 1576005387231,
    "duration": 0,
    "pid": 4850,
    "index": 16
  },
  {
    "name": "Require(14) node_modules/egg-mysql/config/config.default.js",
    "start": 1576005387231,
    "end": 1576005387231,
    "duration": 0,
    "pid": 4850,
    "index": 17
  },
  {
    "name": "Require(15) node_modules/egg-validate/config/config.default.js",
    "start": 1576005387232,
    "end": 1576005387232,
    "duration": 0,
    "pid": 4850,
    "index": 18
  },
  {
    "name": "Require(16) node_modules/egg-jwt/config/config.default.js",
    "start": 1576005387232,
    "end": 1576005387232,
    "duration": 0,
    "pid": 4850,
    "index": 19
  },
  {
    "name": "Require(17) node_modules/egg/config/config.default.js",
    "start": 1576005387232,
    "end": 1576005387232,
    "duration": 0,
    "pid": 4850,
    "index": 20
  },
  {
    "name": "Require(18) config/config.default.js",
    "start": 1576005387233,
    "end": 1576005387233,
    "duration": 0,
    "pid": 4850,
    "index": 21
  },
  {
    "name": "Require(19) node_modules/egg-security/config/config.local.js",
    "start": 1576005387234,
    "end": 1576005387234,
    "duration": 0,
    "pid": 4850,
    "index": 22
  },
  {
    "name": "Require(20) node_modules/egg-watcher/config/config.local.js",
    "start": 1576005387234,
    "end": 1576005387234,
    "duration": 0,
    "pid": 4850,
    "index": 23
  },
  {
    "name": "Require(21) node_modules/egg-view/config/config.local.js",
    "start": 1576005387234,
    "end": 1576005387235,
    "duration": 1,
    "pid": 4850,
    "index": 24
  },
  {
    "name": "Require(22) node_modules/egg-view-ejs/config/config.local.js",
    "start": 1576005387235,
    "end": 1576005387235,
    "duration": 0,
    "pid": 4850,
    "index": 25
  },
  {
    "name": "Require(23) node_modules/egg/config/config.local.js",
    "start": 1576005387235,
    "end": 1576005387235,
    "duration": 0,
    "pid": 4850,
    "index": 26
  },
  {
    "name": "Load extend/application.js",
    "start": 1576005387236,
    "end": 1576005387258,
    "duration": 22,
    "pid": 4850,
    "index": 27
  },
  {
    "name": "Require(24) node_modules/egg-session/app/extend/application.js",
    "start": 1576005387237,
    "end": 1576005387237,
    "duration": 0,
    "pid": 4850,
    "index": 28
  },
  {
    "name": "Require(25) node_modules/egg-security/app/extend/application.js",
    "start": 1576005387237,
    "end": 1576005387237,
    "duration": 0,
    "pid": 4850,
    "index": 29
  },
  {
    "name": "Require(26) node_modules/egg-jsonp/app/extend/application.js",
    "start": 1576005387238,
    "end": 1576005387238,
    "duration": 0,
    "pid": 4850,
    "index": 30
  },
  {
    "name": "Require(27) node_modules/egg-logrotator/app/extend/application.js",
    "start": 1576005387238,
    "end": 1576005387239,
    "duration": 1,
    "pid": 4850,
    "index": 31
  },
  {
    "name": "Require(28) node_modules/egg-view/app/extend/application.js",
    "start": 1576005387239,
    "end": 1576005387240,
    "duration": 1,
    "pid": 4850,
    "index": 32
  },
  {
    "name": "Require(29) node_modules/egg-jwt/app/extend/application.js",
    "start": 1576005387240,
    "end": 1576005387257,
    "duration": 17,
    "pid": 4850,
    "index": 33
  },
  {
    "name": "Load extend/request.js",
    "start": 1576005387258,
    "end": 1576005387260,
    "duration": 2,
    "pid": 4850,
    "index": 34
  },
  {
    "name": "Require(30) node_modules/egg/app/extend/request.js",
    "start": 1576005387259,
    "end": 1576005387259,
    "duration": 0,
    "pid": 4850,
    "index": 35
  },
  {
    "name": "Load extend/response.js",
    "start": 1576005387260,
    "end": 1576005387263,
    "duration": 3,
    "pid": 4850,
    "index": 36
  },
  {
    "name": "Require(31) node_modules/egg/app/extend/response.js",
    "start": 1576005387261,
    "end": 1576005387262,
    "duration": 1,
    "pid": 4850,
    "index": 37
  },
  {
    "name": "Load extend/context.js",
    "start": 1576005387263,
    "end": 1576005387297,
    "duration": 34,
    "pid": 4850,
    "index": 38
  },
  {
    "name": "Require(32) node_modules/egg-security/app/extend/context.js",
    "start": 1576005387263,
    "end": 1576005387266,
    "duration": 3,
    "pid": 4850,
    "index": 39
  },
  {
    "name": "Require(33) node_modules/egg-jsonp/app/extend/context.js",
    "start": 1576005387266,
    "end": 1576005387267,
    "duration": 1,
    "pid": 4850,
    "index": 40
  },
  {
    "name": "Require(34) node_modules/egg-i18n/app/extend/context.js",
    "start": 1576005387267,
    "end": 1576005387267,
    "duration": 0,
    "pid": 4850,
    "index": 41
  },
  {
    "name": "Require(35) node_modules/egg-multipart/app/extend/context.js",
    "start": 1576005387267,
    "end": 1576005387295,
    "duration": 28,
    "pid": 4850,
    "index": 42
  },
  {
    "name": "Require(36) node_modules/egg-view/app/extend/context.js",
    "start": 1576005387295,
    "end": 1576005387295,
    "duration": 0,
    "pid": 4850,
    "index": 43
  },
  {
    "name": "Require(37) node_modules/egg-validate/app/extend/context.js",
    "start": 1576005387296,
    "end": 1576005387296,
    "duration": 0,
    "pid": 4850,
    "index": 44
  },
  {
    "name": "Require(38) node_modules/egg/app/extend/context.js",
    "start": 1576005387296,
    "end": 1576005387296,
    "duration": 0,
    "pid": 4850,
    "index": 45
  },
  {
    "name": "Load extend/helper.js",
    "start": 1576005387297,
    "end": 1576005387306,
    "duration": 9,
    "pid": 4850,
    "index": 46
  },
  {
    "name": "Require(39) node_modules/egg-security/app/extend/helper.js",
    "start": 1576005387297,
    "end": 1576005387304,
    "duration": 7,
    "pid": 4850,
    "index": 47
  },
  {
    "name": "Require(40) node_modules/egg/app/extend/helper.js",
    "start": 1576005387305,
    "end": 1576005387305,
    "duration": 0,
    "pid": 4850,
    "index": 48
  },
  {
    "name": "Load app.js",
    "start": 1576005387306,
    "end": 1576005387327,
    "duration": 21,
    "pid": 4850,
    "index": 49
  },
  {
    "name": "Require(41) node_modules/egg-session/app.js",
    "start": 1576005387306,
    "end": 1576005387306,
    "duration": 0,
    "pid": 4850,
    "index": 50
  },
  {
    "name": "Require(42) node_modules/egg-security/app.js",
    "start": 1576005387306,
    "end": 1576005387307,
    "duration": 1,
    "pid": 4850,
    "index": 51
  },
  {
    "name": "Require(43) node_modules/egg-onerror/app.js",
    "start": 1576005387307,
    "end": 1576005387310,
    "duration": 3,
    "pid": 4850,
    "index": 52
  },
  {
    "name": "Require(44) node_modules/egg-i18n/app.js",
    "start": 1576005387310,
    "end": 1576005387316,
    "duration": 6,
    "pid": 4850,
    "index": 53
  },
  {
    "name": "Require(45) node_modules/egg-watcher/app.js",
    "start": 1576005387316,
    "end": 1576005387317,
    "duration": 1,
    "pid": 4850,
    "index": 54
  },
  {
    "name": "Require(46) node_modules/egg-schedule/app.js",
    "start": 1576005387317,
    "end": 1576005387318,
    "duration": 1,
    "pid": 4850,
    "index": 55
  },
  {
    "name": "Require(47) node_modules/egg-multipart/app.js",
    "start": 1576005387318,
    "end": 1576005387319,
    "duration": 1,
    "pid": 4850,
    "index": 56
  },
  {
    "name": "Require(48) node_modules/egg-development/app.js",
    "start": 1576005387319,
    "end": 1576005387319,
    "duration": 0,
    "pid": 4850,
    "index": 57
  },
  {
    "name": "Require(49) node_modules/egg-logrotator/app.js",
    "start": 1576005387319,
    "end": 1576005387319,
    "duration": 0,
    "pid": 4850,
    "index": 58
  },
  {
    "name": "Require(50) node_modules/egg-static/app.js",
    "start": 1576005387319,
    "end": 1576005387319,
    "duration": 0,
    "pid": 4850,
    "index": 59
  },
  {
    "name": "Require(51) node_modules/egg-view-ejs/app.js",
    "start": 1576005387319,
    "end": 1576005387320,
    "duration": 1,
    "pid": 4850,
    "index": 60
  },
  {
    "name": "Require(52) node_modules/egg-mysql/app.js",
    "start": 1576005387320,
    "end": 1576005387326,
    "duration": 6,
    "pid": 4850,
    "index": 61
  },
  {
    "name": "Require(53) node_modules/egg-validate/app.js",
    "start": 1576005387326,
    "end": 1576005387327,
    "duration": 1,
    "pid": 4850,
    "index": 62
  },
  {
    "name": "Require(54) node_modules/egg-jwt/app.js",
    "start": 1576005387327,
    "end": 1576005387327,
    "duration": 0,
    "pid": 4850,
    "index": 63
  },
  {
    "name": "Before Start in node_modules/egg-watcher/lib/init.js:15:14",
    "start": 1576005387336,
    "end": 1576005387450,
    "duration": 114,
    "pid": 4850,
    "index": 64
  },
  {
    "name": "Before Start in node_modules/egg-mysql/lib/mysql.js:20:7",
    "start": 1576005387385,
    "end": 1576005387452,
    "duration": 67,
    "pid": 4850,
    "index": 65
  },
  {
    "name": "Load Service",
    "start": 1576005387386,
    "end": 1576005387391,
    "duration": 5,
    "pid": 4850,
    "index": 66
  },
  {
    "name": "Load \"service\" to Context",
    "start": 1576005387386,
    "end": 1576005387391,
    "duration": 5,
    "pid": 4850,
    "index": 67
  },
  {
    "name": "Load Middleware",
    "start": 1576005387392,
    "end": 1576005387423,
    "duration": 31,
    "pid": 4850,
    "index": 68
  },
  {
    "name": "Load \"middlewares\" to Application",
    "start": 1576005387392,
    "end": 1576005387417,
    "duration": 25,
    "pid": 4850,
    "index": 69
  },
  {
    "name": "Load Controller",
    "start": 1576005387423,
    "end": 1576005387428,
    "duration": 5,
    "pid": 4850,
    "index": 70
  },
  {
    "name": "Load \"controller\" to Application",
    "start": 1576005387423,
    "end": 1576005387428,
    "duration": 5,
    "pid": 4850,
    "index": 71
  },
  {
    "name": "Load Router",
    "start": 1576005387428,
    "end": 1576005387429,
    "duration": 1,
    "pid": 4850,
    "index": 72
  },
  {
    "name": "Require(55) app/router.js",
    "start": 1576005387428,
    "end": 1576005387428,
    "duration": 0,
    "pid": 4850,
    "index": 73
  },
  {
    "name": "Before Start in node_modules/egg-core/lib/egg.js:303:10",
    "start": 1576005387428,
    "end": 1576005387439,
    "duration": 11,
    "pid": 4850,
    "index": 74
  }
]