[
  {
    "name": "Application Start",
    "start": 1576003701213,
    "end": 1576003701458,
    "duration": 245,
    "pid": 4378,
    "index": 0
  },
  {
    "name": "Load Plugin",
    "start": 1576003701217,
    "end": 1576003701223,
    "duration": 6,
    "pid": 4378,
    "index": 1
  },
  {
    "name": "Load Config",
    "start": 1576003701224,
    "end": 1576003701234,
    "duration": 10,
    "pid": 4378,
    "index": 2
  },
  {
    "name": "Require(0) config/config.default.js",
    "start": 1576003701224,
    "end": 1576003701224,
    "duration": 0,
    "pid": 4378,
    "index": 3
  },
  {
    "name": "Require(1) node_modules/egg-session/config/config.default.js",
    "start": 1576003701225,
    "end": 1576003701226,
    "duration": 1,
    "pid": 4378,
    "index": 4
  },
  {
    "name": "Require(2) node_modules/egg-security/config/config.default.js",
    "start": 1576003701226,
    "end": 1576003701226,
    "duration": 0,
    "pid": 4378,
    "index": 5
  },
  {
    "name": "Require(3) node_modules/egg-jsonp/config/config.default.js",
    "start": 1576003701226,
    "end": 1576003701226,
    "duration": 0,
    "pid": 4378,
    "index": 6
  },
  {
    "name": "Require(4) node_modules/egg-onerror/config/config.default.js",
    "start": 1576003701227,
    "end": 1576003701227,
    "duration": 0,
    "pid": 4378,
    "index": 7
  },
  {
    "name": "Require(5) node_modules/egg-i18n/config/config.default.js",
    "start": 1576003701227,
    "end": 1576003701227,
    "duration": 0,
    "pid": 4378,
    "index": 8
  },
  {
    "name": "Require(6) node_modules/egg-watcher/config/config.default.js",
    "start": 1576003701228,
    "end": 1576003701228,
    "duration": 0,
    "pid": 4378,
    "index": 9
  },
  {
    "name": "Require(7) node_modules/egg-schedule/config/config.default.js",
    "start": 1576003701228,
    "end": 1576003701228,
    "duration": 0,
    "pid": 4378,
    "index": 10
  },
  {
    "name": "Require(8) node_modules/egg-multipart/config/config.default.js",
    "start": 1576003701228,
    "end": 1576003701228,
    "duration": 0,
    "pid": 4378,
    "index": 11
  },
  {
    "name": "Require(9) node_modules/egg-development/config/config.default.js",
    "start": 1576003701229,
    "end": 1576003701229,
    "duration": 0,
    "pid": 4378,
    "index": 12
  },
  {
    "name": "Require(10) node_modules/egg-logrotator/config/config.default.js",
    "start": 1576003701229,
    "end": 1576003701229,
    "duration": 0,
    "pid": 4378,
    "index": 13
  },
  {
    "name": "Require(11) node_modules/egg-static/config/config.default.js",
    "start": 1576003701229,
    "end": 1576003701229,
    "duration": 0,
    "pid": 4378,
    "index": 14
  },
  {
    "name": "Require(12) node_modules/egg-view/config/config.default.js",
    "start": 1576003701230,
    "end": 1576003701230,
    "duration": 0,
    "pid": 4378,
    "index": 15
  },
  {
    "name": "Require(13) node_modules/egg-view-ejs/config/config.default.js",
    "start": 1576003701230,
    "end": 1576003701230,
    "duration": 0,
    "pid": 4378,
    "index": 16
  },
  {
    "name": "Require(14) node_modules/egg-mysql/config/config.default.js",
    "start": 1576003701230,
    "end": 1576003701230,
    "duration": 0,
    "pid": 4378,
    "index": 17
  },
  {
    "name": "Require(15) node_modules/egg-validate/config/config.default.js",
    "start": 1576003701230,
    "end": 1576003701231,
    "duration": 1,
    "pid": 4378,
    "index": 18
  },
  {
    "name": "Require(16) node_modules/egg-jwt/config/config.default.js",
    "start": 1576003701231,
    "end": 1576003701231,
    "duration": 0,
    "pid": 4378,
    "index": 19
  },
  {
    "name": "Require(17) node_modules/egg/config/config.default.js",
    "start": 1576003701231,
    "end": 1576003701231,
    "duration": 0,
    "pid": 4378,
    "index": 20
  },
  {
    "name": "Require(18) config/config.default.js",
    "start": 1576003701232,
    "end": 1576003701232,
    "duration": 0,
    "pid": 4378,
    "index": 21
  },
  {
    "name": "Require(19) node_modules/egg-security/config/config.local.js",
    "start": 1576003701232,
    "end": 1576003701232,
    "duration": 0,
    "pid": 4378,
    "index": 22
  },
  {
    "name": "Require(20) node_modules/egg-watcher/config/config.local.js",
    "start": 1576003701233,
    "end": 1576003701233,
    "duration": 0,
    "pid": 4378,
    "index": 23
  },
  {
    "name": "Require(21) node_modules/egg-view/config/config.local.js",
    "start": 1576003701233,
    "end": 1576003701233,
    "duration": 0,
    "pid": 4378,
    "index": 24
  },
  {
    "name": "Require(22) node_modules/egg-view-ejs/config/config.local.js",
    "start": 1576003701233,
    "end": 1576003701233,
    "duration": 0,
    "pid": 4378,
    "index": 25
  },
  {
    "name": "Require(23) node_modules/egg/config/config.local.js",
    "start": 1576003701234,
    "end": 1576003701234,
    "duration": 0,
    "pid": 4378,
    "index": 26
  },
  {
    "name": "Load extend/application.js",
    "start": 1576003701235,
    "end": 1576003701256,
    "duration": 21,
    "pid": 4378,
    "index": 27
  },
  {
    "name": "Require(24) node_modules/egg-session/app/extend/application.js",
    "start": 1576003701235,
    "end": 1576003701235,
    "duration": 0,
    "pid": 4378,
    "index": 28
  },
  {
    "name": "Require(25) node_modules/egg-security/app/extend/application.js",
    "start": 1576003701236,
    "end": 1576003701236,
    "duration": 0,
    "pid": 4378,
    "index": 29
  },
  {
    "name": "Require(26) node_modules/egg-jsonp/app/extend/application.js",
    "start": 1576003701236,
    "end": 1576003701237,
    "duration": 1,
    "pid": 4378,
    "index": 30
  },
  {
    "name": "Require(27) node_modules/egg-logrotator/app/extend/application.js",
    "start": 1576003701237,
    "end": 1576003701237,
    "duration": 0,
    "pid": 4378,
    "index": 31
  },
  {
    "name": "Require(28) node_modules/egg-view/app/extend/application.js",
    "start": 1576003701238,
    "end": 1576003701238,
    "duration": 0,
    "pid": 4378,
    "index": 32
  },
  {
    "name": "Require(29) node_modules/egg-jwt/app/extend/application.js",
    "start": 1576003701238,
    "end": 1576003701255,
    "duration": 17,
    "pid": 4378,
    "index": 33
  },
  {
    "name": "Load extend/request.js",
    "start": 1576003701256,
    "end": 1576003701258,
    "duration": 2,
    "pid": 4378,
    "index": 34
  },
  {
    "name": "Require(30) node_modules/egg/app/extend/request.js",
    "start": 1576003701257,
    "end": 1576003701257,
    "duration": 0,
    "pid": 4378,
    "index": 35
  },
  {
    "name": "Load extend/response.js",
    "start": 1576003701258,
    "end": 1576003701261,
    "duration": 3,
    "pid": 4378,
    "index": 36
  },
  {
    "name": "Require(31) node_modules/egg/app/extend/response.js",
    "start": 1576003701258,
    "end": 1576003701259,
    "duration": 1,
    "pid": 4378,
    "index": 37
  },
  {
    "name": "Load extend/context.js",
    "start": 1576003701261,
    "end": 1576003701294,
    "duration": 33,
    "pid": 4378,
    "index": 38
  },
  {
    "name": "Require(32) node_modules/egg-security/app/extend/context.js",
    "start": 1576003701261,
    "end": 1576003701264,
    "duration": 3,
    "pid": 4378,
    "index": 39
  },
  {
    "name": "Require(33) node_modules/egg-jsonp/app/extend/context.js",
    "start": 1576003701264,
    "end": 1576003701265,
    "duration": 1,
    "pid": 4378,
    "index": 40
  },
  {
    "name": "Require(34) node_modules/egg-i18n/app/extend/context.js",
    "start": 1576003701265,
    "end": 1576003701265,
    "duration": 0,
    "pid": 4378,
    "index": 41
  },
  {
    "name": "Require(35) node_modules/egg-multipart/app/extend/context.js",
    "start": 1576003701265,
    "end": 1576003701291,
    "duration": 26,
    "pid": 4378,
    "index": 42
  },
  {
    "name": "Require(36) node_modules/egg-view/app/extend/context.js",
    "start": 1576003701292,
    "end": 1576003701292,
    "duration": 0,
    "pid": 4378,
    "index": 43
  },
  {
    "name": "Require(37) node_modules/egg-validate/app/extend/context.js",
    "start": 1576003701292,
    "end": 1576003701292,
    "duration": 0,
    "pid": 4378,
    "index": 44
  },
  {
    "name": "Require(38) node_modules/egg/app/extend/context.js",
    "start": 1576003701293,
    "end": 1576003701293,
    "duration": 0,
    "pid": 4378,
    "index": 45
  },
  {
    "name": "Load extend/helper.js",
    "start": 1576003701294,
    "end": 1576003701302,
    "duration": 8,
    "pid": 4378,
    "index": 46
  },
  {
    "name": "Require(39) node_modules/egg-security/app/extend/helper.js",
    "start": 1576003701294,
    "end": 1576003701301,
    "duration": 7,
    "pid": 4378,
    "index": 47
  },
  {
    "name": "Require(40) node_modules/egg/app/extend/helper.js",
    "start": 1576003701301,
    "end": 1576003701302,
    "duration": 1,
    "pid": 4378,
    "index": 48
  },
  {
    "name": "Load app.js",
    "start": 1576003701302,
    "end": 1576003701324,
    "duration": 22,
    "pid": 4378,
    "index": 49
  },
  {
    "name": "Require(41) node_modules/egg-session/app.js",
    "start": 1576003701302,
    "end": 1576003701303,
    "duration": 1,
    "pid": 4378,
    "index": 50
  },
  {
    "name": "Require(42) node_modules/egg-security/app.js",
    "start": 1576003701303,
    "end": 1576003701303,
    "duration": 0,
    "pid": 4378,
    "index": 51
  },
  {
    "name": "Require(43) node_modules/egg-onerror/app.js",
    "start": 1576003701303,
    "end": 1576003701307,
    "duration": 4,
    "pid": 4378,
    "index": 52
  },
  {
    "name": "Require(44) node_modules/egg-i18n/app.js",
    "start": 1576003701307,
    "end": 1576003701313,
    "duration": 6,
    "pid": 4378,
    "index": 53
  },
  {
    "name": "Require(45) node_modules/egg-watcher/app.js",
    "start": 1576003701313,
    "end": 1576003701314,
    "duration": 1,
    "pid": 4378,
    "index": 54
  },
  {
    "name": "Require(46) node_modules/egg-schedule/app.js",
    "start": 1576003701314,
    "end": 1576003701315,
    "duration": 1,
    "pid": 4378,
    "index": 55
  },
  {
    "name": "Require(47) node_modules/egg-multipart/app.js",
    "start": 1576003701315,
    "end": 1576003701316,
    "duration": 1,
    "pid": 4378,
    "index": 56
  },
  {
    "name": "Require(48) node_modules/egg-development/app.js",
    "start": 1576003701316,
    "end": 1576003701316,
    "duration": 0,
    "pid": 4378,
    "index": 57
  },
  {
    "name": "Require(49) node_modules/egg-logrotator/app.js",
    "start": 1576003701316,
    "end": 1576003701316,
    "duration": 0,
    "pid": 4378,
    "index": 58
  },
  {
    "name": "Require(50) node_modules/egg-static/app.js",
    "start": 1576003701316,
    "end": 1576003701316,
    "duration": 0,
    "pid": 4378,
    "index": 59
  },
  {
    "name": "Require(51) node_modules/egg-view-ejs/app.js",
    "start": 1576003701316,
    "end": 1576003701317,
    "duration": 1,
    "pid": 4378,
    "index": 60
  },
  {
    "name": "Require(52) node_modules/egg-mysql/app.js",
    "start": 1576003701317,
    "end": 1576003701322,
    "duration": 5,
    "pid": 4378,
    "index": 61
  },
  {
    "name": "Require(53) node_modules/egg-validate/app.js",
    "start": 1576003701322,
    "end": 1576003701323,
    "duration": 1,
    "pid": 4378,
    "index": 62
  },
  {
    "name": "Require(54) node_modules/egg-jwt/app.js",
    "start": 1576003701323,
    "end": 1576003701324,
    "duration": 1,
    "pid": 4378,
    "index": 63
  },
  {
    "name": "Before Start in node_modules/egg-watcher/lib/init.js:15:14",
    "start": 1576003701333,
    "end": 1576003701456,
    "duration": 123,
    "pid": 4378,
    "index": 64
  },
  {
    "name": "Before Start in node_modules/egg-mysql/lib/mysql.js:20:7",
    "start": 1576003701388,
    "end": 1576003701458,
    "duration": 70,
    "pid": 4378,
    "index": 65
  },
  {
    "name": "Load Service",
    "start": 1576003701389,
    "end": 1576003701395,
    "duration": 6,
    "pid": 4378,
    "index": 66
  },
  {
    "name": "Load \"service\" to Context",
    "start": 1576003701389,
    "end": 1576003701395,
    "duration": 6,
    "pid": 4378,
    "index": 67
  },
  {
    "name": "Load Middleware",
    "start": 1576003701395,
    "end": 1576003701427,
    "duration": 32,
    "pid": 4378,
    "index": 68
  },
  {
    "name": "Load \"middlewares\" to Application",
    "start": 1576003701396,
    "end": 1576003701421,
    "duration": 25,
    "pid": 4378,
    "index": 69
  },
  {
    "name": "Load Controller",
    "start": 1576003701427,
    "end": 1576003701433,
    "duration": 6,
    "pid": 4378,
    "index": 70
  },
  {
    "name": "Load \"controller\" to Application",
    "start": 1576003701427,
    "end": 1576003701433,
    "duration": 6,
    "pid": 4378,
    "index": 71
  },
  {
    "name": "Load Router",
    "start": 1576003701433,
    "end": 1576003701435,
    "duration": 2,
    "pid": 4378,
    "index": 72
  },
  {
    "name": "Require(55) app/router.js",
    "start": 1576003701433,
    "end": 1576003701433,
    "duration": 0,
    "pid": 4378,
    "index": 73
  },
  {
    "name": "Before Start in node_modules/egg-core/lib/egg.js:303:10",
    "start": 1576003701434,
    "end": 1576003701444,
    "duration": 10,
    "pid": 4378,
    "index": 74
  }
]