[
  {
    "name": "Application Start",
    "start": 1576004186184,
    "end": 1576004186395,
    "duration": 211,
    "pid": 4480,
    "index": 0
  },
  {
    "name": "Load Plugin",
    "start": 1576004186187,
    "end": 1576004186192,
    "duration": 5,
    "pid": 4480,
    "index": 1
  },
  {
    "name": "Load Config",
    "start": 1576004186192,
    "end": 1576004186201,
    "duration": 9,
    "pid": 4480,
    "index": 2
  },
  {
    "name": "Require(0) config/config.default.js",
    "start": 1576004186193,
    "end": 1576004186193,
    "duration": 0,
    "pid": 4480,
    "index": 3
  },
  {
    "name": "Require(1) node_modules/egg-session/config/config.default.js",
    "start": 1576004186194,
    "end": 1576004186194,
    "duration": 0,
    "pid": 4480,
    "index": 4
  },
  {
    "name": "Require(2) node_modules/egg-security/config/config.default.js",
    "start": 1576004186194,
    "end": 1576004186194,
    "duration": 0,
    "pid": 4480,
    "index": 5
  },
  {
    "name": "Require(3) node_modules/egg-jsonp/config/config.default.js",
    "start": 1576004186194,
    "end": 1576004186194,
    "duration": 0,
    "pid": 4480,
    "index": 6
  },
  {
    "name": "Require(4) node_modules/egg-onerror/config/config.default.js",
    "start": 1576004186195,
    "end": 1576004186195,
    "duration": 0,
    "pid": 4480,
    "index": 7
  },
  {
    "name": "Require(5) node_modules/egg-i18n/config/config.default.js",
    "start": 1576004186195,
    "end": 1576004186195,
    "duration": 0,
    "pid": 4480,
    "index": 8
  },
  {
    "name": "Require(6) node_modules/egg-watcher/config/config.default.js",
    "start": 1576004186195,
    "end": 1576004186195,
    "duration": 0,
    "pid": 4480,
    "index": 9
  },
  {
    "name": "Require(7) node_modules/egg-schedule/config/config.default.js",
    "start": 1576004186196,
    "end": 1576004186196,
    "duration": 0,
    "pid": 4480,
    "index": 10
  },
  {
    "name": "Require(8) node_modules/egg-multipart/config/config.default.js",
    "start": 1576004186196,
    "end": 1576004186196,
    "duration": 0,
    "pid": 4480,
    "index": 11
  },
  {
    "name": "Require(9) node_modules/egg-development/config/config.default.js",
    "start": 1576004186196,
    "end": 1576004186197,
    "duration": 1,
    "pid": 4480,
    "index": 12
  },
  {
    "name": "Require(10) node_modules/egg-logrotator/config/config.default.js",
    "start": 1576004186197,
    "end": 1576004186197,
    "duration": 0,
    "pid": 4480,
    "index": 13
  },
  {
    "name": "Require(11) node_modules/egg-static/config/config.default.js",
    "start": 1576004186197,
    "end": 1576004186197,
    "duration": 0,
    "pid": 4480,
    "index": 14
  },
  {
    "name": "Require(12) node_modules/egg-view/config/config.default.js",
    "start": 1576004186197,
    "end": 1576004186197,
    "duration": 0,
    "pid": 4480,
    "index": 15
  },
  {
    "name": "Require(13) node_modules/egg-view-ejs/config/config.default.js",
    "start": 1576004186198,
    "end": 1576004186198,
    "duration": 0,
    "pid": 4480,
    "index": 16
  },
  {
    "name": "Require(14) node_modules/egg-mysql/config/config.default.js",
    "start": 1576004186198,
    "end": 1576004186198,
    "duration": 0,
    "pid": 4480,
    "index": 17
  },
  {
    "name": "Require(15) node_modules/egg-validate/config/config.default.js",
    "start": 1576004186198,
    "end": 1576004186198,
    "duration": 0,
    "pid": 4480,
    "index": 18
  },
  {
    "name": "Require(16) node_modules/egg-jwt/config/config.default.js",
    "start": 1576004186198,
    "end": 1576004186198,
    "duration": 0,
    "pid": 4480,
    "index": 19
  },
  {
    "name": "Require(17) node_modules/egg/config/config.default.js",
    "start": 1576004186198,
    "end": 1576004186199,
    "duration": 1,
    "pid": 4480,
    "index": 20
  },
  {
    "name": "Require(18) config/config.default.js",
    "start": 1576004186199,
    "end": 1576004186199,
    "duration": 0,
    "pid": 4480,
    "index": 21
  },
  {
    "name": "Require(19) node_modules/egg-security/config/config.local.js",
    "start": 1576004186200,
    "end": 1576004186200,
    "duration": 0,
    "pid": 4480,
    "index": 22
  },
  {
    "name": "Require(20) node_modules/egg-watcher/config/config.local.js",
    "start": 1576004186200,
    "end": 1576004186200,
    "duration": 0,
    "pid": 4480,
    "index": 23
  },
  {
    "name": "Require(21) node_modules/egg-view/config/config.local.js",
    "start": 1576004186200,
    "end": 1576004186200,
    "duration": 0,
    "pid": 4480,
    "index": 24
  },
  {
    "name": "Require(22) node_modules/egg-view-ejs/config/config.local.js",
    "start": 1576004186200,
    "end": 1576004186201,
    "duration": 1,
    "pid": 4480,
    "index": 25
  },
  {
    "name": "Require(23) node_modules/egg/config/config.local.js",
    "start": 1576004186201,
    "end": 1576004186201,
    "duration": 0,
    "pid": 4480,
    "index": 26
  },
  {
    "name": "Load extend/application.js",
    "start": 1576004186202,
    "end": 1576004186221,
    "duration": 19,
    "pid": 4480,
    "index": 27
  },
  {
    "name": "Require(24) node_modules/egg-session/app/extend/application.js",
    "start": 1576004186202,
    "end": 1576004186202,
    "duration": 0,
    "pid": 4480,
    "index": 28
  },
  {
    "name": "Require(25) node_modules/egg-security/app/extend/application.js",
    "start": 1576004186202,
    "end": 1576004186203,
    "duration": 1,
    "pid": 4480,
    "index": 29
  },
  {
    "name": "Require(26) node_modules/egg-jsonp/app/extend/application.js",
    "start": 1576004186203,
    "end": 1576004186203,
    "duration": 0,
    "pid": 4480,
    "index": 30
  },
  {
    "name": "Require(27) node_modules/egg-logrotator/app/extend/application.js",
    "start": 1576004186203,
    "end": 1576004186204,
    "duration": 1,
    "pid": 4480,
    "index": 31
  },
  {
    "name": "Require(28) node_modules/egg-view/app/extend/application.js",
    "start": 1576004186204,
    "end": 1576004186204,
    "duration": 0,
    "pid": 4480,
    "index": 32
  },
  {
    "name": "Require(29) node_modules/egg-jwt/app/extend/application.js",
    "start": 1576004186205,
    "end": 1576004186218,
    "duration": 13,
    "pid": 4480,
    "index": 33
  },
  {
    "name": "Load extend/request.js",
    "start": 1576004186221,
    "end": 1576004186222,
    "duration": 1,
    "pid": 4480,
    "index": 34
  },
  {
    "name": "Require(30) node_modules/egg/app/extend/request.js",
    "start": 1576004186221,
    "end": 1576004186222,
    "duration": 1,
    "pid": 4480,
    "index": 35
  },
  {
    "name": "Load extend/response.js",
    "start": 1576004186222,
    "end": 1576004186224,
    "duration": 2,
    "pid": 4480,
    "index": 36
  },
  {
    "name": "Require(31) node_modules/egg/app/extend/response.js",
    "start": 1576004186223,
    "end": 1576004186223,
    "duration": 0,
    "pid": 4480,
    "index": 37
  },
  {
    "name": "Load extend/context.js",
    "start": 1576004186224,
    "end": 1576004186255,
    "duration": 31,
    "pid": 4480,
    "index": 38
  },
  {
    "name": "Require(32) node_modules/egg-security/app/extend/context.js",
    "start": 1576004186224,
    "end": 1576004186226,
    "duration": 2,
    "pid": 4480,
    "index": 39
  },
  {
    "name": "Require(33) node_modules/egg-jsonp/app/extend/context.js",
    "start": 1576004186227,
    "end": 1576004186227,
    "duration": 0,
    "pid": 4480,
    "index": 40
  },
  {
    "name": "Require(34) node_modules/egg-i18n/app/extend/context.js",
    "start": 1576004186227,
    "end": 1576004186227,
    "duration": 0,
    "pid": 4480,
    "index": 41
  },
  {
    "name": "Require(35) node_modules/egg-multipart/app/extend/context.js",
    "start": 1576004186227,
    "end": 1576004186253,
    "duration": 26,
    "pid": 4480,
    "index": 42
  },
  {
    "name": "Require(36) node_modules/egg-view/app/extend/context.js",
    "start": 1576004186254,
    "end": 1576004186254,
    "duration": 0,
    "pid": 4480,
    "index": 43
  },
  {
    "name": "Require(37) node_modules/egg-validate/app/extend/context.js",
    "start": 1576004186254,
    "end": 1576004186254,
    "duration": 0,
    "pid": 4480,
    "index": 44
  },
  {
    "name": "Require(38) node_modules/egg/app/extend/context.js",
    "start": 1576004186254,
    "end": 1576004186255,
    "duration": 1,
    "pid": 4480,
    "index": 45
  },
  {
    "name": "Load extend/helper.js",
    "start": 1576004186255,
    "end": 1576004186262,
    "duration": 7,
    "pid": 4480,
    "index": 46
  },
  {
    "name": "Require(39) node_modules/egg-security/app/extend/helper.js",
    "start": 1576004186256,
    "end": 1576004186261,
    "duration": 5,
    "pid": 4480,
    "index": 47
  },
  {
    "name": "Require(40) node_modules/egg/app/extend/helper.js",
    "start": 1576004186262,
    "end": 1576004186262,
    "duration": 0,
    "pid": 4480,
    "index": 48
  },
  {
    "name": "Load app.js",
    "start": 1576004186263,
    "end": 1576004186281,
    "duration": 18,
    "pid": 4480,
    "index": 49
  },
  {
    "name": "Require(41) node_modules/egg-session/app.js",
    "start": 1576004186263,
    "end": 1576004186263,
    "duration": 0,
    "pid": 4480,
    "index": 50
  },
  {
    "name": "Require(42) node_modules/egg-security/app.js",
    "start": 1576004186263,
    "end": 1576004186263,
    "duration": 0,
    "pid": 4480,
    "index": 51
  },
  {
    "name": "Require(43) node_modules/egg-onerror/app.js",
    "start": 1576004186264,
    "end": 1576004186266,
    "duration": 2,
    "pid": 4480,
    "index": 52
  },
  {
    "name": "Require(44) node_modules/egg-i18n/app.js",
    "start": 1576004186267,
    "end": 1576004186272,
    "duration": 5,
    "pid": 4480,
    "index": 53
  },
  {
    "name": "Require(45) node_modules/egg-watcher/app.js",
    "start": 1576004186272,
    "end": 1576004186273,
    "duration": 1,
    "pid": 4480,
    "index": 54
  },
  {
    "name": "Require(46) node_modules/egg-schedule/app.js",
    "start": 1576004186273,
    "end": 1576004186273,
    "duration": 0,
    "pid": 4480,
    "index": 55
  },
  {
    "name": "Require(47) node_modules/egg-multipart/app.js",
    "start": 1576004186273,
    "end": 1576004186274,
    "duration": 1,
    "pid": 4480,
    "index": 56
  },
  {
    "name": "Require(48) node_modules/egg-development/app.js",
    "start": 1576004186274,
    "end": 1576004186274,
    "duration": 0,
    "pid": 4480,
    "index": 57
  },
  {
    "name": "Require(49) node_modules/egg-logrotator/app.js",
    "start": 1576004186274,
    "end": 1576004186274,
    "duration": 0,
    "pid": 4480,
    "index": 58
  },
  {
    "name": "Require(50) node_modules/egg-static/app.js",
    "start": 1576004186274,
    "end": 1576004186275,
    "duration": 1,
    "pid": 4480,
    "index": 59
  },
  {
    "name": "Require(51) node_modules/egg-view-ejs/app.js",
    "start": 1576004186275,
    "end": 1576004186275,
    "duration": 0,
    "pid": 4480,
    "index": 60
  },
  {
    "name": "Require(52) node_modules/egg-mysql/app.js",
    "start": 1576004186275,
    "end": 1576004186280,
    "duration": 5,
    "pid": 4480,
    "index": 61
  },
  {
    "name": "Require(53) node_modules/egg-validate/app.js",
    "start": 1576004186280,
    "end": 1576004186281,
    "duration": 1,
    "pid": 4480,
    "index": 62
  },
  {
    "name": "Require(54) node_modules/egg-jwt/app.js",
    "start": 1576004186281,
    "end": 1576004186281,
    "duration": 0,
    "pid": 4480,
    "index": 63
  },
  {
    "name": "Before Start in node_modules/egg-watcher/lib/init.js:15:14",
    "start": 1576004186289,
    "end": 1576004186393,
    "duration": 104,
    "pid": 4480,
    "index": 64
  },
  {
    "name": "Before Start in node_modules/egg-mysql/lib/mysql.js:20:7",
    "start": 1576004186335,
    "end": 1576004186394,
    "duration": 59,
    "pid": 4480,
    "index": 65
  },
  {
    "name": "Load Service",
    "start": 1576004186336,
    "end": 1576004186342,
    "duration": 6,
    "pid": 4480,
    "index": 66
  },
  {
    "name": "Load \"service\" to Context",
    "start": 1576004186336,
    "end": 1576004186342,
    "duration": 6,
    "pid": 4480,
    "index": 67
  },
  {
    "name": "Load Middleware",
    "start": 1576004186342,
    "end": 1576004186370,
    "duration": 28,
    "pid": 4480,
    "index": 68
  },
  {
    "name": "Load \"middlewares\" to Application",
    "start": 1576004186342,
    "end": 1576004186364,
    "duration": 22,
    "pid": 4480,
    "index": 69
  },
  {
    "name": "Load Controller",
    "start": 1576004186370,
    "end": 1576004186374,
    "duration": 4,
    "pid": 4480,
    "index": 70
  },
  {
    "name": "Load \"controller\" to Application",
    "start": 1576004186370,
    "end": 1576004186374,
    "duration": 4,
    "pid": 4480,
    "index": 71
  },
  {
    "name": "Load Router",
    "start": 1576004186374,
    "end": 1576004186376,
    "duration": 2,
    "pid": 4480,
    "index": 72
  },
  {
    "name": "Require(55) app/router.js",
    "start": 1576004186374,
    "end": 1576004186374,
    "duration": 0,
    "pid": 4480,
    "index": 73
  },
  {
    "name": "Before Start in node_modules/egg-core/lib/egg.js:303:10",
    "start": 1576004186375,
    "end": 1576004186383,
    "duration": 8,
    "pid": 4480,
    "index": 74
  }
]