[
  {
    "name": "Application Start",
    "start": 1576003479643,
    "end": 1576003479880,
    "duration": 237,
    "pid": 4248,
    "index": 0
  },
  {
    "name": "Load Plugin",
    "start": 1576003479646,
    "end": 1576003479651,
    "duration": 5,
    "pid": 4248,
    "index": 1
  },
  {
    "name": "Load Config",
    "start": 1576003479651,
    "end": 1576003479660,
    "duration": 9,
    "pid": 4248,
    "index": 2
  },
  {
    "name": "Require(0) config/config.default.js",
    "start": 1576003479651,
    "end": 1576003479652,
    "duration": 1,
    "pid": 4248,
    "index": 3
  },
  {
    "name": "Require(1) node_modules/egg-session/config/config.default.js",
    "start": 1576003479653,
    "end": 1576003479653,
    "duration": 0,
    "pid": 4248,
    "index": 4
  },
  {
    "name": "Require(2) node_modules/egg-security/config/config.default.js",
    "start": 1576003479653,
    "end": 1576003479653,
    "duration": 0,
    "pid": 4248,
    "index": 5
  },
  {
    "name": "Require(3) node_modules/egg-jsonp/config/config.default.js",
    "start": 1576003479654,
    "end": 1576003479654,
    "duration": 0,
    "pid": 4248,
    "index": 6
  },
  {
    "name": "Require(4) node_modules/egg-onerror/config/config.default.js",
    "start": 1576003479654,
    "end": 1576003479654,
    "duration": 0,
    "pid": 4248,
    "index": 7
  },
  {
    "name": "Require(5) node_modules/egg-i18n/config/config.default.js",
    "start": 1576003479654,
    "end": 1576003479654,
    "duration": 0,
    "pid": 4248,
    "index": 8
  },
  {
    "name": "Require(6) node_modules/egg-watcher/config/config.default.js",
    "start": 1576003479655,
    "end": 1576003479655,
    "duration": 0,
    "pid": 4248,
    "index": 9
  },
  {
    "name": "Require(7) node_modules/egg-schedule/config/config.default.js",
    "start": 1576003479655,
    "end": 1576003479655,
    "duration": 0,
    "pid": 4248,
    "index": 10
  },
  {
    "name": "Require(8) node_modules/egg-multipart/config/config.default.js",
    "start": 1576003479655,
    "end": 1576003479655,
    "duration": 0,
    "pid": 4248,
    "index": 11
  },
  {
    "name": "Require(9) node_modules/egg-development/config/config.default.js",
    "start": 1576003479655,
    "end": 1576003479656,
    "duration": 1,
    "pid": 4248,
    "index": 12
  },
  {
    "name": "Require(10) node_modules/egg-logrotator/config/config.default.js",
    "start": 1576003479656,
    "end": 1576003479656,
    "duration": 0,
    "pid": 4248,
    "index": 13
  },
  {
    "name": "Require(11) node_modules/egg-static/config/config.default.js",
    "start": 1576003479656,
    "end": 1576003479656,
    "duration": 0,
    "pid": 4248,
    "index": 14
  },
  {
    "name": "Require(12) node_modules/egg-view/config/config.default.js",
    "start": 1576003479656,
    "end": 1576003479656,
    "duration": 0,
    "pid": 4248,
    "index": 15
  },
  {
    "name": "Require(13) node_modules/egg-view-ejs/config/config.default.js",
    "start": 1576003479657,
    "end": 1576003479657,
    "duration": 0,
    "pid": 4248,
    "index": 16
  },
  {
    "name": "Require(14) node_modules/egg-mysql/config/config.default.js",
    "start": 1576003479657,
    "end": 1576003479657,
    "duration": 0,
    "pid": 4248,
    "index": 17
  },
  {
    "name": "Require(15) node_modules/egg-validate/config/config.default.js",
    "start": 1576003479657,
    "end": 1576003479657,
    "duration": 0,
    "pid": 4248,
    "index": 18
  },
  {
    "name": "Require(16) node_modules/egg-jwt/config/config.default.js",
    "start": 1576003479657,
    "end": 1576003479658,
    "duration": 1,
    "pid": 4248,
    "index": 19
  },
  {
    "name": "Require(17) node_modules/egg/config/config.default.js",
    "start": 1576003479658,
    "end": 1576003479658,
    "duration": 0,
    "pid": 4248,
    "index": 20
  },
  {
    "name": "Require(18) config/config.default.js",
    "start": 1576003479659,
    "end": 1576003479659,
    "duration": 0,
    "pid": 4248,
    "index": 21
  },
  {
    "name": "Require(19) node_modules/egg-security/config/config.local.js",
    "start": 1576003479659,
    "end": 1576003479659,
    "duration": 0,
    "pid": 4248,
    "index": 22
  },
  {
    "name": "Require(20) node_modules/egg-watcher/config/config.local.js",
    "start": 1576003479659,
    "end": 1576003479659,
    "duration": 0,
    "pid": 4248,
    "index": 23
  },
  {
    "name": "Require(21) node_modules/egg-view/config/config.local.js",
    "start": 1576003479660,
    "end": 1576003479660,
    "duration": 0,
    "pid": 4248,
    "index": 24
  },
  {
    "name": "Require(22) node_modules/egg-view-ejs/config/config.local.js",
    "start": 1576003479660,
    "end": 1576003479660,
    "duration": 0,
    "pid": 4248,
    "index": 25
  },
  {
    "name": "Require(23) node_modules/egg/config/config.local.js",
    "start": 1576003479660,
    "end": 1576003479660,
    "duration": 0,
    "pid": 4248,
    "index": 26
  },
  {
    "name": "Load extend/application.js",
    "start": 1576003479661,
    "end": 1576003479679,
    "duration": 18,
    "pid": 4248,
    "index": 27
  },
  {
    "name": "Require(24) node_modules/egg-session/app/extend/application.js",
    "start": 1576003479661,
    "end": 1576003479662,
    "duration": 1,
    "pid": 4248,
    "index": 28
  },
  {
    "name": "Require(25) node_modules/egg-security/app/extend/application.js",
    "start": 1576003479662,
    "end": 1576003479662,
    "duration": 0,
    "pid": 4248,
    "index": 29
  },
  {
    "name": "Require(26) node_modules/egg-jsonp/app/extend/application.js",
    "start": 1576003479662,
    "end": 1576003479663,
    "duration": 1,
    "pid": 4248,
    "index": 30
  },
  {
    "name": "Require(27) node_modules/egg-logrotator/app/extend/application.js",
    "start": 1576003479663,
    "end": 1576003479663,
    "duration": 0,
    "pid": 4248,
    "index": 31
  },
  {
    "name": "Require(28) node_modules/egg-view/app/extend/application.js",
    "start": 1576003479663,
    "end": 1576003479664,
    "duration": 1,
    "pid": 4248,
    "index": 32
  },
  {
    "name": "Require(29) node_modules/egg-jwt/app/extend/application.js",
    "start": 1576003479664,
    "end": 1576003479679,
    "duration": 15,
    "pid": 4248,
    "index": 33
  },
  {
    "name": "Load extend/request.js",
    "start": 1576003479679,
    "end": 1576003479681,
    "duration": 2,
    "pid": 4248,
    "index": 34
  },
  {
    "name": "Require(30) node_modules/egg/app/extend/request.js",
    "start": 1576003479680,
    "end": 1576003479680,
    "duration": 0,
    "pid": 4248,
    "index": 35
  },
  {
    "name": "Load extend/response.js",
    "start": 1576003479681,
    "end": 1576003479683,
    "duration": 2,
    "pid": 4248,
    "index": 36
  },
  {
    "name": "Require(31) node_modules/egg/app/extend/response.js",
    "start": 1576003479682,
    "end": 1576003479683,
    "duration": 1,
    "pid": 4248,
    "index": 37
  },
  {
    "name": "Load extend/context.js",
    "start": 1576003479683,
    "end": 1576003479724,
    "duration": 41,
    "pid": 4248,
    "index": 38
  },
  {
    "name": "Require(32) node_modules/egg-security/app/extend/context.js",
    "start": 1576003479684,
    "end": 1576003479686,
    "duration": 2,
    "pid": 4248,
    "index": 39
  },
  {
    "name": "Require(33) node_modules/egg-jsonp/app/extend/context.js",
    "start": 1576003479686,
    "end": 1576003479687,
    "duration": 1,
    "pid": 4248,
    "index": 40
  },
  {
    "name": "Require(34) node_modules/egg-i18n/app/extend/context.js",
    "start": 1576003479687,
    "end": 1576003479687,
    "duration": 0,
    "pid": 4248,
    "index": 41
  },
  {
    "name": "Require(35) node_modules/egg-multipart/app/extend/context.js",
    "start": 1576003479687,
    "end": 1576003479721,
    "duration": 34,
    "pid": 4248,
    "index": 42
  },
  {
    "name": "Require(36) node_modules/egg-view/app/extend/context.js",
    "start": 1576003479721,
    "end": 1576003479722,
    "duration": 1,
    "pid": 4248,
    "index": 43
  },
  {
    "name": "Require(37) node_modules/egg-validate/app/extend/context.js",
    "start": 1576003479722,
    "end": 1576003479722,
    "duration": 0,
    "pid": 4248,
    "index": 44
  },
  {
    "name": "Require(38) node_modules/egg/app/extend/context.js",
    "start": 1576003479722,
    "end": 1576003479723,
    "duration": 1,
    "pid": 4248,
    "index": 45
  },
  {
    "name": "Load extend/helper.js",
    "start": 1576003479724,
    "end": 1576003479732,
    "duration": 8,
    "pid": 4248,
    "index": 46
  },
  {
    "name": "Require(39) node_modules/egg-security/app/extend/helper.js",
    "start": 1576003479724,
    "end": 1576003479731,
    "duration": 7,
    "pid": 4248,
    "index": 47
  },
  {
    "name": "Require(40) node_modules/egg/app/extend/helper.js",
    "start": 1576003479732,
    "end": 1576003479732,
    "duration": 0,
    "pid": 4248,
    "index": 48
  },
  {
    "name": "Load app.js",
    "start": 1576003479733,
    "end": 1576003479756,
    "duration": 23,
    "pid": 4248,
    "index": 49
  },
  {
    "name": "Require(41) node_modules/egg-session/app.js",
    "start": 1576003479733,
    "end": 1576003479733,
    "duration": 0,
    "pid": 4248,
    "index": 50
  },
  {
    "name": "Require(42) node_modules/egg-security/app.js",
    "start": 1576003479733,
    "end": 1576003479734,
    "duration": 1,
    "pid": 4248,
    "index": 51
  },
  {
    "name": "Require(43) node_modules/egg-onerror/app.js",
    "start": 1576003479734,
    "end": 1576003479737,
    "duration": 3,
    "pid": 4248,
    "index": 52
  },
  {
    "name": "Require(44) node_modules/egg-i18n/app.js",
    "start": 1576003479738,
    "end": 1576003479744,
    "duration": 6,
    "pid": 4248,
    "index": 53
  },
  {
    "name": "Require(45) node_modules/egg-watcher/app.js",
    "start": 1576003479744,
    "end": 1576003479745,
    "duration": 1,
    "pid": 4248,
    "index": 54
  },
  {
    "name": "Require(46) node_modules/egg-schedule/app.js",
    "start": 1576003479745,
    "end": 1576003479746,
    "duration": 1,
    "pid": 4248,
    "index": 55
  },
  {
    "name": "Require(47) node_modules/egg-multipart/app.js",
    "start": 1576003479746,
    "end": 1576003479747,
    "duration": 1,
    "pid": 4248,
    "index": 56
  },
  {
    "name": "Require(48) node_modules/egg-development/app.js",
    "start": 1576003479747,
    "end": 1576003479747,
    "duration": 0,
    "pid": 4248,
    "index": 57
  },
  {
    "name": "Require(49) node_modules/egg-logrotator/app.js",
    "start": 1576003479747,
    "end": 1576003479747,
    "duration": 0,
    "pid": 4248,
    "index": 58
  },
  {
    "name": "Require(50) node_modules/egg-static/app.js",
    "start": 1576003479747,
    "end": 1576003479747,
    "duration": 0,
    "pid": 4248,
    "index": 59
  },
  {
    "name": "Require(51) node_modules/egg-view-ejs/app.js",
    "start": 1576003479747,
    "end": 1576003479748,
    "duration": 1,
    "pid": 4248,
    "index": 60
  },
  {
    "name": "Require(52) node_modules/egg-mysql/app.js",
    "start": 1576003479748,
    "end": 1576003479755,
    "duration": 7,
    "pid": 4248,
    "index": 61
  },
  {
    "name": "Require(53) node_modules/egg-validate/app.js",
    "start": 1576003479755,
    "end": 1576003479756,
    "duration": 1,
    "pid": 4248,
    "index": 62
  },
  {
    "name": "Require(54) node_modules/egg-jwt/app.js",
    "start": 1576003479756,
    "end": 1576003479756,
    "duration": 0,
    "pid": 4248,
    "index": 63
  },
  {
    "name": "Before Start in node_modules/egg-watcher/lib/init.js:15:14",
    "start": 1576003479765,
    "end": 1576003479876,
    "duration": 111,
    "pid": 4248,
    "index": 64
  },
  {
    "name": "Before Start in node_modules/egg-mysql/lib/mysql.js:20:7",
    "start": 1576003479815,
    "end": 1576003479879,
    "duration": 64,
    "pid": 4248,
    "index": 65
  },
  {
    "name": "Load Service",
    "start": 1576003479815,
    "end": 1576003479821,
    "duration": 6,
    "pid": 4248,
    "index": 66
  },
  {
    "name": "Load \"service\" to Context",
    "start": 1576003479815,
    "end": 1576003479821,
    "duration": 6,
    "pid": 4248,
    "index": 67
  },
  {
    "name": "Load Middleware",
    "start": 1576003479821,
    "end": 1576003479850,
    "duration": 29,
    "pid": 4248,
    "index": 68
  },
  {
    "name": "Load \"middlewares\" to Application",
    "start": 1576003479821,
    "end": 1576003479844,
    "duration": 23,
    "pid": 4248,
    "index": 69
  },
  {
    "name": "Load Controller",
    "start": 1576003479850,
    "end": 1576003479856,
    "duration": 6,
    "pid": 4248,
    "index": 70
  },
  {
    "name": "Load \"controller\" to Application",
    "start": 1576003479850,
    "end": 1576003479856,
    "duration": 6,
    "pid": 4248,
    "index": 71
  },
  {
    "name": "Load Router",
    "start": 1576003479856,
    "end": 1576003479858,
    "duration": 2,
    "pid": 4248,
    "index": 72
  },
  {
    "name": "Require(55) app/router.js",
    "start": 1576003479856,
    "end": 1576003479856,
    "duration": 0,
    "pid": 4248,
    "index": 73
  },
  {
    "name": "Before Start in node_modules/egg-core/lib/egg.js:303:10",
    "start": 1576003479857,
    "end": 1576003479866,
    "duration": 9,
    "pid": 4248,
    "index": 74
  }
]