[
  {
    "name": "Application Start",
    "start": 1576004236236,
    "end": 1576004236491,
    "duration": 255,
    "pid": 4535,
    "index": 0
  },
  {
    "name": "Load Plugin",
    "start": 1576004236239,
    "end": 1576004236245,
    "duration": 6,
    "pid": 4535,
    "index": 1
  },
  {
    "name": "Load Config",
    "start": 1576004236245,
    "end": 1576004236256,
    "duration": 11,
    "pid": 4535,
    "index": 2
  },
  {
    "name": "Require(0) config/config.default.js",
    "start": 1576004236246,
    "end": 1576004236246,
    "duration": 0,
    "pid": 4535,
    "index": 3
  },
  {
    "name": "Require(1) node_modules/egg-session/config/config.default.js",
    "start": 1576004236247,
    "end": 1576004236247,
    "duration": 0,
    "pid": 4535,
    "index": 4
  },
  {
    "name": "Require(2) node_modules/egg-security/config/config.default.js",
    "start": 1576004236247,
    "end": 1576004236247,
    "duration": 0,
    "pid": 4535,
    "index": 5
  },
  {
    "name": "Require(3) node_modules/egg-jsonp/config/config.default.js",
    "start": 1576004236248,
    "end": 1576004236248,
    "duration": 0,
    "pid": 4535,
    "index": 6
  },
  {
    "name": "Require(4) node_modules/egg-onerror/config/config.default.js",
    "start": 1576004236248,
    "end": 1576004236248,
    "duration": 0,
    "pid": 4535,
    "index": 7
  },
  {
    "name": "Require(5) node_modules/egg-i18n/config/config.default.js",
    "start": 1576004236248,
    "end": 1576004236248,
    "duration": 0,
    "pid": 4535,
    "index": 8
  },
  {
    "name": "Require(6) node_modules/egg-watcher/config/config.default.js",
    "start": 1576004236249,
    "end": 1576004236249,
    "duration": 0,
    "pid": 4535,
    "index": 9
  },
  {
    "name": "Require(7) node_modules/egg-schedule/config/config.default.js",
    "start": 1576004236249,
    "end": 1576004236249,
    "duration": 0,
    "pid": 4535,
    "index": 10
  },
  {
    "name": "Require(8) node_modules/egg-multipart/config/config.default.js",
    "start": 1576004236249,
    "end": 1576004236249,
    "duration": 0,
    "pid": 4535,
    "index": 11
  },
  {
    "name": "Require(9) node_modules/egg-development/config/config.default.js",
    "start": 1576004236250,
    "end": 1576004236250,
    "duration": 0,
    "pid": 4535,
    "index": 12
  },
  {
    "name": "Require(10) node_modules/egg-logrotator/config/config.default.js",
    "start": 1576004236250,
    "end": 1576004236250,
    "duration": 0,
    "pid": 4535,
    "index": 13
  },
  {
    "name": "Require(11) node_modules/egg-static/config/config.default.js",
    "start": 1576004236250,
    "end": 1576004236250,
    "duration": 0,
    "pid": 4535,
    "index": 14
  },
  {
    "name": "Require(12) node_modules/egg-view/config/config.default.js",
    "start": 1576004236251,
    "end": 1576004236251,
    "duration": 0,
    "pid": 4535,
    "index": 15
  },
  {
    "name": "Require(13) node_modules/egg-view-ejs/config/config.default.js",
    "start": 1576004236251,
    "end": 1576004236251,
    "duration": 0,
    "pid": 4535,
    "index": 16
  },
  {
    "name": "Require(14) node_modules/egg-mysql/config/config.default.js",
    "start": 1576004236251,
    "end": 1576004236251,
    "duration": 0,
    "pid": 4535,
    "index": 17
  },
  {
    "name": "Require(15) node_modules/egg-validate/config/config.default.js",
    "start": 1576004236252,
    "end": 1576004236252,
    "duration": 0,
    "pid": 4535,
    "index": 18
  },
  {
    "name": "Require(16) node_modules/egg-jwt/config/config.default.js",
    "start": 1576004236252,
    "end": 1576004236252,
    "duration": 0,
    "pid": 4535,
    "index": 19
  },
  {
    "name": "Require(17) node_modules/egg/config/config.default.js",
    "start": 1576004236252,
    "end": 1576004236254,
    "duration": 2,
    "pid": 4535,
    "index": 20
  },
  {
    "name": "Require(18) config/config.default.js",
    "start": 1576004236254,
    "end": 1576004236254,
    "duration": 0,
    "pid": 4535,
    "index": 21
  },
  {
    "name": "Require(19) node_modules/egg-security/config/config.local.js",
    "start": 1576004236255,
    "end": 1576004236255,
    "duration": 0,
    "pid": 4535,
    "index": 22
  },
  {
    "name": "Require(20) node_modules/egg-watcher/config/config.local.js",
    "start": 1576004236255,
    "end": 1576004236255,
    "duration": 0,
    "pid": 4535,
    "index": 23
  },
  {
    "name": "Require(21) node_modules/egg-view/config/config.local.js",
    "start": 1576004236255,
    "end": 1576004236255,
    "duration": 0,
    "pid": 4535,
    "index": 24
  },
  {
    "name": "Require(22) node_modules/egg-view-ejs/config/config.local.js",
    "start": 1576004236256,
    "end": 1576004236256,
    "duration": 0,
    "pid": 4535,
    "index": 25
  },
  {
    "name": "Require(23) node_modules/egg/config/config.local.js",
    "start": 1576004236256,
    "end": 1576004236256,
    "duration": 0,
    "pid": 4535,
    "index": 26
  },
  {
    "name": "Load extend/application.js",
    "start": 1576004236257,
    "end": 1576004236276,
    "duration": 19,
    "pid": 4535,
    "index": 27
  },
  {
    "name": "Require(24) node_modules/egg-session/app/extend/application.js",
    "start": 1576004236257,
    "end": 1576004236258,
    "duration": 1,
    "pid": 4535,
    "index": 28
  },
  {
    "name": "Require(25) node_modules/egg-security/app/extend/application.js",
    "start": 1576004236258,
    "end": 1576004236258,
    "duration": 0,
    "pid": 4535,
    "index": 29
  },
  {
    "name": "Require(26) node_modules/egg-jsonp/app/extend/application.js",
    "start": 1576004236258,
    "end": 1576004236259,
    "duration": 1,
    "pid": 4535,
    "index": 30
  },
  {
    "name": "Require(27) node_modules/egg-logrotator/app/extend/application.js",
    "start": 1576004236259,
    "end": 1576004236259,
    "duration": 0,
    "pid": 4535,
    "index": 31
  },
  {
    "name": "Require(28) node_modules/egg-view/app/extend/application.js",
    "start": 1576004236259,
    "end": 1576004236260,
    "duration": 1,
    "pid": 4535,
    "index": 32
  },
  {
    "name": "Require(29) node_modules/egg-jwt/app/extend/application.js",
    "start": 1576004236260,
    "end": 1576004236276,
    "duration": 16,
    "pid": 4535,
    "index": 33
  },
  {
    "name": "Load extend/request.js",
    "start": 1576004236276,
    "end": 1576004236278,
    "duration": 2,
    "pid": 4535,
    "index": 34
  },
  {
    "name": "Require(30) node_modules/egg/app/extend/request.js",
    "start": 1576004236277,
    "end": 1576004236277,
    "duration": 0,
    "pid": 4535,
    "index": 35
  },
  {
    "name": "Load extend/response.js",
    "start": 1576004236278,
    "end": 1576004236279,
    "duration": 1,
    "pid": 4535,
    "index": 36
  },
  {
    "name": "Require(31) node_modules/egg/app/extend/response.js",
    "start": 1576004236278,
    "end": 1576004236279,
    "duration": 1,
    "pid": 4535,
    "index": 37
  },
  {
    "name": "Load extend/context.js",
    "start": 1576004236279,
    "end": 1576004236315,
    "duration": 36,
    "pid": 4535,
    "index": 38
  },
  {
    "name": "Require(32) node_modules/egg-security/app/extend/context.js",
    "start": 1576004236279,
    "end": 1576004236283,
    "duration": 4,
    "pid": 4535,
    "index": 39
  },
  {
    "name": "Require(33) node_modules/egg-jsonp/app/extend/context.js",
    "start": 1576004236283,
    "end": 1576004236283,
    "duration": 0,
    "pid": 4535,
    "index": 40
  },
  {
    "name": "Require(34) node_modules/egg-i18n/app/extend/context.js",
    "start": 1576004236283,
    "end": 1576004236284,
    "duration": 1,
    "pid": 4535,
    "index": 41
  },
  {
    "name": "Require(35) node_modules/egg-multipart/app/extend/context.js",
    "start": 1576004236284,
    "end": 1576004236312,
    "duration": 28,
    "pid": 4535,
    "index": 42
  },
  {
    "name": "Require(36) node_modules/egg-view/app/extend/context.js",
    "start": 1576004236312,
    "end": 1576004236313,
    "duration": 1,
    "pid": 4535,
    "index": 43
  },
  {
    "name": "Require(37) node_modules/egg-validate/app/extend/context.js",
    "start": 1576004236313,
    "end": 1576004236313,
    "duration": 0,
    "pid": 4535,
    "index": 44
  },
  {
    "name": "Require(38) node_modules/egg/app/extend/context.js",
    "start": 1576004236313,
    "end": 1576004236314,
    "duration": 1,
    "pid": 4535,
    "index": 45
  },
  {
    "name": "Load extend/helper.js",
    "start": 1576004236315,
    "end": 1576004236323,
    "duration": 8,
    "pid": 4535,
    "index": 46
  },
  {
    "name": "Require(39) node_modules/egg-security/app/extend/helper.js",
    "start": 1576004236315,
    "end": 1576004236322,
    "duration": 7,
    "pid": 4535,
    "index": 47
  },
  {
    "name": "Require(40) node_modules/egg/app/extend/helper.js",
    "start": 1576004236323,
    "end": 1576004236323,
    "duration": 0,
    "pid": 4535,
    "index": 48
  },
  {
    "name": "Load app.js",
    "start": 1576004236324,
    "end": 1576004236347,
    "duration": 23,
    "pid": 4535,
    "index": 49
  },
  {
    "name": "Require(41) node_modules/egg-session/app.js",
    "start": 1576004236324,
    "end": 1576004236324,
    "duration": 0,
    "pid": 4535,
    "index": 50
  },
  {
    "name": "Require(42) node_modules/egg-security/app.js",
    "start": 1576004236324,
    "end": 1576004236325,
    "duration": 1,
    "pid": 4535,
    "index": 51
  },
  {
    "name": "Require(43) node_modules/egg-onerror/app.js",
    "start": 1576004236325,
    "end": 1576004236328,
    "duration": 3,
    "pid": 4535,
    "index": 52
  },
  {
    "name": "Require(44) node_modules/egg-i18n/app.js",
    "start": 1576004236328,
    "end": 1576004236335,
    "duration": 7,
    "pid": 4535,
    "index": 53
  },
  {
    "name": "Require(45) node_modules/egg-watcher/app.js",
    "start": 1576004236335,
    "end": 1576004236336,
    "duration": 1,
    "pid": 4535,
    "index": 54
  },
  {
    "name": "Require(46) node_modules/egg-schedule/app.js",
    "start": 1576004236336,
    "end": 1576004236337,
    "duration": 1,
    "pid": 4535,
    "index": 55
  },
  {
    "name": "Require(47) node_modules/egg-multipart/app.js",
    "start": 1576004236337,
    "end": 1576004236338,
    "duration": 1,
    "pid": 4535,
    "index": 56
  },
  {
    "name": "Require(48) node_modules/egg-development/app.js",
    "start": 1576004236338,
    "end": 1576004236338,
    "duration": 0,
    "pid": 4535,
    "index": 57
  },
  {
    "name": "Require(49) node_modules/egg-logrotator/app.js",
    "start": 1576004236338,
    "end": 1576004236338,
    "duration": 0,
    "pid": 4535,
    "index": 58
  },
  {
    "name": "Require(50) node_modules/egg-static/app.js",
    "start": 1576004236338,
    "end": 1576004236338,
    "duration": 0,
    "pid": 4535,
    "index": 59
  },
  {
    "name": "Require(51) node_modules/egg-view-ejs/app.js",
    "start": 1576004236339,
    "end": 1576004236339,
    "duration": 0,
    "pid": 4535,
    "index": 60
  },
  {
    "name": "Require(52) node_modules/egg-mysql/app.js",
    "start": 1576004236339,
    "end": 1576004236345,
    "duration": 6,
    "pid": 4535,
    "index": 61
  },
  {
    "name": "Require(53) node_modules/egg-validate/app.js",
    "start": 1576004236345,
    "end": 1576004236346,
    "duration": 1,
    "pid": 4535,
    "index": 62
  },
  {
    "name": "Require(54) node_modules/egg-jwt/app.js",
    "start": 1576004236346,
    "end": 1576004236347,
    "duration": 1,
    "pid": 4535,
    "index": 63
  },
  {
    "name": "Before Start in node_modules/egg-watcher/lib/init.js:15:14",
    "start": 1576004236356,
    "end": 1576004236489,
    "duration": 133,
    "pid": 4535,
    "index": 64
  },
  {
    "name": "Before Start in node_modules/egg-mysql/lib/mysql.js:20:7",
    "start": 1576004236415,
    "end": 1576004236491,
    "duration": 76,
    "pid": 4535,
    "index": 65
  },
  {
    "name": "Load Service",
    "start": 1576004236415,
    "end": 1576004236422,
    "duration": 7,
    "pid": 4535,
    "index": 66
  },
  {
    "name": "Load \"service\" to Context",
    "start": 1576004236416,
    "end": 1576004236422,
    "duration": 6,
    "pid": 4535,
    "index": 67
  },
  {
    "name": "Load Middleware",
    "start": 1576004236422,
    "end": 1576004236457,
    "duration": 35,
    "pid": 4535,
    "index": 68
  },
  {
    "name": "Load \"middlewares\" to Application",
    "start": 1576004236422,
    "end": 1576004236451,
    "duration": 29,
    "pid": 4535,
    "index": 69
  },
  {
    "name": "Load Controller",
    "start": 1576004236457,
    "end": 1576004236463,
    "duration": 6,
    "pid": 4535,
    "index": 70
  },
  {
    "name": "Load \"controller\" to Application",
    "start": 1576004236457,
    "end": 1576004236463,
    "duration": 6,
    "pid": 4535,
    "index": 71
  },
  {
    "name": "Load Router",
    "start": 1576004236463,
    "end": 1576004236465,
    "duration": 2,
    "pid": 4535,
    "index": 72
  },
  {
    "name": "Require(55) app/router.js",
    "start": 1576004236463,
    "end": 1576004236464,
    "duration": 1,
    "pid": 4535,
    "index": 73
  },
  {
    "name": "Before Start in node_modules/egg-core/lib/egg.js:303:10",
    "start": 1576004236464,
    "end": 1576004236476,
    "duration": 12,
    "pid": 4535,
    "index": 74
  }
]