[
  {
    "name": "Application Start",
    "start": 1576000453845,
    "end": 1576000454085,
    "duration": 240,
    "pid": 3039,
    "index": 0
  },
  {
    "name": "Load Plugin",
    "start": 1576000453848,
    "end": 1576000453855,
    "duration": 7,
    "pid": 3039,
    "index": 1
  },
  {
    "name": "Load Config",
    "start": 1576000453855,
    "end": 1576000453866,
    "duration": 11,
    "pid": 3039,
    "index": 2
  },
  {
    "name": "Require(0) config/config.default.js",
    "start": 1576000453856,
    "end": 1576000453856,
    "duration": 0,
    "pid": 3039,
    "index": 3
  },
  {
    "name": "Require(1) node_modules/egg-session/config/config.default.js",
    "start": 1576000453857,
    "end": 1576000453857,
    "duration": 0,
    "pid": 3039,
    "index": 4
  },
  {
    "name": "Require(2) node_modules/egg-security/config/config.default.js",
    "start": 1576000453857,
    "end": 1576000453858,
    "duration": 1,
    "pid": 3039,
    "index": 5
  },
  {
    "name": "Require(3) node_modules/egg-jsonp/config/config.default.js",
    "start": 1576000453858,
    "end": 1576000453858,
    "duration": 0,
    "pid": 3039,
    "index": 6
  },
  {
    "name": "Require(4) node_modules/egg-onerror/config/config.default.js",
    "start": 1576000453858,
    "end": 1576000453859,
    "duration": 1,
    "pid": 3039,
    "index": 7
  },
  {
    "name": "Require(5) node_modules/egg-i18n/config/config.default.js",
    "start": 1576000453859,
    "end": 1576000453859,
    "duration": 0,
    "pid": 3039,
    "index": 8
  },
  {
    "name": "Require(6) node_modules/egg-watcher/config/config.default.js",
    "start": 1576000453859,
    "end": 1576000453860,
    "duration": 1,
    "pid": 3039,
    "index": 9
  },
  {
    "name": "Require(7) node_modules/egg-schedule/config/config.default.js",
    "start": 1576000453860,
    "end": 1576000453860,
    "duration": 0,
    "pid": 3039,
    "index": 10
  },
  {
    "name": "Require(8) node_modules/egg-multipart/config/config.default.js",
    "start": 1576000453860,
    "end": 1576000453860,
    "duration": 0,
    "pid": 3039,
    "index": 11
  },
  {
    "name": "Require(9) node_modules/egg-development/config/config.default.js",
    "start": 1576000453861,
    "end": 1576000453861,
    "duration": 0,
    "pid": 3039,
    "index": 12
  },
  {
    "name": "Require(10) node_modules/egg-logrotator/config/config.default.js",
    "start": 1576000453861,
    "end": 1576000453861,
    "duration": 0,
    "pid": 3039,
    "index": 13
  },
  {
    "name": "Require(11) node_modules/egg-static/config/config.default.js",
    "start": 1576000453861,
    "end": 1576000453861,
    "duration": 0,
    "pid": 3039,
    "index": 14
  },
  {
    "name": "Require(12) node_modules/egg-view/config/config.default.js",
    "start": 1576000453861,
    "end": 1576000453862,
    "duration": 1,
    "pid": 3039,
    "index": 15
  },
  {
    "name": "Require(13) node_modules/egg-view-ejs/config/config.default.js",
    "start": 1576000453862,
    "end": 1576000453862,
    "duration": 0,
    "pid": 3039,
    "index": 16
  },
  {
    "name": "Require(14) node_modules/egg-mysql/config/config.default.js",
    "start": 1576000453862,
    "end": 1576000453862,
    "duration": 0,
    "pid": 3039,
    "index": 17
  },
  {
    "name": "Require(15) node_modules/egg-validate/config/config.default.js",
    "start": 1576000453862,
    "end": 1576000453862,
    "duration": 0,
    "pid": 3039,
    "index": 18
  },
  {
    "name": "Require(16) node_modules/egg-jwt/config/config.default.js",
    "start": 1576000453863,
    "end": 1576000453863,
    "duration": 0,
    "pid": 3039,
    "index": 19
  },
  {
    "name": "Require(17) node_modules/egg/config/config.default.js",
    "start": 1576000453863,
    "end": 1576000453863,
    "duration": 0,
    "pid": 3039,
    "index": 20
  },
  {
    "name": "Require(18) config/config.default.js",
    "start": 1576000453864,
    "end": 1576000453864,
    "duration": 0,
    "pid": 3039,
    "index": 21
  },
  {
    "name": "Require(19) node_modules/egg-security/config/config.local.js",
    "start": 1576000453864,
    "end": 1576000453864,
    "duration": 0,
    "pid": 3039,
    "index": 22
  },
  {
    "name": "Require(20) node_modules/egg-watcher/config/config.local.js",
    "start": 1576000453865,
    "end": 1576000453865,
    "duration": 0,
    "pid": 3039,
    "index": 23
  },
  {
    "name": "Require(21) node_modules/egg-view/config/config.local.js",
    "start": 1576000453865,
    "end": 1576000453865,
    "duration": 0,
    "pid": 3039,
    "index": 24
  },
  {
    "name": "Require(22) node_modules/egg-view-ejs/config/config.local.js",
    "start": 1576000453865,
    "end": 1576000453865,
    "duration": 0,
    "pid": 3039,
    "index": 25
  },
  {
    "name": "Require(23) node_modules/egg/config/config.local.js",
    "start": 1576000453866,
    "end": 1576000453866,
    "duration": 0,
    "pid": 3039,
    "index": 26
  },
  {
    "name": "Load extend/application.js",
    "start": 1576000453867,
    "end": 1576000453890,
    "duration": 23,
    "pid": 3039,
    "index": 27
  },
  {
    "name": "Require(24) node_modules/egg-session/app/extend/application.js",
    "start": 1576000453867,
    "end": 1576000453867,
    "duration": 0,
    "pid": 3039,
    "index": 28
  },
  {
    "name": "Require(25) node_modules/egg-security/app/extend/application.js",
    "start": 1576000453867,
    "end": 1576000453868,
    "duration": 1,
    "pid": 3039,
    "index": 29
  },
  {
    "name": "Require(26) node_modules/egg-jsonp/app/extend/application.js",
    "start": 1576000453868,
    "end": 1576000453868,
    "duration": 0,
    "pid": 3039,
    "index": 30
  },
  {
    "name": "Require(27) node_modules/egg-logrotator/app/extend/application.js",
    "start": 1576000453869,
    "end": 1576000453869,
    "duration": 0,
    "pid": 3039,
    "index": 31
  },
  {
    "name": "Require(28) node_modules/egg-view/app/extend/application.js",
    "start": 1576000453869,
    "end": 1576000453870,
    "duration": 1,
    "pid": 3039,
    "index": 32
  },
  {
    "name": "Require(29) node_modules/egg-jwt/app/extend/application.js",
    "start": 1576000453870,
    "end": 1576000453889,
    "duration": 19,
    "pid": 3039,
    "index": 33
  },
  {
    "name": "Load extend/request.js",
    "start": 1576000453890,
    "end": 1576000453892,
    "duration": 2,
    "pid": 3039,
    "index": 34
  },
  {
    "name": "Require(30) node_modules/egg/app/extend/request.js",
    "start": 1576000453891,
    "end": 1576000453891,
    "duration": 0,
    "pid": 3039,
    "index": 35
  },
  {
    "name": "Load extend/response.js",
    "start": 1576000453892,
    "end": 1576000453893,
    "duration": 1,
    "pid": 3039,
    "index": 36
  },
  {
    "name": "Require(31) node_modules/egg/app/extend/response.js",
    "start": 1576000453892,
    "end": 1576000453893,
    "duration": 1,
    "pid": 3039,
    "index": 37
  },
  {
    "name": "Load extend/context.js",
    "start": 1576000453893,
    "end": 1576000453925,
    "duration": 32,
    "pid": 3039,
    "index": 38
  },
  {
    "name": "Require(32) node_modules/egg-security/app/extend/context.js",
    "start": 1576000453894,
    "end": 1576000453897,
    "duration": 3,
    "pid": 3039,
    "index": 39
  },
  {
    "name": "Require(33) node_modules/egg-jsonp/app/extend/context.js",
    "start": 1576000453897,
    "end": 1576000453898,
    "duration": 1,
    "pid": 3039,
    "index": 40
  },
  {
    "name": "Require(34) node_modules/egg-i18n/app/extend/context.js",
    "start": 1576000453898,
    "end": 1576000453898,
    "duration": 0,
    "pid": 3039,
    "index": 41
  },
  {
    "name": "Require(35) node_modules/egg-multipart/app/extend/context.js",
    "start": 1576000453898,
    "end": 1576000453923,
    "duration": 25,
    "pid": 3039,
    "index": 42
  },
  {
    "name": "Require(36) node_modules/egg-view/app/extend/context.js",
    "start": 1576000453923,
    "end": 1576000453924,
    "duration": 1,
    "pid": 3039,
    "index": 43
  },
  {
    "name": "Require(37) node_modules/egg-validate/app/extend/context.js",
    "start": 1576000453924,
    "end": 1576000453924,
    "duration": 0,
    "pid": 3039,
    "index": 44
  },
  {
    "name": "Require(38) node_modules/egg/app/extend/context.js",
    "start": 1576000453924,
    "end": 1576000453925,
    "duration": 1,
    "pid": 3039,
    "index": 45
  },
  {
    "name": "Load extend/helper.js",
    "start": 1576000453925,
    "end": 1576000453933,
    "duration": 8,
    "pid": 3039,
    "index": 46
  },
  {
    "name": "Require(39) node_modules/egg-security/app/extend/helper.js",
    "start": 1576000453926,
    "end": 1576000453932,
    "duration": 6,
    "pid": 3039,
    "index": 47
  },
  {
    "name": "Require(40) node_modules/egg/app/extend/helper.js",
    "start": 1576000453933,
    "end": 1576000453933,
    "duration": 0,
    "pid": 3039,
    "index": 48
  },
  {
    "name": "Load app.js",
    "start": 1576000453934,
    "end": 1576000453956,
    "duration": 22,
    "pid": 3039,
    "index": 49
  },
  {
    "name": "Require(41) node_modules/egg-session/app.js",
    "start": 1576000453934,
    "end": 1576000453934,
    "duration": 0,
    "pid": 3039,
    "index": 50
  },
  {
    "name": "Require(42) node_modules/egg-security/app.js",
    "start": 1576000453934,
    "end": 1576000453935,
    "duration": 1,
    "pid": 3039,
    "index": 51
  },
  {
    "name": "Require(43) node_modules/egg-onerror/app.js",
    "start": 1576000453935,
    "end": 1576000453938,
    "duration": 3,
    "pid": 3039,
    "index": 52
  },
  {
    "name": "Require(44) node_modules/egg-i18n/app.js",
    "start": 1576000453938,
    "end": 1576000453944,
    "duration": 6,
    "pid": 3039,
    "index": 53
  },
  {
    "name": "Require(45) node_modules/egg-watcher/app.js",
    "start": 1576000453944,
    "end": 1576000453945,
    "duration": 1,
    "pid": 3039,
    "index": 54
  },
  {
    "name": "Require(46) node_modules/egg-schedule/app.js",
    "start": 1576000453945,
    "end": 1576000453946,
    "duration": 1,
    "pid": 3039,
    "index": 55
  },
  {
    "name": "Require(47) node_modules/egg-multipart/app.js",
    "start": 1576000453946,
    "end": 1576000453947,
    "duration": 1,
    "pid": 3039,
    "index": 56
  },
  {
    "name": "Require(48) node_modules/egg-development/app.js",
    "start": 1576000453947,
    "end": 1576000453947,
    "duration": 0,
    "pid": 3039,
    "index": 57
  },
  {
    "name": "Require(49) node_modules/egg-logrotator/app.js",
    "start": 1576000453947,
    "end": 1576000453947,
    "duration": 0,
    "pid": 3039,
    "index": 58
  },
  {
    "name": "Require(50) node_modules/egg-static/app.js",
    "start": 1576000453947,
    "end": 1576000453947,
    "duration": 0,
    "pid": 3039,
    "index": 59
  },
  {
    "name": "Require(51) node_modules/egg-view-ejs/app.js",
    "start": 1576000453947,
    "end": 1576000453948,
    "duration": 1,
    "pid": 3039,
    "index": 60
  },
  {
    "name": "Require(52) node_modules/egg-mysql/app.js",
    "start": 1576000453948,
    "end": 1576000453954,
    "duration": 6,
    "pid": 3039,
    "index": 61
  },
  {
    "name": "Require(53) node_modules/egg-validate/app.js",
    "start": 1576000453954,
    "end": 1576000453955,
    "duration": 1,
    "pid": 3039,
    "index": 62
  },
  {
    "name": "Require(54) node_modules/egg-jwt/app.js",
    "start": 1576000453956,
    "end": 1576000453956,
    "duration": 0,
    "pid": 3039,
    "index": 63
  },
  {
    "name": "Before Start in node_modules/egg-watcher/lib/init.js:15:14",
    "start": 1576000453965,
    "end": 1576000454083,
    "duration": 118,
    "pid": 3039,
    "index": 64
  },
  {
    "name": "Before Start in node_modules/egg-mysql/lib/mysql.js:20:7",
    "start": 1576000454014,
    "end": 1576000454084,
    "duration": 70,
    "pid": 3039,
    "index": 65
  },
  {
    "name": "Load Service",
    "start": 1576000454015,
    "end": 1576000454021,
    "duration": 6,
    "pid": 3039,
    "index": 66
  },
  {
    "name": "Load \"service\" to Context",
    "start": 1576000454015,
    "end": 1576000454021,
    "duration": 6,
    "pid": 3039,
    "index": 67
  },
  {
    "name": "Load Middleware",
    "start": 1576000454021,
    "end": 1576000454053,
    "duration": 32,
    "pid": 3039,
    "index": 68
  },
  {
    "name": "Load \"middlewares\" to Application",
    "start": 1576000454022,
    "end": 1576000454048,
    "duration": 26,
    "pid": 3039,
    "index": 69
  },
  {
    "name": "Load Controller",
    "start": 1576000454054,
    "end": 1576000454060,
    "duration": 6,
    "pid": 3039,
    "index": 70
  },
  {
    "name": "Load \"controller\" to Application",
    "start": 1576000454054,
    "end": 1576000454060,
    "duration": 6,
    "pid": 3039,
    "index": 71
  },
  {
    "name": "Load Router",
    "start": 1576000454060,
    "end": 1576000454062,
    "duration": 2,
    "pid": 3039,
    "index": 72
  },
  {
    "name": "Require(55) app/router.js",
    "start": 1576000454060,
    "end": 1576000454060,
    "duration": 0,
    "pid": 3039,
    "index": 73
  },
  {
    "name": "Before Start in node_modules/egg-core/lib/egg.js:303:10",
    "start": 1576000454061,
    "end": 1576000454071,
    "duration": 10,
    "pid": 3039,
    "index": 74
  }
]