[
  {
    "name": "Application Start",
    "start": 1576000144608,
    "end": 1576000144815,
    "duration": 207,
    "pid": 2998,
    "index": 0
  },
  {
    "name": "Load Plugin",
    "start": 1576000144611,
    "end": 1576000144616,
    "duration": 5,
    "pid": 2998,
    "index": 1
  },
  {
    "name": "Load Config",
    "start": 1576000144616,
    "end": 1576000144625,
    "duration": 9,
    "pid": 2998,
    "index": 2
  },
  {
    "name": "Require(0) config/config.default.js",
    "start": 1576000144616,
    "end": 1576000144617,
    "duration": 1,
    "pid": 2998,
    "index": 3
  },
  {
    "name": "Require(1) node_modules/egg-session/config/config.default.js",
    "start": 1576000144618,
    "end": 1576000144618,
    "duration": 0,
    "pid": 2998,
    "index": 4
  },
  {
    "name": "Require(2) node_modules/egg-security/config/config.default.js",
    "start": 1576000144618,
    "end": 1576000144618,
    "duration": 0,
    "pid": 2998,
    "index": 5
  },
  {
    "name": "Require(3) node_modules/egg-jsonp/config/config.default.js",
    "start": 1576000144618,
    "end": 1576000144618,
    "duration": 0,
    "pid": 2998,
    "index": 6
  },
  {
    "name": "Require(4) node_modules/egg-onerror/config/config.default.js",
    "start": 1576000144618,
    "end": 1576000144619,
    "duration": 1,
    "pid": 2998,
    "index": 7
  },
  {
    "name": "Require(5) node_modules/egg-i18n/config/config.default.js",
    "start": 1576000144619,
    "end": 1576000144619,
    "duration": 0,
    "pid": 2998,
    "index": 8
  },
  {
    "name": "Require(6) node_modules/egg-watcher/config/config.default.js",
    "start": 1576000144619,
    "end": 1576000144619,
    "duration": 0,
    "pid": 2998,
    "index": 9
  },
  {
    "name": "Require(7) node_modules/egg-schedule/config/config.default.js",
    "start": 1576000144619,
    "end": 1576000144620,
    "duration": 1,
    "pid": 2998,
    "index": 10
  },
  {
    "name": "Require(8) node_modules/egg-multipart/config/config.default.js",
    "start": 1576000144620,
    "end": 1576000144620,
    "duration": 0,
    "pid": 2998,
    "index": 11
  },
  {
    "name": "Require(9) node_modules/egg-development/config/config.default.js",
    "start": 1576000144620,
    "end": 1576000144620,
    "duration": 0,
    "pid": 2998,
    "index": 12
  },
  {
    "name": "Require(10) node_modules/egg-logrotator/config/config.default.js",
    "start": 1576000144620,
    "end": 1576000144620,
    "duration": 0,
    "pid": 2998,
    "index": 13
  },
  {
    "name": "Require(11) node_modules/egg-static/config/config.default.js",
    "start": 1576000144621,
    "end": 1576000144621,
    "duration": 0,
    "pid": 2998,
    "index": 14
  },
  {
    "name": "Require(12) node_modules/egg-view/config/config.default.js",
    "start": 1576000144621,
    "end": 1576000144621,
    "duration": 0,
    "pid": 2998,
    "index": 15
  },
  {
    "name": "Require(13) node_modules/egg-view-ejs/config/config.default.js",
    "start": 1576000144621,
    "end": 1576000144621,
    "duration": 0,
    "pid": 2998,
    "index": 16
  },
  {
    "name": "Require(14) node_modules/egg-mysql/config/config.default.js",
    "start": 1576000144621,
    "end": 1576000144622,
    "duration": 1,
    "pid": 2998,
    "index": 17
  },
  {
    "name": "Require(15) node_modules/egg-validate/config/config.default.js",
    "start": 1576000144622,
    "end": 1576000144622,
    "duration": 0,
    "pid": 2998,
    "index": 18
  },
  {
    "name": "Require(16) node_modules/egg-jwt/config/config.default.js",
    "start": 1576000144622,
    "end": 1576000144622,
    "duration": 0,
    "pid": 2998,
    "index": 19
  },
  {
    "name": "Require(17) node_modules/egg/config/config.default.js",
    "start": 1576000144622,
    "end": 1576000144622,
    "duration": 0,
    "pid": 2998,
    "index": 20
  },
  {
    "name": "Require(18) config/config.default.js",
    "start": 1576000144623,
    "end": 1576000144623,
    "duration": 0,
    "pid": 2998,
    "index": 21
  },
  {
    "name": "Require(19) node_modules/egg-security/config/config.local.js",
    "start": 1576000144623,
    "end": 1576000144623,
    "duration": 0,
    "pid": 2998,
    "index": 22
  },
  {
    "name": "Require(20) node_modules/egg-watcher/config/config.local.js",
    "start": 1576000144624,
    "end": 1576000144624,
    "duration": 0,
    "pid": 2998,
    "index": 23
  },
  {
    "name": "Require(21) node_modules/egg-view/config/config.local.js",
    "start": 1576000144624,
    "end": 1576000144624,
    "duration": 0,
    "pid": 2998,
    "index": 24
  },
  {
    "name": "Require(22) node_modules/egg-view-ejs/config/config.local.js",
    "start": 1576000144624,
    "end": 1576000144624,
    "duration": 0,
    "pid": 2998,
    "index": 25
  },
  {
    "name": "Require(23) node_modules/egg/config/config.local.js",
    "start": 1576000144624,
    "end": 1576000144625,
    "duration": 1,
    "pid": 2998,
    "index": 26
  },
  {
    "name": "Load extend/application.js",
    "start": 1576000144626,
    "end": 1576000144643,
    "duration": 17,
    "pid": 2998,
    "index": 27
  },
  {
    "name": "Require(24) node_modules/egg-session/app/extend/application.js",
    "start": 1576000144626,
    "end": 1576000144626,
    "duration": 0,
    "pid": 2998,
    "index": 28
  },
  {
    "name": "Require(25) node_modules/egg-security/app/extend/application.js",
    "start": 1576000144626,
    "end": 1576000144626,
    "duration": 0,
    "pid": 2998,
    "index": 29
  },
  {
    "name": "Require(26) node_modules/egg-jsonp/app/extend/application.js",
    "start": 1576000144626,
    "end": 1576000144627,
    "duration": 1,
    "pid": 2998,
    "index": 30
  },
  {
    "name": "Require(27) node_modules/egg-logrotator/app/extend/application.js",
    "start": 1576000144627,
    "end": 1576000144628,
    "duration": 1,
    "pid": 2998,
    "index": 31
  },
  {
    "name": "Require(28) node_modules/egg-view/app/extend/application.js",
    "start": 1576000144628,
    "end": 1576000144628,
    "duration": 0,
    "pid": 2998,
    "index": 32
  },
  {
    "name": "Require(29) node_modules/egg-jwt/app/extend/application.js",
    "start": 1576000144628,
    "end": 1576000144643,
    "duration": 15,
    "pid": 2998,
    "index": 33
  },
  {
    "name": "Load extend/request.js",
    "start": 1576000144643,
    "end": 1576000144645,
    "duration": 2,
    "pid": 2998,
    "index": 34
  },
  {
    "name": "Require(30) node_modules/egg/app/extend/request.js",
    "start": 1576000144644,
    "end": 1576000144644,
    "duration": 0,
    "pid": 2998,
    "index": 35
  },
  {
    "name": "Load extend/response.js",
    "start": 1576000144645,
    "end": 1576000144646,
    "duration": 1,
    "pid": 2998,
    "index": 36
  },
  {
    "name": "Require(31) node_modules/egg/app/extend/response.js",
    "start": 1576000144645,
    "end": 1576000144645,
    "duration": 0,
    "pid": 2998,
    "index": 37
  },
  {
    "name": "Load extend/context.js",
    "start": 1576000144646,
    "end": 1576000144677,
    "duration": 31,
    "pid": 2998,
    "index": 38
  },
  {
    "name": "Require(32) node_modules/egg-security/app/extend/context.js",
    "start": 1576000144646,
    "end": 1576000144649,
    "duration": 3,
    "pid": 2998,
    "index": 39
  },
  {
    "name": "Require(33) node_modules/egg-jsonp/app/extend/context.js",
    "start": 1576000144649,
    "end": 1576000144649,
    "duration": 0,
    "pid": 2998,
    "index": 40
  },
  {
    "name": "Require(34) node_modules/egg-i18n/app/extend/context.js",
    "start": 1576000144650,
    "end": 1576000144650,
    "duration": 0,
    "pid": 2998,
    "index": 41
  },
  {
    "name": "Require(35) node_modules/egg-multipart/app/extend/context.js",
    "start": 1576000144650,
    "end": 1576000144675,
    "duration": 25,
    "pid": 2998,
    "index": 42
  },
  {
    "name": "Require(36) node_modules/egg-view/app/extend/context.js",
    "start": 1576000144675,
    "end": 1576000144676,
    "duration": 1,
    "pid": 2998,
    "index": 43
  },
  {
    "name": "Require(37) node_modules/egg-validate/app/extend/context.js",
    "start": 1576000144676,
    "end": 1576000144676,
    "duration": 0,
    "pid": 2998,
    "index": 44
  },
  {
    "name": "Require(38) node_modules/egg/app/extend/context.js",
    "start": 1576000144676,
    "end": 1576000144676,
    "duration": 0,
    "pid": 2998,
    "index": 45
  },
  {
    "name": "Load extend/helper.js",
    "start": 1576000144677,
    "end": 1576000144684,
    "duration": 7,
    "pid": 2998,
    "index": 46
  },
  {
    "name": "Require(39) node_modules/egg-security/app/extend/helper.js",
    "start": 1576000144677,
    "end": 1576000144683,
    "duration": 6,
    "pid": 2998,
    "index": 47
  },
  {
    "name": "Require(40) node_modules/egg/app/extend/helper.js",
    "start": 1576000144683,
    "end": 1576000144684,
    "duration": 1,
    "pid": 2998,
    "index": 48
  },
  {
    "name": "Load app.js",
    "start": 1576000144684,
    "end": 1576000144704,
    "duration": 20,
    "pid": 2998,
    "index": 49
  },
  {
    "name": "Require(41) node_modules/egg-session/app.js",
    "start": 1576000144684,
    "end": 1576000144684,
    "duration": 0,
    "pid": 2998,
    "index": 50
  },
  {
    "name": "Require(42) node_modules/egg-security/app.js",
    "start": 1576000144685,
    "end": 1576000144685,
    "duration": 0,
    "pid": 2998,
    "index": 51
  },
  {
    "name": "Require(43) node_modules/egg-onerror/app.js",
    "start": 1576000144685,
    "end": 1576000144688,
    "duration": 3,
    "pid": 2998,
    "index": 52
  },
  {
    "name": "Require(44) node_modules/egg-i18n/app.js",
    "start": 1576000144688,
    "end": 1576000144693,
    "duration": 5,
    "pid": 2998,
    "index": 53
  },
  {
    "name": "Require(45) node_modules/egg-watcher/app.js",
    "start": 1576000144693,
    "end": 1576000144694,
    "duration": 1,
    "pid": 2998,
    "index": 54
  },
  {
    "name": "Require(46) node_modules/egg-schedule/app.js",
    "start": 1576000144695,
    "end": 1576000144695,
    "duration": 0,
    "pid": 2998,
    "index": 55
  },
  {
    "name": "Require(47) node_modules/egg-multipart/app.js",
    "start": 1576000144695,
    "end": 1576000144696,
    "duration": 1,
    "pid": 2998,
    "index": 56
  },
  {
    "name": "Require(48) node_modules/egg-development/app.js",
    "start": 1576000144696,
    "end": 1576000144696,
    "duration": 0,
    "pid": 2998,
    "index": 57
  },
  {
    "name": "Require(49) node_modules/egg-logrotator/app.js",
    "start": 1576000144696,
    "end": 1576000144696,
    "duration": 0,
    "pid": 2998,
    "index": 58
  },
  {
    "name": "Require(50) node_modules/egg-static/app.js",
    "start": 1576000144696,
    "end": 1576000144696,
    "duration": 0,
    "pid": 2998,
    "index": 59
  },
  {
    "name": "Require(51) node_modules/egg-view-ejs/app.js",
    "start": 1576000144697,
    "end": 1576000144697,
    "duration": 0,
    "pid": 2998,
    "index": 60
  },
  {
    "name": "Require(52) node_modules/egg-mysql/app.js",
    "start": 1576000144697,
    "end": 1576000144702,
    "duration": 5,
    "pid": 2998,
    "index": 61
  },
  {
    "name": "Require(53) node_modules/egg-validate/app.js",
    "start": 1576000144702,
    "end": 1576000144703,
    "duration": 1,
    "pid": 2998,
    "index": 62
  },
  {
    "name": "Require(54) node_modules/egg-jwt/app.js",
    "start": 1576000144703,
    "end": 1576000144703,
    "duration": 0,
    "pid": 2998,
    "index": 63
  },
  {
    "name": "Before Start in node_modules/egg-watcher/lib/init.js:15:14",
    "start": 1576000144711,
    "end": 1576000144812,
    "duration": 101,
    "pid": 2998,
    "index": 64
  },
  {
    "name": "Before Start in node_modules/egg-mysql/lib/mysql.js:20:7",
    "start": 1576000144757,
    "end": 1576000144815,
    "duration": 58,
    "pid": 2998,
    "index": 65
  },
  {
    "name": "Load Service",
    "start": 1576000144758,
    "end": 1576000144763,
    "duration": 5,
    "pid": 2998,
    "index": 66
  },
  {
    "name": "Load \"service\" to Context",
    "start": 1576000144758,
    "end": 1576000144763,
    "duration": 5,
    "pid": 2998,
    "index": 67
  },
  {
    "name": "Load Middleware",
    "start": 1576000144763,
    "end": 1576000144788,
    "duration": 25,
    "pid": 2998,
    "index": 68
  },
  {
    "name": "Load \"middlewares\" to Application",
    "start": 1576000144763,
    "end": 1576000144783,
    "duration": 20,
    "pid": 2998,
    "index": 69
  },
  {
    "name": "Load Controller",
    "start": 1576000144788,
    "end": 1576000144793,
    "duration": 5,
    "pid": 2998,
    "index": 70
  },
  {
    "name": "Load \"controller\" to Application",
    "start": 1576000144788,
    "end": 1576000144793,
    "duration": 5,
    "pid": 2998,
    "index": 71
  },
  {
    "name": "Load Router",
    "start": 1576000144793,
    "end": 1576000144794,
    "duration": 1,
    "pid": 2998,
    "index": 72
  },
  {
    "name": "Require(55) app/router.js",
    "start": 1576000144793,
    "end": 1576000144793,
    "duration": 0,
    "pid": 2998,
    "index": 73
  },
  {
    "name": "Before Start in node_modules/egg-core/lib/egg.js:303:10",
    "start": 1576000144793,
    "end": 1576000144802,
    "duration": 9,
    "pid": 2998,
    "index": 74
  }
]