[
  {
    "name": "Application Start",
    "start": 1575999585114,
    "end": 1575999585317,
    "duration": 203,
    "pid": 2927,
    "index": 0
  },
  {
    "name": "Load Plugin",
    "start": 1575999585117,
    "end": 1575999585122,
    "duration": 5,
    "pid": 2927,
    "index": 1
  },
  {
    "name": "Load Config",
    "start": 1575999585122,
    "end": 1575999585131,
    "duration": 9,
    "pid": 2927,
    "index": 2
  },
  {
    "name": "Require(0) config/config.default.js",
    "start": 1575999585122,
    "end": 1575999585122,
    "duration": 0,
    "pid": 2927,
    "index": 3
  },
  {
    "name": "Require(1) node_modules/egg-session/config/config.default.js",
    "start": 1575999585123,
    "end": 1575999585123,
    "duration": 0,
    "pid": 2927,
    "index": 4
  },
  {
    "name": "Require(2) node_modules/egg-security/config/config.default.js",
    "start": 1575999585124,
    "end": 1575999585124,
    "duration": 0,
    "pid": 2927,
    "index": 5
  },
  {
    "name": "Require(3) node_modules/egg-jsonp/config/config.default.js",
    "start": 1575999585124,
    "end": 1575999585124,
    "duration": 0,
    "pid": 2927,
    "index": 6
  },
  {
    "name": "Require(4) node_modules/egg-onerror/config/config.default.js",
    "start": 1575999585124,
    "end": 1575999585124,
    "duration": 0,
    "pid": 2927,
    "index": 7
  },
  {
    "name": "Require(5) node_modules/egg-i18n/config/config.default.js",
    "start": 1575999585125,
    "end": 1575999585125,
    "duration": 0,
    "pid": 2927,
    "index": 8
  },
  {
    "name": "Require(6) node_modules/egg-watcher/config/config.default.js",
    "start": 1575999585125,
    "end": 1575999585125,
    "duration": 0,
    "pid": 2927,
    "index": 9
  },
  {
    "name": "Require(7) node_modules/egg-schedule/config/config.default.js",
    "start": 1575999585125,
    "end": 1575999585125,
    "duration": 0,
    "pid": 2927,
    "index": 10
  },
  {
    "name": "Require(8) node_modules/egg-multipart/config/config.default.js",
    "start": 1575999585126,
    "end": 1575999585126,
    "duration": 0,
    "pid": 2927,
    "index": 11
  },
  {
    "name": "Require(9) node_modules/egg-development/config/config.default.js",
    "start": 1575999585126,
    "end": 1575999585126,
    "duration": 0,
    "pid": 2927,
    "index": 12
  },
  {
    "name": "Require(10) node_modules/egg-logrotator/config/config.default.js",
    "start": 1575999585126,
    "end": 1575999585126,
    "duration": 0,
    "pid": 2927,
    "index": 13
  },
  {
    "name": "Require(11) node_modules/egg-static/config/config.default.js",
    "start": 1575999585126,
    "end": 1575999585126,
    "duration": 0,
    "pid": 2927,
    "index": 14
  },
  {
    "name": "Require(12) node_modules/egg-view/config/config.default.js",
    "start": 1575999585127,
    "end": 1575999585127,
    "duration": 0,
    "pid": 2927,
    "index": 15
  },
  {
    "name": "Require(13) node_modules/egg-view-ejs/config/config.default.js",
    "start": 1575999585127,
    "end": 1575999585127,
    "duration": 0,
    "pid": 2927,
    "index": 16
  },
  {
    "name": "Require(14) node_modules/egg-mysql/config/config.default.js",
    "start": 1575999585127,
    "end": 1575999585127,
    "duration": 0,
    "pid": 2927,
    "index": 17
  },
  {
    "name": "Require(15) node_modules/egg-validate/config/config.default.js",
    "start": 1575999585127,
    "end": 1575999585127,
    "duration": 0,
    "pid": 2927,
    "index": 18
  },
  {
    "name": "Require(16) node_modules/egg-jwt/config/config.default.js",
    "start": 1575999585128,
    "end": 1575999585128,
    "duration": 0,
    "pid": 2927,
    "index": 19
  },
  {
    "name": "Require(17) node_modules/egg/config/config.default.js",
    "start": 1575999585128,
    "end": 1575999585128,
    "duration": 0,
    "pid": 2927,
    "index": 20
  },
  {
    "name": "Require(18) config/config.default.js",
    "start": 1575999585130,
    "end": 1575999585130,
    "duration": 0,
    "pid": 2927,
    "index": 21
  },
  {
    "name": "Require(19) node_modules/egg-security/config/config.local.js",
    "start": 1575999585130,
    "end": 1575999585130,
    "duration": 0,
    "pid": 2927,
    "index": 22
  },
  {
    "name": "Require(20) node_modules/egg-watcher/config/config.local.js",
    "start": 1575999585131,
    "end": 1575999585131,
    "duration": 0,
    "pid": 2927,
    "index": 23
  },
  {
    "name": "Require(21) node_modules/egg-view/config/config.local.js",
    "start": 1575999585131,
    "end": 1575999585131,
    "duration": 0,
    "pid": 2927,
    "index": 24
  },
  {
    "name": "Require(22) node_modules/egg-view-ejs/config/config.local.js",
    "start": 1575999585131,
    "end": 1575999585131,
    "duration": 0,
    "pid": 2927,
    "index": 25
  },
  {
    "name": "Require(23) node_modules/egg/config/config.local.js",
    "start": 1575999585131,
    "end": 1575999585131,
    "duration": 0,
    "pid": 2927,
    "index": 26
  },
  {
    "name": "Load extend/application.js",
    "start": 1575999585132,
    "end": 1575999585150,
    "duration": 18,
    "pid": 2927,
    "index": 27
  },
  {
    "name": "Require(24) node_modules/egg-session/app/extend/application.js",
    "start": 1575999585133,
    "end": 1575999585133,
    "duration": 0,
    "pid": 2927,
    "index": 28
  },
  {
    "name": "Require(25) node_modules/egg-security/app/extend/application.js",
    "start": 1575999585133,
    "end": 1575999585133,
    "duration": 0,
    "pid": 2927,
    "index": 29
  },
  {
    "name": "Require(26) node_modules/egg-jsonp/app/extend/application.js",
    "start": 1575999585133,
    "end": 1575999585134,
    "duration": 1,
    "pid": 2927,
    "index": 30
  },
  {
    "name": "Require(27) node_modules/egg-logrotator/app/extend/application.js",
    "start": 1575999585134,
    "end": 1575999585134,
    "duration": 0,
    "pid": 2927,
    "index": 31
  },
  {
    "name": "Require(28) node_modules/egg-view/app/extend/application.js",
    "start": 1575999585134,
    "end": 1575999585135,
    "duration": 1,
    "pid": 2927,
    "index": 32
  },
  {
    "name": "Require(29) node_modules/egg-jwt/app/extend/application.js",
    "start": 1575999585135,
    "end": 1575999585150,
    "duration": 15,
    "pid": 2927,
    "index": 33
  },
  {
    "name": "Load extend/request.js",
    "start": 1575999585150,
    "end": 1575999585152,
    "duration": 2,
    "pid": 2927,
    "index": 34
  },
  {
    "name": "Require(30) node_modules/egg/app/extend/request.js",
    "start": 1575999585151,
    "end": 1575999585151,
    "duration": 0,
    "pid": 2927,
    "index": 35
  },
  {
    "name": "Load extend/response.js",
    "start": 1575999585152,
    "end": 1575999585153,
    "duration": 1,
    "pid": 2927,
    "index": 36
  },
  {
    "name": "Require(31) node_modules/egg/app/extend/response.js",
    "start": 1575999585152,
    "end": 1575999585153,
    "duration": 1,
    "pid": 2927,
    "index": 37
  },
  {
    "name": "Load extend/context.js",
    "start": 1575999585153,
    "end": 1575999585182,
    "duration": 29,
    "pid": 2927,
    "index": 38
  },
  {
    "name": "Require(32) node_modules/egg-security/app/extend/context.js",
    "start": 1575999585153,
    "end": 1575999585156,
    "duration": 3,
    "pid": 2927,
    "index": 39
  },
  {
    "name": "Require(33) node_modules/egg-jsonp/app/extend/context.js",
    "start": 1575999585156,
    "end": 1575999585157,
    "duration": 1,
    "pid": 2927,
    "index": 40
  },
  {
    "name": "Require(34) node_modules/egg-i18n/app/extend/context.js",
    "start": 1575999585157,
    "end": 1575999585157,
    "duration": 0,
    "pid": 2927,
    "index": 41
  },
  {
    "name": "Require(35) node_modules/egg-multipart/app/extend/context.js",
    "start": 1575999585157,
    "end": 1575999585180,
    "duration": 23,
    "pid": 2927,
    "index": 42
  },
  {
    "name": "Require(36) node_modules/egg-view/app/extend/context.js",
    "start": 1575999585180,
    "end": 1575999585181,
    "duration": 1,
    "pid": 2927,
    "index": 43
  },
  {
    "name": "Require(37) node_modules/egg-validate/app/extend/context.js",
    "start": 1575999585181,
    "end": 1575999585181,
    "duration": 0,
    "pid": 2927,
    "index": 44
  },
  {
    "name": "Require(38) node_modules/egg/app/extend/context.js",
    "start": 1575999585181,
    "end": 1575999585182,
    "duration": 1,
    "pid": 2927,
    "index": 45
  },
  {
    "name": "Load extend/helper.js",
    "start": 1575999585182,
    "end": 1575999585189,
    "duration": 7,
    "pid": 2927,
    "index": 46
  },
  {
    "name": "Require(39) node_modules/egg-security/app/extend/helper.js",
    "start": 1575999585182,
    "end": 1575999585188,
    "duration": 6,
    "pid": 2927,
    "index": 47
  },
  {
    "name": "Require(40) node_modules/egg/app/extend/helper.js",
    "start": 1575999585189,
    "end": 1575999585189,
    "duration": 0,
    "pid": 2927,
    "index": 48
  },
  {
    "name": "Load app.js",
    "start": 1575999585190,
    "end": 1575999585208,
    "duration": 18,
    "pid": 2927,
    "index": 49
  },
  {
    "name": "Require(41) node_modules/egg-session/app.js",
    "start": 1575999585190,
    "end": 1575999585190,
    "duration": 0,
    "pid": 2927,
    "index": 50
  },
  {
    "name": "Require(42) node_modules/egg-security/app.js",
    "start": 1575999585190,
    "end": 1575999585190,
    "duration": 0,
    "pid": 2927,
    "index": 51
  },
  {
    "name": "Require(43) node_modules/egg-onerror/app.js",
    "start": 1575999585191,
    "end": 1575999585193,
    "duration": 2,
    "pid": 2927,
    "index": 52
  },
  {
    "name": "Require(44) node_modules/egg-i18n/app.js",
    "start": 1575999585194,
    "end": 1575999585198,
    "duration": 4,
    "pid": 2927,
    "index": 53
  },
  {
    "name": "Require(45) node_modules/egg-watcher/app.js",
    "start": 1575999585198,
    "end": 1575999585199,
    "duration": 1,
    "pid": 2927,
    "index": 54
  },
  {
    "name": "Require(46) node_modules/egg-schedule/app.js",
    "start": 1575999585200,
    "end": 1575999585200,
    "duration": 0,
    "pid": 2927,
    "index": 55
  },
  {
    "name": "Require(47) node_modules/egg-multipart/app.js",
    "start": 1575999585200,
    "end": 1575999585201,
    "duration": 1,
    "pid": 2927,
    "index": 56
  },
  {
    "name": "Require(48) node_modules/egg-development/app.js",
    "start": 1575999585201,
    "end": 1575999585201,
    "duration": 0,
    "pid": 2927,
    "index": 57
  },
  {
    "name": "Require(49) node_modules/egg-logrotator/app.js",
    "start": 1575999585201,
    "end": 1575999585201,
    "duration": 0,
    "pid": 2927,
    "index": 58
  },
  {
    "name": "Require(50) node_modules/egg-static/app.js",
    "start": 1575999585201,
    "end": 1575999585201,
    "duration": 0,
    "pid": 2927,
    "index": 59
  },
  {
    "name": "Require(51) node_modules/egg-view-ejs/app.js",
    "start": 1575999585201,
    "end": 1575999585202,
    "duration": 1,
    "pid": 2927,
    "index": 60
  },
  {
    "name": "Require(52) node_modules/egg-mysql/app.js",
    "start": 1575999585202,
    "end": 1575999585207,
    "duration": 5,
    "pid": 2927,
    "index": 61
  },
  {
    "name": "Require(53) node_modules/egg-validate/app.js",
    "start": 1575999585207,
    "end": 1575999585208,
    "duration": 1,
    "pid": 2927,
    "index": 62
  },
  {
    "name": "Require(54) node_modules/egg-jwt/app.js",
    "start": 1575999585208,
    "end": 1575999585208,
    "duration": 0,
    "pid": 2927,
    "index": 63
  },
  {
    "name": "Before Start in node_modules/egg-watcher/lib/init.js:15:14",
    "start": 1575999585215,
    "end": 1575999585315,
    "duration": 100,
    "pid": 2927,
    "index": 64
  },
  {
    "name": "Before Start in node_modules/egg-mysql/lib/mysql.js:20:7",
    "start": 1575999585260,
    "end": 1575999585316,
    "duration": 56,
    "pid": 2927,
    "index": 65
  },
  {
    "name": "Load Service",
    "start": 1575999585260,
    "end": 1575999585265,
    "duration": 5,
    "pid": 2927,
    "index": 66
  },
  {
    "name": "Load \"service\" to Context",
    "start": 1575999585260,
    "end": 1575999585265,
    "duration": 5,
    "pid": 2927,
    "index": 67
  },
  {
    "name": "Load Middleware",
    "start": 1575999585265,
    "end": 1575999585291,
    "duration": 26,
    "pid": 2927,
    "index": 68
  },
  {
    "name": "Load \"middlewares\" to Application",
    "start": 1575999585265,
    "end": 1575999585286,
    "duration": 21,
    "pid": 2927,
    "index": 69
  },
  {
    "name": "Load Controller",
    "start": 1575999585291,
    "end": 1575999585296,
    "duration": 5,
    "pid": 2927,
    "index": 70
  },
  {
    "name": "Load \"controller\" to Application",
    "start": 1575999585291,
    "end": 1575999585296,
    "duration": 5,
    "pid": 2927,
    "index": 71
  },
  {
    "name": "Load Router",
    "start": 1575999585296,
    "end": 1575999585297,
    "duration": 1,
    "pid": 2927,
    "index": 72
  },
  {
    "name": "Require(55) app/router.js",
    "start": 1575999585296,
    "end": 1575999585296,
    "duration": 0,
    "pid": 2927,
    "index": 73
  },
  {
    "name": "Before Start in node_modules/egg-core/lib/egg.js:303:10",
    "start": 1575999585296,
    "end": 1575999585305,
    "duration": 9,
    "pid": 2927,
    "index": 74
  }
]