[
  {
    "name": "Application Start",
    "start": 1576000540824,
    "end": 1576000541050,
    "duration": 226,
    "pid": 3081,
    "index": 0
  },
  {
    "name": "Load Plugin",
    "start": 1576000540827,
    "end": 1576000540832,
    "duration": 5,
    "pid": 3081,
    "index": 1
  },
  {
    "name": "Load Config",
    "start": 1576000540832,
    "end": 1576000540843,
    "duration": 11,
    "pid": 3081,
    "index": 2
  },
  {
    "name": "Require(0) config/config.default.js",
    "start": 1576000540833,
    "end": 1576000540833,
    "duration": 0,
    "pid": 3081,
    "index": 3
  },
  {
    "name": "Require(1) node_modules/egg-session/config/config.default.js",
    "start": 1576000540834,
    "end": 1576000540834,
    "duration": 0,
    "pid": 3081,
    "index": 4
  },
  {
    "name": "Require(2) node_modules/egg-security/config/config.default.js",
    "start": 1576000540834,
    "end": 1576000540835,
    "duration": 1,
    "pid": 3081,
    "index": 5
  },
  {
    "name": "Require(3) node_modules/egg-jsonp/config/config.default.js",
    "start": 1576000540835,
    "end": 1576000540835,
    "duration": 0,
    "pid": 3081,
    "index": 6
  },
  {
    "name": "Require(4) node_modules/egg-onerror/config/config.default.js",
    "start": 1576000540835,
    "end": 1576000540835,
    "duration": 0,
    "pid": 3081,
    "index": 7
  },
  {
    "name": "Require(5) node_modules/egg-i18n/config/config.default.js",
    "start": 1576000540835,
    "end": 1576000540835,
    "duration": 0,
    "pid": 3081,
    "index": 8
  },
  {
    "name": "Require(6) node_modules/egg-watcher/config/config.default.js",
    "start": 1576000540836,
    "end": 1576000540836,
    "duration": 0,
    "pid": 3081,
    "index": 9
  },
  {
    "name": "Require(7) node_modules/egg-schedule/config/config.default.js",
    "start": 1576000540836,
    "end": 1576000540836,
    "duration": 0,
    "pid": 3081,
    "index": 10
  },
  {
    "name": "Require(8) node_modules/egg-multipart/config/config.default.js",
    "start": 1576000540836,
    "end": 1576000540837,
    "duration": 1,
    "pid": 3081,
    "index": 11
  },
  {
    "name": "Require(9) node_modules/egg-development/config/config.default.js",
    "start": 1576000540837,
    "end": 1576000540837,
    "duration": 0,
    "pid": 3081,
    "index": 12
  },
  {
    "name": "Require(10) node_modules/egg-logrotator/config/config.default.js",
    "start": 1576000540837,
    "end": 1576000540837,
    "duration": 0,
    "pid": 3081,
    "index": 13
  },
  {
    "name": "Require(11) node_modules/egg-static/config/config.default.js",
    "start": 1576000540837,
    "end": 1576000540837,
    "duration": 0,
    "pid": 3081,
    "index": 14
  },
  {
    "name": "Require(12) node_modules/egg-view/config/config.default.js",
    "start": 1576000540838,
    "end": 1576000540838,
    "duration": 0,
    "pid": 3081,
    "index": 15
  },
  {
    "name": "Require(13) node_modules/egg-view-ejs/config/config.default.js",
    "start": 1576000540838,
    "end": 1576000540838,
    "duration": 0,
    "pid": 3081,
    "index": 16
  },
  {
    "name": "Require(14) node_modules/egg-mysql/config/config.default.js",
    "start": 1576000540838,
    "end": 1576000540838,
    "duration": 0,
    "pid": 3081,
    "index": 17
  },
  {
    "name": "Require(15) node_modules/egg-validate/config/config.default.js",
    "start": 1576000540839,
    "end": 1576000540839,
    "duration": 0,
    "pid": 3081,
    "index": 18
  },
  {
    "name": "Require(16) node_modules/egg-jwt/config/config.default.js",
    "start": 1576000540839,
    "end": 1576000540839,
    "duration": 0,
    "pid": 3081,
    "index": 19
  },
  {
    "name": "Require(17) node_modules/egg/config/config.default.js",
    "start": 1576000540839,
    "end": 1576000540839,
    "duration": 0,
    "pid": 3081,
    "index": 20
  },
  {
    "name": "Require(18) config/config.default.js",
    "start": 1576000540841,
    "end": 1576000540841,
    "duration": 0,
    "pid": 3081,
    "index": 21
  },
  {
    "name": "Require(19) node_modules/egg-security/config/config.local.js",
    "start": 1576000540842,
    "end": 1576000540842,
    "duration": 0,
    "pid": 3081,
    "index": 22
  },
  {
    "name": "Require(20) node_modules/egg-watcher/config/config.local.js",
    "start": 1576000540842,
    "end": 1576000540842,
    "duration": 0,
    "pid": 3081,
    "index": 23
  },
  {
    "name": "Require(21) node_modules/egg-view/config/config.local.js",
    "start": 1576000540842,
    "end": 1576000540842,
    "duration": 0,
    "pid": 3081,
    "index": 24
  },
  {
    "name": "Require(22) node_modules/egg-view-ejs/config/config.local.js",
    "start": 1576000540842,
    "end": 1576000540842,
    "duration": 0,
    "pid": 3081,
    "index": 25
  },
  {
    "name": "Require(23) node_modules/egg/config/config.local.js",
    "start": 1576000540843,
    "end": 1576000540843,
    "duration": 0,
    "pid": 3081,
    "index": 26
  },
  {
    "name": "Load extend/application.js",
    "start": 1576000540844,
    "end": 1576000540861,
    "duration": 17,
    "pid": 3081,
    "index": 27
  },
  {
    "name": "Require(24) node_modules/egg-session/app/extend/application.js",
    "start": 1576000540844,
    "end": 1576000540844,
    "duration": 0,
    "pid": 3081,
    "index": 28
  },
  {
    "name": "Require(25) node_modules/egg-security/app/extend/application.js",
    "start": 1576000540844,
    "end": 1576000540845,
    "duration": 1,
    "pid": 3081,
    "index": 29
  },
  {
    "name": "Require(26) node_modules/egg-jsonp/app/extend/application.js",
    "start": 1576000540845,
    "end": 1576000540845,
    "duration": 0,
    "pid": 3081,
    "index": 30
  },
  {
    "name": "Require(27) node_modules/egg-logrotator/app/extend/application.js",
    "start": 1576000540845,
    "end": 1576000540846,
    "duration": 1,
    "pid": 3081,
    "index": 31
  },
  {
    "name": "Require(28) node_modules/egg-view/app/extend/application.js",
    "start": 1576000540846,
    "end": 1576000540846,
    "duration": 0,
    "pid": 3081,
    "index": 32
  },
  {
    "name": "Require(29) node_modules/egg-jwt/app/extend/application.js",
    "start": 1576000540847,
    "end": 1576000540861,
    "duration": 14,
    "pid": 3081,
    "index": 33
  },
  {
    "name": "Load extend/request.js",
    "start": 1576000540862,
    "end": 1576000540863,
    "duration": 1,
    "pid": 3081,
    "index": 34
  },
  {
    "name": "Require(30) node_modules/egg/app/extend/request.js",
    "start": 1576000540862,
    "end": 1576000540862,
    "duration": 0,
    "pid": 3081,
    "index": 35
  },
  {
    "name": "Load extend/response.js",
    "start": 1576000540863,
    "end": 1576000540864,
    "duration": 1,
    "pid": 3081,
    "index": 36
  },
  {
    "name": "Require(31) node_modules/egg/app/extend/response.js",
    "start": 1576000540863,
    "end": 1576000540864,
    "duration": 1,
    "pid": 3081,
    "index": 37
  },
  {
    "name": "Load extend/context.js",
    "start": 1576000540864,
    "end": 1576000540894,
    "duration": 30,
    "pid": 3081,
    "index": 38
  },
  {
    "name": "Require(32) node_modules/egg-security/app/extend/context.js",
    "start": 1576000540864,
    "end": 1576000540867,
    "duration": 3,
    "pid": 3081,
    "index": 39
  },
  {
    "name": "Require(33) node_modules/egg-jsonp/app/extend/context.js",
    "start": 1576000540867,
    "end": 1576000540868,
    "duration": 1,
    "pid": 3081,
    "index": 40
  },
  {
    "name": "Require(34) node_modules/egg-i18n/app/extend/context.js",
    "start": 1576000540868,
    "end": 1576000540868,
    "duration": 0,
    "pid": 3081,
    "index": 41
  },
  {
    "name": "Require(35) node_modules/egg-multipart/app/extend/context.js",
    "start": 1576000540868,
    "end": 1576000540892,
    "duration": 24,
    "pid": 3081,
    "index": 42
  },
  {
    "name": "Require(36) node_modules/egg-view/app/extend/context.js",
    "start": 1576000540892,
    "end": 1576000540892,
    "duration": 0,
    "pid": 3081,
    "index": 43
  },
  {
    "name": "Require(37) node_modules/egg-validate/app/extend/context.js",
    "start": 1576000540892,
    "end": 1576000540893,
    "duration": 1,
    "pid": 3081,
    "index": 44
  },
  {
    "name": "Require(38) node_modules/egg/app/extend/context.js",
    "start": 1576000540893,
    "end": 1576000540893,
    "duration": 0,
    "pid": 3081,
    "index": 45
  },
  {
    "name": "Load extend/helper.js",
    "start": 1576000540894,
    "end": 1576000540901,
    "duration": 7,
    "pid": 3081,
    "index": 46
  },
  {
    "name": "Require(39) node_modules/egg-security/app/extend/helper.js",
    "start": 1576000540894,
    "end": 1576000540900,
    "duration": 6,
    "pid": 3081,
    "index": 47
  },
  {
    "name": "Require(40) node_modules/egg/app/extend/helper.js",
    "start": 1576000540900,
    "end": 1576000540901,
    "duration": 1,
    "pid": 3081,
    "index": 48
  },
  {
    "name": "Load app.js",
    "start": 1576000540901,
    "end": 1576000540922,
    "duration": 21,
    "pid": 3081,
    "index": 49
  },
  {
    "name": "Require(41) node_modules/egg-session/app.js",
    "start": 1576000540902,
    "end": 1576000540902,
    "duration": 0,
    "pid": 3081,
    "index": 50
  },
  {
    "name": "Require(42) node_modules/egg-security/app.js",
    "start": 1576000540902,
    "end": 1576000540902,
    "duration": 0,
    "pid": 3081,
    "index": 51
  },
  {
    "name": "Require(43) node_modules/egg-onerror/app.js",
    "start": 1576000540902,
    "end": 1576000540906,
    "duration": 4,
    "pid": 3081,
    "index": 52
  },
  {
    "name": "Require(44) node_modules/egg-i18n/app.js",
    "start": 1576000540906,
    "end": 1576000540911,
    "duration": 5,
    "pid": 3081,
    "index": 53
  },
  {
    "name": "Require(45) node_modules/egg-watcher/app.js",
    "start": 1576000540911,
    "end": 1576000540912,
    "duration": 1,
    "pid": 3081,
    "index": 54
  },
  {
    "name": "Require(46) node_modules/egg-schedule/app.js",
    "start": 1576000540912,
    "end": 1576000540913,
    "duration": 1,
    "pid": 3081,
    "index": 55
  },
  {
    "name": "Require(47) node_modules/egg-multipart/app.js",
    "start": 1576000540913,
    "end": 1576000540913,
    "duration": 0,
    "pid": 3081,
    "index": 56
  },
  {
    "name": "Require(48) node_modules/egg-development/app.js",
    "start": 1576000540914,
    "end": 1576000540914,
    "duration": 0,
    "pid": 3081,
    "index": 57
  },
  {
    "name": "Require(49) node_modules/egg-logrotator/app.js",
    "start": 1576000540914,
    "end": 1576000540914,
    "duration": 0,
    "pid": 3081,
    "index": 58
  },
  {
    "name": "Require(50) node_modules/egg-static/app.js",
    "start": 1576000540914,
    "end": 1576000540914,
    "duration": 0,
    "pid": 3081,
    "index": 59
  },
  {
    "name": "Require(51) node_modules/egg-view-ejs/app.js",
    "start": 1576000540914,
    "end": 1576000540914,
    "duration": 0,
    "pid": 3081,
    "index": 60
  },
  {
    "name": "Require(52) node_modules/egg-mysql/app.js",
    "start": 1576000540914,
    "end": 1576000540920,
    "duration": 6,
    "pid": 3081,
    "index": 61
  },
  {
    "name": "Require(53) node_modules/egg-validate/app.js",
    "start": 1576000540920,
    "end": 1576000540921,
    "duration": 1,
    "pid": 3081,
    "index": 62
  },
  {
    "name": "Require(54) node_modules/egg-jwt/app.js",
    "start": 1576000540921,
    "end": 1576000540921,
    "duration": 0,
    "pid": 3081,
    "index": 63
  },
  {
    "name": "Before Start in node_modules/egg-watcher/lib/init.js:15:14",
    "start": 1576000540929,
    "end": 1576000541048,
    "duration": 119,
    "pid": 3081,
    "index": 64
  },
  {
    "name": "Before Start in node_modules/egg-mysql/lib/mysql.js:20:7",
    "start": 1576000540981,
    "end": 1576000541050,
    "duration": 69,
    "pid": 3081,
    "index": 65
  },
  {
    "name": "Load Service",
    "start": 1576000540982,
    "end": 1576000540989,
    "duration": 7,
    "pid": 3081,
    "index": 66
  },
  {
    "name": "Load \"service\" to Context",
    "start": 1576000540982,
    "end": 1576000540989,
    "duration": 7,
    "pid": 3081,
    "index": 67
  },
  {
    "name": "Load Middleware",
    "start": 1576000540989,
    "end": 1576000541019,
    "duration": 30,
    "pid": 3081,
    "index": 68
  },
  {
    "name": "Load \"middlewares\" to Application",
    "start": 1576000540989,
    "end": 1576000541013,
    "duration": 24,
    "pid": 3081,
    "index": 69
  },
  {
    "name": "Load Controller",
    "start": 1576000541020,
    "end": 1576000541025,
    "duration": 5,
    "pid": 3081,
    "index": 70
  },
  {
    "name": "Load \"controller\" to Application",
    "start": 1576000541020,
    "end": 1576000541025,
    "duration": 5,
    "pid": 3081,
    "index": 71
  },
  {
    "name": "Load Router",
    "start": 1576000541025,
    "end": 1576000541027,
    "duration": 2,
    "pid": 3081,
    "index": 72
  },
  {
    "name": "Require(55) app/router.js",
    "start": 1576000541025,
    "end": 1576000541025,
    "duration": 0,
    "pid": 3081,
    "index": 73
  },
  {
    "name": "Before Start in node_modules/egg-core/lib/egg.js:303:10",
    "start": 1576000541026,
    "end": 1576000541036,
    "duration": 10,
    "pid": 3081,
    "index": 74
  }
]