[
  {
    "name": "Application Start",
    "start": 1576003506276,
    "end": 1576003506529,
    "duration": 253,
    "pid": 4287,
    "index": 0
  },
  {
    "name": "Load Plugin",
    "start": 1576003506279,
    "end": 1576003506285,
    "duration": 6,
    "pid": 4287,
    "index": 1
  },
  {
    "name": "Load Config",
    "start": 1576003506285,
    "end": 1576003506297,
    "duration": 12,
    "pid": 4287,
    "index": 2
  },
  {
    "name": "Require(0) config/config.default.js",
    "start": 1576003506286,
    "end": 1576003506286,
    "duration": 0,
    "pid": 4287,
    "index": 3
  },
  {
    "name": "Require(1) node_modules/egg-session/config/config.default.js",
    "start": 1576003506287,
    "end": 1576003506287,
    "duration": 0,
    "pid": 4287,
    "index": 4
  },
  {
    "name": "Require(2) node_modules/egg-security/config/config.default.js",
    "start": 1576003506288,
    "end": 1576003506288,
    "duration": 0,
    "pid": 4287,
    "index": 5
  },
  {
    "name": "Require(3) node_modules/egg-jsonp/config/config.default.js",
    "start": 1576003506288,
    "end": 1576003506288,
    "duration": 0,
    "pid": 4287,
    "index": 6
  },
  {
    "name": "Require(4) node_modules/egg-onerror/config/config.default.js",
    "start": 1576003506289,
    "end": 1576003506289,
    "duration": 0,
    "pid": 4287,
    "index": 7
  },
  {
    "name": "Require(5) node_modules/egg-i18n/config/config.default.js",
    "start": 1576003506289,
    "end": 1576003506289,
    "duration": 0,
    "pid": 4287,
    "index": 8
  },
  {
    "name": "Require(6) node_modules/egg-watcher/config/config.default.js",
    "start": 1576003506290,
    "end": 1576003506290,
    "duration": 0,
    "pid": 4287,
    "index": 9
  },
  {
    "name": "Require(7) node_modules/egg-schedule/config/config.default.js",
    "start": 1576003506290,
    "end": 1576003506290,
    "duration": 0,
    "pid": 4287,
    "index": 10
  },
  {
    "name": "Require(8) node_modules/egg-multipart/config/config.default.js",
    "start": 1576003506290,
    "end": 1576003506290,
    "duration": 0,
    "pid": 4287,
    "index": 11
  },
  {
    "name": "Require(9) node_modules/egg-development/config/config.default.js",
    "start": 1576003506291,
    "end": 1576003506291,
    "duration": 0,
    "pid": 4287,
    "index": 12
  },
  {
    "name": "Require(10) node_modules/egg-logrotator/config/config.default.js",
    "start": 1576003506291,
    "end": 1576003506291,
    "duration": 0,
    "pid": 4287,
    "index": 13
  },
  {
    "name": "Require(11) node_modules/egg-static/config/config.default.js",
    "start": 1576003506291,
    "end": 1576003506291,
    "duration": 0,
    "pid": 4287,
    "index": 14
  },
  {
    "name": "Require(12) node_modules/egg-view/config/config.default.js",
    "start": 1576003506291,
    "end": 1576003506292,
    "duration": 1,
    "pid": 4287,
    "index": 15
  },
  {
    "name": "Require(13) node_modules/egg-view-ejs/config/config.default.js",
    "start": 1576003506292,
    "end": 1576003506292,
    "duration": 0,
    "pid": 4287,
    "index": 16
  },
  {
    "name": "Require(14) node_modules/egg-mysql/config/config.default.js",
    "start": 1576003506292,
    "end": 1576003506292,
    "duration": 0,
    "pid": 4287,
    "index": 17
  },
  {
    "name": "Require(15) node_modules/egg-validate/config/config.default.js",
    "start": 1576003506293,
    "end": 1576003506293,
    "duration": 0,
    "pid": 4287,
    "index": 18
  },
  {
    "name": "Require(16) node_modules/egg-jwt/config/config.default.js",
    "start": 1576003506293,
    "end": 1576003506293,
    "duration": 0,
    "pid": 4287,
    "index": 19
  },
  {
    "name": "Require(17) node_modules/egg/config/config.default.js",
    "start": 1576003506293,
    "end": 1576003506295,
    "duration": 2,
    "pid": 4287,
    "index": 20
  },
  {
    "name": "Require(18) config/config.default.js",
    "start": 1576003506295,
    "end": 1576003506295,
    "duration": 0,
    "pid": 4287,
    "index": 21
  },
  {
    "name": "Require(19) node_modules/egg-security/config/config.local.js",
    "start": 1576003506296,
    "end": 1576003506296,
    "duration": 0,
    "pid": 4287,
    "index": 22
  },
  {
    "name": "Require(20) node_modules/egg-watcher/config/config.local.js",
    "start": 1576003506296,
    "end": 1576003506296,
    "duration": 0,
    "pid": 4287,
    "index": 23
  },
  {
    "name": "Require(21) node_modules/egg-view/config/config.local.js",
    "start": 1576003506296,
    "end": 1576003506297,
    "duration": 1,
    "pid": 4287,
    "index": 24
  },
  {
    "name": "Require(22) node_modules/egg-view-ejs/config/config.local.js",
    "start": 1576003506297,
    "end": 1576003506297,
    "duration": 0,
    "pid": 4287,
    "index": 25
  },
  {
    "name": "Require(23) node_modules/egg/config/config.local.js",
    "start": 1576003506297,
    "end": 1576003506297,
    "duration": 0,
    "pid": 4287,
    "index": 26
  },
  {
    "name": "Load extend/application.js",
    "start": 1576003506298,
    "end": 1576003506322,
    "duration": 24,
    "pid": 4287,
    "index": 27
  },
  {
    "name": "Require(24) node_modules/egg-session/app/extend/application.js",
    "start": 1576003506299,
    "end": 1576003506299,
    "duration": 0,
    "pid": 4287,
    "index": 28
  },
  {
    "name": "Require(25) node_modules/egg-security/app/extend/application.js",
    "start": 1576003506299,
    "end": 1576003506299,
    "duration": 0,
    "pid": 4287,
    "index": 29
  },
  {
    "name": "Require(26) node_modules/egg-jsonp/app/extend/application.js",
    "start": 1576003506299,
    "end": 1576003506300,
    "duration": 1,
    "pid": 4287,
    "index": 30
  },
  {
    "name": "Require(27) node_modules/egg-logrotator/app/extend/application.js",
    "start": 1576003506300,
    "end": 1576003506301,
    "duration": 1,
    "pid": 4287,
    "index": 31
  },
  {
    "name": "Require(28) node_modules/egg-view/app/extend/application.js",
    "start": 1576003506301,
    "end": 1576003506301,
    "duration": 0,
    "pid": 4287,
    "index": 32
  },
  {
    "name": "Require(29) node_modules/egg-jwt/app/extend/application.js",
    "start": 1576003506302,
    "end": 1576003506321,
    "duration": 19,
    "pid": 4287,
    "index": 33
  },
  {
    "name": "Load extend/request.js",
    "start": 1576003506322,
    "end": 1576003506324,
    "duration": 2,
    "pid": 4287,
    "index": 34
  },
  {
    "name": "Require(30) node_modules/egg/app/extend/request.js",
    "start": 1576003506323,
    "end": 1576003506323,
    "duration": 0,
    "pid": 4287,
    "index": 35
  },
  {
    "name": "Load extend/response.js",
    "start": 1576003506324,
    "end": 1576003506326,
    "duration": 2,
    "pid": 4287,
    "index": 36
  },
  {
    "name": "Require(31) node_modules/egg/app/extend/response.js",
    "start": 1576003506324,
    "end": 1576003506325,
    "duration": 1,
    "pid": 4287,
    "index": 37
  },
  {
    "name": "Load extend/context.js",
    "start": 1576003506326,
    "end": 1576003506362,
    "duration": 36,
    "pid": 4287,
    "index": 38
  },
  {
    "name": "Require(32) node_modules/egg-security/app/extend/context.js",
    "start": 1576003506326,
    "end": 1576003506330,
    "duration": 4,
    "pid": 4287,
    "index": 39
  },
  {
    "name": "Require(33) node_modules/egg-jsonp/app/extend/context.js",
    "start": 1576003506330,
    "end": 1576003506331,
    "duration": 1,
    "pid": 4287,
    "index": 40
  },
  {
    "name": "Require(34) node_modules/egg-i18n/app/extend/context.js",
    "start": 1576003506331,
    "end": 1576003506331,
    "duration": 0,
    "pid": 4287,
    "index": 41
  },
  {
    "name": "Require(35) node_modules/egg-multipart/app/extend/context.js",
    "start": 1576003506331,
    "end": 1576003506359,
    "duration": 28,
    "pid": 4287,
    "index": 42
  },
  {
    "name": "Require(36) node_modules/egg-view/app/extend/context.js",
    "start": 1576003506360,
    "end": 1576003506360,
    "duration": 0,
    "pid": 4287,
    "index": 43
  },
  {
    "name": "Require(37) node_modules/egg-validate/app/extend/context.js",
    "start": 1576003506360,
    "end": 1576003506361,
    "duration": 1,
    "pid": 4287,
    "index": 44
  },
  {
    "name": "Require(38) node_modules/egg/app/extend/context.js",
    "start": 1576003506361,
    "end": 1576003506361,
    "duration": 0,
    "pid": 4287,
    "index": 45
  },
  {
    "name": "Load extend/helper.js",
    "start": 1576003506362,
    "end": 1576003506371,
    "duration": 9,
    "pid": 4287,
    "index": 46
  },
  {
    "name": "Require(39) node_modules/egg-security/app/extend/helper.js",
    "start": 1576003506362,
    "end": 1576003506370,
    "duration": 8,
    "pid": 4287,
    "index": 47
  },
  {
    "name": "Require(40) node_modules/egg/app/extend/helper.js",
    "start": 1576003506371,
    "end": 1576003506371,
    "duration": 0,
    "pid": 4287,
    "index": 48
  },
  {
    "name": "Load app.js",
    "start": 1576003506372,
    "end": 1576003506395,
    "duration": 23,
    "pid": 4287,
    "index": 49
  },
  {
    "name": "Require(41) node_modules/egg-session/app.js",
    "start": 1576003506372,
    "end": 1576003506372,
    "duration": 0,
    "pid": 4287,
    "index": 50
  },
  {
    "name": "Require(42) node_modules/egg-security/app.js",
    "start": 1576003506372,
    "end": 1576003506372,
    "duration": 0,
    "pid": 4287,
    "index": 51
  },
  {
    "name": "Require(43) node_modules/egg-onerror/app.js",
    "start": 1576003506373,
    "end": 1576003506376,
    "duration": 3,
    "pid": 4287,
    "index": 52
  },
  {
    "name": "Require(44) node_modules/egg-i18n/app.js",
    "start": 1576003506376,
    "end": 1576003506382,
    "duration": 6,
    "pid": 4287,
    "index": 53
  },
  {
    "name": "Require(45) node_modules/egg-watcher/app.js",
    "start": 1576003506382,
    "end": 1576003506383,
    "duration": 1,
    "pid": 4287,
    "index": 54
  },
  {
    "name": "Require(46) node_modules/egg-schedule/app.js",
    "start": 1576003506383,
    "end": 1576003506384,
    "duration": 1,
    "pid": 4287,
    "index": 55
  },
  {
    "name": "Require(47) node_modules/egg-multipart/app.js",
    "start": 1576003506384,
    "end": 1576003506385,
    "duration": 1,
    "pid": 4287,
    "index": 56
  },
  {
    "name": "Require(48) node_modules/egg-development/app.js",
    "start": 1576003506385,
    "end": 1576003506385,
    "duration": 0,
    "pid": 4287,
    "index": 57
  },
  {
    "name": "Require(49) node_modules/egg-logrotator/app.js",
    "start": 1576003506385,
    "end": 1576003506386,
    "duration": 1,
    "pid": 4287,
    "index": 58
  },
  {
    "name": "Require(50) node_modules/egg-static/app.js",
    "start": 1576003506386,
    "end": 1576003506386,
    "duration": 0,
    "pid": 4287,
    "index": 59
  },
  {
    "name": "Require(51) node_modules/egg-view-ejs/app.js",
    "start": 1576003506386,
    "end": 1576003506386,
    "duration": 0,
    "pid": 4287,
    "index": 60
  },
  {
    "name": "Require(52) node_modules/egg-mysql/app.js",
    "start": 1576003506386,
    "end": 1576003506393,
    "duration": 7,
    "pid": 4287,
    "index": 61
  },
  {
    "name": "Require(53) node_modules/egg-validate/app.js",
    "start": 1576003506393,
    "end": 1576003506394,
    "duration": 1,
    "pid": 4287,
    "index": 62
  },
  {
    "name": "Require(54) node_modules/egg-jwt/app.js",
    "start": 1576003506394,
    "end": 1576003506394,
    "duration": 0,
    "pid": 4287,
    "index": 63
  },
  {
    "name": "Before Start in node_modules/egg-watcher/lib/init.js:15:14",
    "start": 1576003506403,
    "end": 1576003506527,
    "duration": 124,
    "pid": 4287,
    "index": 64
  },
  {
    "name": "Before Start in node_modules/egg-mysql/lib/mysql.js:20:7",
    "start": 1576003506456,
    "end": 1576003506528,
    "duration": 72,
    "pid": 4287,
    "index": 65
  },
  {
    "name": "Load Service",
    "start": 1576003506456,
    "end": 1576003506463,
    "duration": 7,
    "pid": 4287,
    "index": 66
  },
  {
    "name": "Load \"service\" to Context",
    "start": 1576003506456,
    "end": 1576003506463,
    "duration": 7,
    "pid": 4287,
    "index": 67
  },
  {
    "name": "Load Middleware",
    "start": 1576003506463,
    "end": 1576003506495,
    "duration": 32,
    "pid": 4287,
    "index": 68
  },
  {
    "name": "Load \"middlewares\" to Application",
    "start": 1576003506463,
    "end": 1576003506489,
    "duration": 26,
    "pid": 4287,
    "index": 69
  },
  {
    "name": "Load Controller",
    "start": 1576003506495,
    "end": 1576003506501,
    "duration": 6,
    "pid": 4287,
    "index": 70
  },
  {
    "name": "Load \"controller\" to Application",
    "start": 1576003506495,
    "end": 1576003506501,
    "duration": 6,
    "pid": 4287,
    "index": 71
  },
  {
    "name": "Load Router",
    "start": 1576003506501,
    "end": 1576003506505,
    "duration": 4,
    "pid": 4287,
    "index": 72
  },
  {
    "name": "Require(55) app/router.js",
    "start": 1576003506501,
    "end": 1576003506501,
    "duration": 0,
    "pid": 4287,
    "index": 73
  },
  {
    "name": "Before Start in node_modules/egg-core/lib/egg.js:303:10",
    "start": 1576003506501,
    "end": 1576003506514,
    "duration": 13,
    "pid": 4287,
    "index": 74
  }
]