[
  {
    "name": "Application Start",
    "start": 1576004144214,
    "end": 1576004144436,
    "duration": 222,
    "pid": 4443,
    "index": 0
  },
  {
    "name": "Load Plugin",
    "start": 1576004144217,
    "end": 1576004144223,
    "duration": 6,
    "pid": 4443,
    "index": 1
  },
  {
    "name": "Load Config",
    "start": 1576004144223,
    "end": 1576004144234,
    "duration": 11,
    "pid": 4443,
    "index": 2
  },
  {
    "name": "Require(0) config/config.default.js",
    "start": 1576004144224,
    "end": 1576004144224,
    "duration": 0,
    "pid": 4443,
    "index": 3
  },
  {
    "name": "Require(1) node_modules/egg-session/config/config.default.js",
    "start": 1576004144225,
    "end": 1576004144225,
    "duration": 0,
    "pid": 4443,
    "index": 4
  },
  {
    "name": "Require(2) node_modules/egg-security/config/config.default.js",
    "start": 1576004144225,
    "end": 1576004144225,
    "duration": 0,
    "pid": 4443,
    "index": 5
  },
  {
    "name": "Require(3) node_modules/egg-jsonp/config/config.default.js",
    "start": 1576004144226,
    "end": 1576004144226,
    "duration": 0,
    "pid": 4443,
    "index": 6
  },
  {
    "name": "Require(4) node_modules/egg-onerror/config/config.default.js",
    "start": 1576004144226,
    "end": 1576004144226,
    "duration": 0,
    "pid": 4443,
    "index": 7
  },
  {
    "name": "Require(5) node_modules/egg-i18n/config/config.default.js",
    "start": 1576004144226,
    "end": 1576004144226,
    "duration": 0,
    "pid": 4443,
    "index": 8
  },
  {
    "name": "Require(6) node_modules/egg-watcher/config/config.default.js",
    "start": 1576004144227,
    "end": 1576004144227,
    "duration": 0,
    "pid": 4443,
    "index": 9
  },
  {
    "name": "Require(7) node_modules/egg-schedule/config/config.default.js",
    "start": 1576004144227,
    "end": 1576004144227,
    "duration": 0,
    "pid": 4443,
    "index": 10
  },
  {
    "name": "Require(8) node_modules/egg-multipart/config/config.default.js",
    "start": 1576004144227,
    "end": 1576004144228,
    "duration": 1,
    "pid": 4443,
    "index": 11
  },
  {
    "name": "Require(9) node_modules/egg-development/config/config.default.js",
    "start": 1576004144228,
    "end": 1576004144228,
    "duration": 0,
    "pid": 4443,
    "index": 12
  },
  {
    "name": "Require(10) node_modules/egg-logrotator/config/config.default.js",
    "start": 1576004144228,
    "end": 1576004144228,
    "duration": 0,
    "pid": 4443,
    "index": 13
  },
  {
    "name": "Require(11) node_modules/egg-static/config/config.default.js",
    "start": 1576004144228,
    "end": 1576004144228,
    "duration": 0,
    "pid": 4443,
    "index": 14
  },
  {
    "name": "Require(12) node_modules/egg-view/config/config.default.js",
    "start": 1576004144229,
    "end": 1576004144229,
    "duration": 0,
    "pid": 4443,
    "index": 15
  },
  {
    "name": "Require(13) node_modules/egg-view-ejs/config/config.default.js",
    "start": 1576004144229,
    "end": 1576004144229,
    "duration": 0,
    "pid": 4443,
    "index": 16
  },
  {
    "name": "Require(14) node_modules/egg-mysql/config/config.default.js",
    "start": 1576004144229,
    "end": 1576004144229,
    "duration": 0,
    "pid": 4443,
    "index": 17
  },
  {
    "name": "Require(15) node_modules/egg-validate/config/config.default.js",
    "start": 1576004144230,
    "end": 1576004144230,
    "duration": 0,
    "pid": 4443,
    "index": 18
  },
  {
    "name": "Require(16) node_modules/egg-jwt/config/config.default.js",
    "start": 1576004144230,
    "end": 1576004144230,
    "duration": 0,
    "pid": 4443,
    "index": 19
  },
  {
    "name": "Require(17) node_modules/egg/config/config.default.js",
    "start": 1576004144230,
    "end": 1576004144230,
    "duration": 0,
    "pid": 4443,
    "index": 20
  },
  {
    "name": "Require(18) config/config.default.js",
    "start": 1576004144232,
    "end": 1576004144232,
    "duration": 0,
    "pid": 4443,
    "index": 21
  },
  {
    "name": "Require(19) node_modules/egg-security/config/config.local.js",
    "start": 1576004144233,
    "end": 1576004144233,
    "duration": 0,
    "pid": 4443,
    "index": 22
  },
  {
    "name": "Require(20) node_modules/egg-watcher/config/config.local.js",
    "start": 1576004144233,
    "end": 1576004144233,
    "duration": 0,
    "pid": 4443,
    "index": 23
  },
  {
    "name": "Require(21) node_modules/egg-view/config/config.local.js",
    "start": 1576004144233,
    "end": 1576004144233,
    "duration": 0,
    "pid": 4443,
    "index": 24
  },
  {
    "name": "Require(22) node_modules/egg-view-ejs/config/config.local.js",
    "start": 1576004144233,
    "end": 1576004144233,
    "duration": 0,
    "pid": 4443,
    "index": 25
  },
  {
    "name": "Require(23) node_modules/egg/config/config.local.js",
    "start": 1576004144234,
    "end": 1576004144234,
    "duration": 0,
    "pid": 4443,
    "index": 26
  },
  {
    "name": "Load extend/application.js",
    "start": 1576004144235,
    "end": 1576004144253,
    "duration": 18,
    "pid": 4443,
    "index": 27
  },
  {
    "name": "Require(24) node_modules/egg-session/app/extend/application.js",
    "start": 1576004144235,
    "end": 1576004144235,
    "duration": 0,
    "pid": 4443,
    "index": 28
  },
  {
    "name": "Require(25) node_modules/egg-security/app/extend/application.js",
    "start": 1576004144235,
    "end": 1576004144236,
    "duration": 1,
    "pid": 4443,
    "index": 29
  },
  {
    "name": "Require(26) node_modules/egg-jsonp/app/extend/application.js",
    "start": 1576004144236,
    "end": 1576004144236,
    "duration": 0,
    "pid": 4443,
    "index": 30
  },
  {
    "name": "Require(27) node_modules/egg-logrotator/app/extend/application.js",
    "start": 1576004144236,
    "end": 1576004144237,
    "duration": 1,
    "pid": 4443,
    "index": 31
  },
  {
    "name": "Require(28) node_modules/egg-view/app/extend/application.js",
    "start": 1576004144237,
    "end": 1576004144237,
    "duration": 0,
    "pid": 4443,
    "index": 32
  },
  {
    "name": "Require(29) node_modules/egg-jwt/app/extend/application.js",
    "start": 1576004144238,
    "end": 1576004144252,
    "duration": 14,
    "pid": 4443,
    "index": 33
  },
  {
    "name": "Load extend/request.js",
    "start": 1576004144253,
    "end": 1576004144254,
    "duration": 1,
    "pid": 4443,
    "index": 34
  },
  {
    "name": "Require(30) node_modules/egg/app/extend/request.js",
    "start": 1576004144253,
    "end": 1576004144254,
    "duration": 1,
    "pid": 4443,
    "index": 35
  },
  {
    "name": "Load extend/response.js",
    "start": 1576004144254,
    "end": 1576004144256,
    "duration": 2,
    "pid": 4443,
    "index": 36
  },
  {
    "name": "Require(31) node_modules/egg/app/extend/response.js",
    "start": 1576004144255,
    "end": 1576004144255,
    "duration": 0,
    "pid": 4443,
    "index": 37
  },
  {
    "name": "Load extend/context.js",
    "start": 1576004144256,
    "end": 1576004144286,
    "duration": 30,
    "pid": 4443,
    "index": 38
  },
  {
    "name": "Require(32) node_modules/egg-security/app/extend/context.js",
    "start": 1576004144256,
    "end": 1576004144259,
    "duration": 3,
    "pid": 4443,
    "index": 39
  },
  {
    "name": "Require(33) node_modules/egg-jsonp/app/extend/context.js",
    "start": 1576004144259,
    "end": 1576004144259,
    "duration": 0,
    "pid": 4443,
    "index": 40
  },
  {
    "name": "Require(34) node_modules/egg-i18n/app/extend/context.js",
    "start": 1576004144260,
    "end": 1576004144260,
    "duration": 0,
    "pid": 4443,
    "index": 41
  },
  {
    "name": "Require(35) node_modules/egg-multipart/app/extend/context.js",
    "start": 1576004144260,
    "end": 1576004144284,
    "duration": 24,
    "pid": 4443,
    "index": 42
  },
  {
    "name": "Require(36) node_modules/egg-view/app/extend/context.js",
    "start": 1576004144284,
    "end": 1576004144285,
    "duration": 1,
    "pid": 4443,
    "index": 43
  },
  {
    "name": "Require(37) node_modules/egg-validate/app/extend/context.js",
    "start": 1576004144285,
    "end": 1576004144285,
    "duration": 0,
    "pid": 4443,
    "index": 44
  },
  {
    "name": "Require(38) node_modules/egg/app/extend/context.js",
    "start": 1576004144285,
    "end": 1576004144286,
    "duration": 1,
    "pid": 4443,
    "index": 45
  },
  {
    "name": "Load extend/helper.js",
    "start": 1576004144286,
    "end": 1576004144294,
    "duration": 8,
    "pid": 4443,
    "index": 46
  },
  {
    "name": "Require(39) node_modules/egg-security/app/extend/helper.js",
    "start": 1576004144287,
    "end": 1576004144293,
    "duration": 6,
    "pid": 4443,
    "index": 47
  },
  {
    "name": "Require(40) node_modules/egg/app/extend/helper.js",
    "start": 1576004144293,
    "end": 1576004144293,
    "duration": 0,
    "pid": 4443,
    "index": 48
  },
  {
    "name": "Load app.js",
    "start": 1576004144294,
    "end": 1576004144315,
    "duration": 21,
    "pid": 4443,
    "index": 49
  },
  {
    "name": "Require(41) node_modules/egg-session/app.js",
    "start": 1576004144295,
    "end": 1576004144295,
    "duration": 0,
    "pid": 4443,
    "index": 50
  },
  {
    "name": "Require(42) node_modules/egg-security/app.js",
    "start": 1576004144295,
    "end": 1576004144295,
    "duration": 0,
    "pid": 4443,
    "index": 51
  },
  {
    "name": "Require(43) node_modules/egg-onerror/app.js",
    "start": 1576004144295,
    "end": 1576004144299,
    "duration": 4,
    "pid": 4443,
    "index": 52
  },
  {
    "name": "Require(44) node_modules/egg-i18n/app.js",
    "start": 1576004144299,
    "end": 1576004144304,
    "duration": 5,
    "pid": 4443,
    "index": 53
  },
  {
    "name": "Require(45) node_modules/egg-watcher/app.js",
    "start": 1576004144304,
    "end": 1576004144305,
    "duration": 1,
    "pid": 4443,
    "index": 54
  },
  {
    "name": "Require(46) node_modules/egg-schedule/app.js",
    "start": 1576004144305,
    "end": 1576004144306,
    "duration": 1,
    "pid": 4443,
    "index": 55
  },
  {
    "name": "Require(47) node_modules/egg-multipart/app.js",
    "start": 1576004144306,
    "end": 1576004144307,
    "duration": 1,
    "pid": 4443,
    "index": 56
  },
  {
    "name": "Require(48) node_modules/egg-development/app.js",
    "start": 1576004144307,
    "end": 1576004144307,
    "duration": 0,
    "pid": 4443,
    "index": 57
  },
  {
    "name": "Require(49) node_modules/egg-logrotator/app.js",
    "start": 1576004144307,
    "end": 1576004144307,
    "duration": 0,
    "pid": 4443,
    "index": 58
  },
  {
    "name": "Require(50) node_modules/egg-static/app.js",
    "start": 1576004144307,
    "end": 1576004144307,
    "duration": 0,
    "pid": 4443,
    "index": 59
  },
  {
    "name": "Require(51) node_modules/egg-view-ejs/app.js",
    "start": 1576004144308,
    "end": 1576004144308,
    "duration": 0,
    "pid": 4443,
    "index": 60
  },
  {
    "name": "Require(52) node_modules/egg-mysql/app.js",
    "start": 1576004144308,
    "end": 1576004144313,
    "duration": 5,
    "pid": 4443,
    "index": 61
  },
  {
    "name": "Require(53) node_modules/egg-validate/app.js",
    "start": 1576004144313,
    "end": 1576004144314,
    "duration": 1,
    "pid": 4443,
    "index": 62
  },
  {
    "name": "Require(54) node_modules/egg-jwt/app.js",
    "start": 1576004144314,
    "end": 1576004144314,
    "duration": 0,
    "pid": 4443,
    "index": 63
  },
  {
    "name": "Before Start in node_modules/egg-watcher/lib/init.js:15:14",
    "start": 1576004144322,
    "end": 1576004144434,
    "duration": 112,
    "pid": 4443,
    "index": 64
  },
  {
    "name": "Before Start in node_modules/egg-mysql/lib/mysql.js:20:7",
    "start": 1576004144372,
    "end": 1576004144435,
    "duration": 63,
    "pid": 4443,
    "index": 65
  },
  {
    "name": "Load Service",
    "start": 1576004144372,
    "end": 1576004144377,
    "duration": 5,
    "pid": 4443,
    "index": 66
  },
  {
    "name": "Load \"service\" to Context",
    "start": 1576004144372,
    "end": 1576004144377,
    "duration": 5,
    "pid": 4443,
    "index": 67
  },
  {
    "name": "Load Middleware",
    "start": 1576004144378,
    "end": 1576004144409,
    "duration": 31,
    "pid": 4443,
    "index": 68
  },
  {
    "name": "Load \"middlewares\" to Application",
    "start": 1576004144378,
    "end": 1576004144403,
    "duration": 25,
    "pid": 4443,
    "index": 69
  },
  {
    "name": "Load Controller",
    "start": 1576004144409,
    "end": 1576004144414,
    "duration": 5,
    "pid": 4443,
    "index": 70
  },
  {
    "name": "Load \"controller\" to Application",
    "start": 1576004144409,
    "end": 1576004144414,
    "duration": 5,
    "pid": 4443,
    "index": 71
  },
  {
    "name": "Load Router",
    "start": 1576004144414,
    "end": 1576004144415,
    "duration": 1,
    "pid": 4443,
    "index": 72
  },
  {
    "name": "Require(55) app/router.js",
    "start": 1576004144414,
    "end": 1576004144414,
    "duration": 0,
    "pid": 4443,
    "index": 73
  },
  {
    "name": "Before Start in node_modules/egg-core/lib/egg.js:303:10",
    "start": 1576004144414,
    "end": 1576004144424,
    "duration": 10,
    "pid": 4443,
    "index": 74
  }
]