[
  {
    "name": "Application Start",
    "start": 1575999504671,
    "end": 1575999504897,
    "duration": 226,
    "pid": 2834,
    "index": 0
  },
  {
    "name": "Load Plugin",
    "start": 1575999504674,
    "end": 1575999504679,
    "duration": 5,
    "pid": 2834,
    "index": 1
  },
  {
    "name": "Load Config",
    "start": 1575999504679,
    "end": 1575999504688,
    "duration": 9,
    "pid": 2834,
    "index": 2
  },
  {
    "name": "Require(0) config/config.default.js",
    "start": 1575999504680,
    "end": 1575999504680,
    "duration": 0,
    "pid": 2834,
    "index": 3
  },
  {
    "name": "Require(1) node_modules/egg-session/config/config.default.js",
    "start": 1575999504681,
    "end": 1575999504681,
    "duration": 0,
    "pid": 2834,
    "index": 4
  },
  {
    "name": "Require(2) node_modules/egg-security/config/config.default.js",
    "start": 1575999504681,
    "end": 1575999504681,
    "duration": 0,
    "pid": 2834,
    "index": 5
  },
  {
    "name": "Require(3) node_modules/egg-jsonp/config/config.default.js",
    "start": 1575999504681,
    "end": 1575999504681,
    "duration": 0,
    "pid": 2834,
    "index": 6
  },
  {
    "name": "Require(4) node_modules/egg-onerror/config/config.default.js",
    "start": 1575999504682,
    "end": 1575999504682,
    "duration": 0,
    "pid": 2834,
    "index": 7
  },
  {
    "name": "Require(5) node_modules/egg-i18n/config/config.default.js",
    "start": 1575999504682,
    "end": 1575999504682,
    "duration": 0,
    "pid": 2834,
    "index": 8
  },
  {
    "name": "Require(6) node_modules/egg-watcher/config/config.default.js",
    "start": 1575999504682,
    "end": 1575999504682,
    "duration": 0,
    "pid": 2834,
    "index": 9
  },
  {
    "name": "Require(7) node_modules/egg-schedule/config/config.default.js",
    "start": 1575999504683,
    "end": 1575999504683,
    "duration": 0,
    "pid": 2834,
    "index": 10
  },
  {
    "name": "Require(8) node_modules/egg-multipart/config/config.default.js",
    "start": 1575999504683,
    "end": 1575999504683,
    "duration": 0,
    "pid": 2834,
    "index": 11
  },
  {
    "name": "Require(9) node_modules/egg-development/config/config.default.js",
    "start": 1575999504683,
    "end": 1575999504683,
    "duration": 0,
    "pid": 2834,
    "index": 12
  },
  {
    "name": "Require(10) node_modules/egg-logrotator/config/config.default.js",
    "start": 1575999504684,
    "end": 1575999504684,
    "duration": 0,
    "pid": 2834,
    "index": 13
  },
  {
    "name": "Require(11) node_modules/egg-static/config/config.default.js",
    "start": 1575999504684,
    "end": 1575999504684,
    "duration": 0,
    "pid": 2834,
    "index": 14
  },
  {
    "name": "Require(12) node_modules/egg-view/config/config.default.js",
    "start": 1575999504684,
    "end": 1575999504684,
    "duration": 0,
    "pid": 2834,
    "index": 15
  },
  {
    "name": "Require(13) node_modules/egg-view-ejs/config/config.default.js",
    "start": 1575999504684,
    "end": 1575999504684,
    "duration": 0,
    "pid": 2834,
    "index": 16
  },
  {
    "name": "Require(14) node_modules/egg-mysql/config/config.default.js",
    "start": 1575999504685,
    "end": 1575999504685,
    "duration": 0,
    "pid": 2834,
    "index": 17
  },
  {
    "name": "Require(15) node_modules/egg-validate/config/config.default.js",
    "start": 1575999504685,
    "end": 1575999504685,
    "duration": 0,
    "pid": 2834,
    "index": 18
  },
  {
    "name": "Require(16) node_modules/egg-jwt/config/config.default.js",
    "start": 1575999504685,
    "end": 1575999504685,
    "duration": 0,
    "pid": 2834,
    "index": 19
  },
  {
    "name": "Require(17) node_modules/egg/config/config.default.js",
    "start": 1575999504685,
    "end": 1575999504686,
    "duration": 1,
    "pid": 2834,
    "index": 20
  },
  {
    "name": "Require(18) config/config.default.js",
    "start": 1575999504686,
    "end": 1575999504686,
    "duration": 0,
    "pid": 2834,
    "index": 21
  },
  {
    "name": "Require(19) node_modules/egg-security/config/config.local.js",
    "start": 1575999504686,
    "end": 1575999504687,
    "duration": 1,
    "pid": 2834,
    "index": 22
  },
  {
    "name": "Require(20) node_modules/egg-watcher/config/config.local.js",
    "start": 1575999504687,
    "end": 1575999504687,
    "duration": 0,
    "pid": 2834,
    "index": 23
  },
  {
    "name": "Require(21) node_modules/egg-view/config/config.local.js",
    "start": 1575999504687,
    "end": 1575999504687,
    "duration": 0,
    "pid": 2834,
    "index": 24
  },
  {
    "name": "Require(22) node_modules/egg-view-ejs/config/config.local.js",
    "start": 1575999504687,
    "end": 1575999504687,
    "duration": 0,
    "pid": 2834,
    "index": 25
  },
  {
    "name": "Require(23) node_modules/egg/config/config.local.js",
    "start": 1575999504688,
    "end": 1575999504688,
    "duration": 0,
    "pid": 2834,
    "index": 26
  },
  {
    "name": "Load extend/application.js",
    "start": 1575999504689,
    "end": 1575999504706,
    "duration": 17,
    "pid": 2834,
    "index": 27
  },
  {
    "name": "Require(24) node_modules/egg-session/app/extend/application.js",
    "start": 1575999504689,
    "end": 1575999504689,
    "duration": 0,
    "pid": 2834,
    "index": 28
  },
  {
    "name": "Require(25) node_modules/egg-security/app/extend/application.js",
    "start": 1575999504689,
    "end": 1575999504690,
    "duration": 1,
    "pid": 2834,
    "index": 29
  },
  {
    "name": "Require(26) node_modules/egg-jsonp/app/extend/application.js",
    "start": 1575999504690,
    "end": 1575999504690,
    "duration": 0,
    "pid": 2834,
    "index": 30
  },
  {
    "name": "Require(27) node_modules/egg-logrotator/app/extend/application.js",
    "start": 1575999504690,
    "end": 1575999504691,
    "duration": 1,
    "pid": 2834,
    "index": 31
  },
  {
    "name": "Require(28) node_modules/egg-view/app/extend/application.js",
    "start": 1575999504691,
    "end": 1575999504691,
    "duration": 0,
    "pid": 2834,
    "index": 32
  },
  {
    "name": "Require(29) node_modules/egg-jwt/app/extend/application.js",
    "start": 1575999504691,
    "end": 1575999504706,
    "duration": 15,
    "pid": 2834,
    "index": 33
  },
  {
    "name": "Load extend/request.js",
    "start": 1575999504706,
    "end": 1575999504708,
    "duration": 2,
    "pid": 2834,
    "index": 34
  },
  {
    "name": "Require(30) node_modules/egg/app/extend/request.js",
    "start": 1575999504707,
    "end": 1575999504707,
    "duration": 0,
    "pid": 2834,
    "index": 35
  },
  {
    "name": "Load extend/response.js",
    "start": 1575999504708,
    "end": 1575999504710,
    "duration": 2,
    "pid": 2834,
    "index": 36
  },
  {
    "name": "Require(31) node_modules/egg/app/extend/response.js",
    "start": 1575999504708,
    "end": 1575999504709,
    "duration": 1,
    "pid": 2834,
    "index": 37
  },
  {
    "name": "Load extend/context.js",
    "start": 1575999504710,
    "end": 1575999504738,
    "duration": 28,
    "pid": 2834,
    "index": 38
  },
  {
    "name": "Require(32) node_modules/egg-security/app/extend/context.js",
    "start": 1575999504710,
    "end": 1575999504713,
    "duration": 3,
    "pid": 2834,
    "index": 39
  },
  {
    "name": "Require(33) node_modules/egg-jsonp/app/extend/context.js",
    "start": 1575999504713,
    "end": 1575999504713,
    "duration": 0,
    "pid": 2834,
    "index": 40
  },
  {
    "name": "Require(34) node_modules/egg-i18n/app/extend/context.js",
    "start": 1575999504713,
    "end": 1575999504713,
    "duration": 0,
    "pid": 2834,
    "index": 41
  },
  {
    "name": "Require(35) node_modules/egg-multipart/app/extend/context.js",
    "start": 1575999504714,
    "end": 1575999504736,
    "duration": 22,
    "pid": 2834,
    "index": 42
  },
  {
    "name": "Require(36) node_modules/egg-view/app/extend/context.js",
    "start": 1575999504736,
    "end": 1575999504736,
    "duration": 0,
    "pid": 2834,
    "index": 43
  },
  {
    "name": "Require(37) node_modules/egg-validate/app/extend/context.js",
    "start": 1575999504736,
    "end": 1575999504736,
    "duration": 0,
    "pid": 2834,
    "index": 44
  },
  {
    "name": "Require(38) node_modules/egg/app/extend/context.js",
    "start": 1575999504737,
    "end": 1575999504737,
    "duration": 0,
    "pid": 2834,
    "index": 45
  },
  {
    "name": "Load extend/helper.js",
    "start": 1575999504738,
    "end": 1575999504745,
    "duration": 7,
    "pid": 2834,
    "index": 46
  },
  {
    "name": "Require(39) node_modules/egg-security/app/extend/helper.js",
    "start": 1575999504738,
    "end": 1575999504744,
    "duration": 6,
    "pid": 2834,
    "index": 47
  },
  {
    "name": "Require(40) node_modules/egg/app/extend/helper.js",
    "start": 1575999504744,
    "end": 1575999504744,
    "duration": 0,
    "pid": 2834,
    "index": 48
  },
  {
    "name": "Load app.js",
    "start": 1575999504745,
    "end": 1575999504768,
    "duration": 23,
    "pid": 2834,
    "index": 49
  },
  {
    "name": "Require(41) node_modules/egg-session/app.js",
    "start": 1575999504745,
    "end": 1575999504745,
    "duration": 0,
    "pid": 2834,
    "index": 50
  },
  {
    "name": "Require(42) node_modules/egg-security/app.js",
    "start": 1575999504745,
    "end": 1575999504746,
    "duration": 1,
    "pid": 2834,
    "index": 51
  },
  {
    "name": "Require(43) node_modules/egg-onerror/app.js",
    "start": 1575999504746,
    "end": 1575999504749,
    "duration": 3,
    "pid": 2834,
    "index": 52
  },
  {
    "name": "Require(44) node_modules/egg-i18n/app.js",
    "start": 1575999504750,
    "end": 1575999504757,
    "duration": 7,
    "pid": 2834,
    "index": 53
  },
  {
    "name": "Require(45) node_modules/egg-watcher/app.js",
    "start": 1575999504757,
    "end": 1575999504758,
    "duration": 1,
    "pid": 2834,
    "index": 54
  },
  {
    "name": "Require(46) node_modules/egg-schedule/app.js",
    "start": 1575999504758,
    "end": 1575999504758,
    "duration": 0,
    "pid": 2834,
    "index": 55
  },
  {
    "name": "Require(47) node_modules/egg-multipart/app.js",
    "start": 1575999504758,
    "end": 1575999504759,
    "duration": 1,
    "pid": 2834,
    "index": 56
  },
  {
    "name": "Require(48) node_modules/egg-development/app.js",
    "start": 1575999504759,
    "end": 1575999504760,
    "duration": 1,
    "pid": 2834,
    "index": 57
  },
  {
    "name": "Require(49) node_modules/egg-logrotator/app.js",
    "start": 1575999504760,
    "end": 1575999504760,
    "duration": 0,
    "pid": 2834,
    "index": 58
  },
  {
    "name": "Require(50) node_modules/egg-static/app.js",
    "start": 1575999504760,
    "end": 1575999504760,
    "duration": 0,
    "pid": 2834,
    "index": 59
  },
  {
    "name": "Require(51) node_modules/egg-view-ejs/app.js",
    "start": 1575999504760,
    "end": 1575999504760,
    "duration": 0,
    "pid": 2834,
    "index": 60
  },
  {
    "name": "Require(52) node_modules/egg-mysql/app.js",
    "start": 1575999504760,
    "end": 1575999504766,
    "duration": 6,
    "pid": 2834,
    "index": 61
  },
  {
    "name": "Require(53) node_modules/egg-validate/app.js",
    "start": 1575999504766,
    "end": 1575999504767,
    "duration": 1,
    "pid": 2834,
    "index": 62
  },
  {
    "name": "Require(54) node_modules/egg-jwt/app.js",
    "start": 1575999504767,
    "end": 1575999504767,
    "duration": 0,
    "pid": 2834,
    "index": 63
  },
  {
    "name": "Before Start in node_modules/egg-watcher/lib/init.js:15:14",
    "start": 1575999504776,
    "end": 1575999504895,
    "duration": 119,
    "pid": 2834,
    "index": 64
  },
  {
    "name": "Before Start in node_modules/egg-mysql/lib/mysql.js:20:7",
    "start": 1575999504830,
    "end": 1575999504896,
    "duration": 66,
    "pid": 2834,
    "index": 65
  },
  {
    "name": "Load Service",
    "start": 1575999504830,
    "end": 1575999504836,
    "duration": 6,
    "pid": 2834,
    "index": 66
  },
  {
    "name": "Load \"service\" to Context",
    "start": 1575999504830,
    "end": 1575999504836,
    "duration": 6,
    "pid": 2834,
    "index": 67
  },
  {
    "name": "Load Middleware",
    "start": 1575999504837,
    "end": 1575999504866,
    "duration": 29,
    "pid": 2834,
    "index": 68
  },
  {
    "name": "Load \"middlewares\" to Application",
    "start": 1575999504837,
    "end": 1575999504861,
    "duration": 24,
    "pid": 2834,
    "index": 69
  },
  {
    "name": "Load Controller",
    "start": 1575999504867,
    "end": 1575999504872,
    "duration": 5,
    "pid": 2834,
    "index": 70
  },
  {
    "name": "Load \"controller\" to Application",
    "start": 1575999504867,
    "end": 1575999504872,
    "duration": 5,
    "pid": 2834,
    "index": 71
  },
  {
    "name": "Load Router",
    "start": 1575999504872,
    "end": 1575999504874,
    "duration": 2,
    "pid": 2834,
    "index": 72
  },
  {
    "name": "Require(55) app/router.js",
    "start": 1575999504872,
    "end": 1575999504872,
    "duration": 0,
    "pid": 2834,
    "index": 73
  },
  {
    "name": "Before Start in node_modules/egg-core/lib/egg.js:303:10",
    "start": 1575999504873,
    "end": 1575999504883,
    "duration": 10,
    "pid": 2834,
    "index": 74
  }
]