[
  {
    "name": null,
    "methods": [
      "HEAD",
      "GET"
    ],
    "paramNames": [],
    "path": "/",
    "regexp": "/^(?:\\/(?=$))?$/",
    "stack": [
      "wrappedController"
    ]
  },
  {
    "name": null,
    "methods": [
      "POST"
    ],
    "paramNames": [],
    "path": "/api/register/block/list",
    "regexp": "/^\\/api\\/register\\/block\\/list(?:\\/(?=$))?$/",
    "stack": [
      "wrappedController"
    ]
  },
  {
    "name": null,
    "methods": [
      "POST"
    ],
    "paramNames": [],
    "path": "/api/register/create",
    "regexp": "/^\\/api\\/register\\/create(?:\\/(?=$))?$/",
    "stack": [
      "wrappedController"
    ]
  },
  {
    "name": null,
    "methods": [
      "POST"
    ],
    "paramNames": [],
    "path": "/api/login",
    "regexp": "/^\\/api\\/login(?:\\/(?=$))?$/",
    "stack": [
      "wrappedController"
    ]
  },
  {
    "name": null,
    "methods": [
      "HEAD",
      "GET"
    ],
    "paramNames": [],
    "path": "/api/jwt/user/info",
    "regexp": "/^\\/api\\/jwt\\/user\\/info(?:\\/(?=$))?$/",
    "stack": [
      "wrappedController"
    ]
  },
  {
    "name": null,
    "methods": [
      "HEAD",
      "GET"
    ],
    "paramNames": [],
    "path": "/api/jwt/hood/resident/list",
    "regexp": "/^\\/api\\/jwt\\/hood\\/resident\\/list(?:\\/(?=$))?$/",
    "stack": [
      "wrappedController"
    ]
  },
  {
    "name": null,
    "methods": [
      "POST"
    ],
    "paramNames": [],
    "path": "/api/jwt/hood/resident/friend/sendRequest",
    "regexp": "/^\\/api\\/jwt\\/hood\\/resident\\/friend\\/sendRequest(?:\\/(?=$))?$/",
    "stack": [
      "wrappedController"
    ]
  },
  {
    "name": null,
    "methods": [
      "POST"
    ],
    "paramNames": [],
    "path": "/api/jwt/hood/resident/neighbor/add",
    "regexp": "/^\\/api\\/jwt\\/hood\\/resident\\/neighbor\\/add(?:\\/(?=$))?$/",
    "stack": [
      "wrappedController"
    ]
  },
  {
    "name": null,
    "methods": [
      "POST"
    ],
    "paramNames": [],
    "path": "/api/jwt/hood/resident/friend/remove",
    "regexp": "/^\\/api\\/jwt\\/hood\\/resident\\/friend\\/remove(?:\\/(?=$))?$/",
    "stack": [
      "wrappedController"
    ]
  },
  {
    "name": null,
    "methods": [
      "POST"
    ],
    "paramNames": [],
    "path": "/api/jwt/hood/resident/neighbor/remove",
    "regexp": "/^\\/api\\/jwt\\/hood\\/resident\\/neighbor\\/remove(?:\\/(?=$))?$/",
    "stack": [
      "wrappedController"
    ]
  },
  {
    "name": null,
    "methods": [
      "HEAD",
      "GET"
    ],
    "paramNames": [],
    "path": "/api/jwt/block/resident/list",
    "regexp": "/^\\/api\\/jwt\\/block\\/resident\\/list(?:\\/(?=$))?$/",
    "stack": [
      "wrappedController"
    ]
  },
  {
    "name": null,
    "methods": [
      "POST"
    ],
    "paramNames": [],
    "path": "/api/jwt/block/resident/friend/sendRequest",
    "regexp": "/^\\/api\\/jwt\\/block\\/resident\\/friend\\/sendRequest(?:\\/(?=$))?$/",
    "stack": [
      "wrappedController"
    ]
  },
  {
    "name": null,
    "methods": [
      "POST"
    ],
    "paramNames": [],
    "path": "/api/jwt/block/resident/neighbor/add",
    "regexp": "/^\\/api\\/jwt\\/block\\/resident\\/neighbor\\/add(?:\\/(?=$))?$/",
    "stack": [
      "wrappedController"
    ]
  },
  {
    "name": null,
    "methods": [
      "POST"
    ],
    "paramNames": [],
    "path": "/api/jwt/block/resident/friend/remove",
    "regexp": "/^\\/api\\/jwt\\/block\\/resident\\/friend\\/remove(?:\\/(?=$))?$/",
    "stack": [
      "wrappedController"
    ]
  },
  {
    "name": null,
    "methods": [
      "POST"
    ],
    "paramNames": [],
    "path": "/api/jwt/block/resident/neighbor/remove",
    "regexp": "/^\\/api\\/jwt\\/block\\/resident\\/neighbor\\/remove(?:\\/(?=$))?$/",
    "stack": [
      "wrappedController"
    ]
  },
  {
    "name": null,
    "methods": [
      "HEAD",
      "GET"
    ],
    "paramNames": [],
    "path": "/api/jwt/block/newresident/list",
    "regexp": "/^\\/api\\/jwt\\/block\\/newresident\\/list(?:\\/(?=$))?$/",
    "stack": [
      "wrappedController"
    ]
  },
  {
    "name": null,
    "methods": [
      "POST"
    ],
    "paramNames": [],
    "path": "/api/jwt/block/newresident/approve",
    "regexp": "/^\\/api\\/jwt\\/block\\/newresident\\/approve(?:\\/(?=$))?$/",
    "stack": [
      "wrappedController"
    ]
  },
  {
    "name": null,
    "methods": [
      "HEAD",
      "GET"
    ],
    "paramNames": [],
    "path": "/api/jwt/forum/topic/list",
    "regexp": "/^\\/api\\/jwt\\/forum\\/topic\\/list(?:\\/(?=$))?$/",
    "stack": [
      "wrappedController"
    ]
  },
  {
    "name": null,
    "methods": [
      "HEAD",
      "GET"
    ],
    "paramNames": [],
    "path": "/api/jwt/forum/topic/thread",
    "regexp": "/^\\/api\\/jwt\\/forum\\/topic\\/thread(?:\\/(?=$))?$/",
    "stack": [
      "wrappedController"
    ]
  },
  {
    "name": null,
    "methods": [
      "HEAD",
      "GET"
    ],
    "paramNames": [],
    "path": "/api/jwt/forum/topic/detail",
    "regexp": "/^\\/api\\/jwt\\/forum\\/topic\\/detail(?:\\/(?=$))?$/",
    "stack": [
      "wrappedController"
    ]
  },
  {
    "name": null,
    "methods": [
      "HEAD",
      "GET"
    ],
    "paramNames": [],
    "path": "/api/jwt/forum/topic/new/friendAndNeighborList",
    "regexp": "/^\\/api\\/jwt\\/forum\\/topic\\/new\\/friendAndNeighborList(?:\\/(?=$))?$/",
    "stack": [
      "wrappedController"
    ]
  },
  {
    "name": null,
    "methods": [
      "POST"
    ],
    "paramNames": [],
    "path": "/api/jwt/forum/topic/new/submit",
    "regexp": "/^\\/api\\/jwt\\/forum\\/topic\\/new\\/submit(?:\\/(?=$))?$/",
    "stack": [
      "wrappedController"
    ]
  },
  {
    "name": null,
    "methods": [
      "HEAD",
      "GET"
    ],
    "paramNames": [],
    "path": "/api/jwt/forum/topic/receiver",
    "regexp": "/^\\/api\\/jwt\\/forum\\/topic\\/receiver(?:\\/(?=$))?$/",
    "stack": [
      "wrappedController"
    ]
  },
  {
    "name": null,
    "methods": [
      "HEAD",
      "GET"
    ],
    "paramNames": [],
    "path": "/api/jwt/forum/thread/detail",
    "regexp": "/^\\/api\\/jwt\\/forum\\/thread\\/detail(?:\\/(?=$))?$/",
    "stack": [
      "wrappedController"
    ]
  },
  {
    "name": null,
    "methods": [
      "POST"
    ],
    "paramNames": [],
    "path": "/api/jwt/forum/thread/new",
    "regexp": "/^\\/api\\/jwt\\/forum\\/thread\\/new(?:\\/(?=$))?$/",
    "stack": [
      "wrappedController"
    ]
  },
  {
    "name": null,
    "methods": [
      "HEAD",
      "GET"
    ],
    "paramNames": [],
    "path": "/api/jwt/forum/thread/unread",
    "regexp": "/^\\/api\\/jwt\\/forum\\/thread\\/unread(?:\\/(?=$))?$/",
    "stack": [
      "wrappedController"
    ]
  },
  {
    "name": null,
    "methods": [
      "POST"
    ],
    "paramNames": [],
    "path": "/api/jwt/forum/message/reply",
    "regexp": "/^\\/api\\/jwt\\/forum\\/message\\/reply(?:\\/(?=$))?$/",
    "stack": [
      "wrappedController"
    ]
  },
  {
    "name": null,
    "methods": [
      "HEAD",
      "GET"
    ],
    "paramNames": [],
    "path": "/api/jwt/relation/friend/list",
    "regexp": "/^\\/api\\/jwt\\/relation\\/friend\\/list(?:\\/(?=$))?$/",
    "stack": [
      "wrappedController"
    ]
  },
  {
    "name": null,
    "methods": [
      "HEAD",
      "GET"
    ],
    "paramNames": [],
    "path": "/api/jwt/relation/friend/potential/list",
    "regexp": "/^\\/api\\/jwt\\/relation\\/friend\\/potential\\/list(?:\\/(?=$))?$/",
    "stack": [
      "wrappedController"
    ]
  },
  {
    "name": null,
    "methods": [
      "HEAD",
      "GET"
    ],
    "paramNames": [],
    "path": "/api/jwt/relation/friend/receive/list",
    "regexp": "/^\\/api\\/jwt\\/relation\\/friend\\/receive\\/list(?:\\/(?=$))?$/",
    "stack": [
      "wrappedController"
    ]
  },
  {
    "name": null,
    "methods": [
      "HEAD",
      "GET"
    ],
    "paramNames": [],
    "path": "/api/jwt/relation/friend/sent/list",
    "regexp": "/^\\/api\\/jwt\\/relation\\/friend\\/sent\\/list(?:\\/(?=$))?$/",
    "stack": [
      "wrappedController"
    ]
  },
  {
    "name": null,
    "methods": [
      "POST"
    ],
    "paramNames": [],
    "path": "/api/jwt/relation/friend/remove",
    "regexp": "/^\\/api\\/jwt\\/relation\\/friend\\/remove(?:\\/(?=$))?$/",
    "stack": [
      "wrappedController"
    ]
  },
  {
    "name": null,
    "methods": [
      "POST"
    ],
    "paramNames": [],
    "path": "/api/jwt/relation/friend/accept",
    "regexp": "/^\\/api\\/jwt\\/relation\\/friend\\/accept(?:\\/(?=$))?$/",
    "stack": [
      "wrappedController"
    ]
  },
  {
    "name": null,
    "methods": [
      "HEAD",
      "GET"
    ],
    "paramNames": [],
    "path": "/api/jwt/relation/neighbor/list",
    "regexp": "/^\\/api\\/jwt\\/relation\\/neighbor\\/list(?:\\/(?=$))?$/",
    "stack": [
      "wrappedController"
    ]
  },
  {
    "name": null,
    "methods": [
      "HEAD",
      "GET"
    ],
    "paramNames": [],
    "path": "/api/jwt/relation/neighbor/potential/list",
    "regexp": "/^\\/api\\/jwt\\/relation\\/neighbor\\/potential\\/list(?:\\/(?=$))?$/",
    "stack": [
      "wrappedController"
    ]
  },
  {
    "name": null,
    "methods": [
      "POST"
    ],
    "paramNames": [],
    "path": "/api/jwt/relation/neighbor/remove",
    "regexp": "/^\\/api\\/jwt\\/relation\\/neighbor\\/remove(?:\\/(?=$))?$/",
    "stack": [
      "wrappedController"
    ]
  },
  {
    "name": null,
    "methods": [
      "POST"
    ],
    "paramNames": [],
    "path": "/api/jwt/relation/neighbor/add",
    "regexp": "/^\\/api\\/jwt\\/relation\\/neighbor\\/add(?:\\/(?=$))?$/",
    "stack": [
      "wrappedController"
    ]
  }
]